0 verbose cli /usr/local/bin/node /usr/local/bin/npm
1 info using npm@9.8.1
2 info using node@v18.18.2
3 timing npm:load:whichnode Completed in 1ms
4 timing config:load:defaults Completed in 1ms
5 timing config:load:file:/usr/local/lib/node_modules/npm/npmrc Completed in 1ms
6 timing config:load:builtin Completed in 1ms
7 timing config:load:cli Completed in 1ms
8 timing config:load:env Completed in 0ms
9 timing config:load:file:/Users/chengfang/Downloads/make money/shopping/.npmrc Completed in 0ms
10 timing config:load:project Completed in 2ms
11 timing config:load:file:/Users/chengfang/.npmrc Completed in 0ms
12 timing config:load:user Completed in 0ms
13 timing config:load:file:/usr/local/etc/npmrc Completed in 0ms
14 timing config:load:global Completed in 0ms
15 timing config:load:setEnvs Completed in 0ms
16 timing config:load Completed in 6ms
17 timing npm:load:configload Completed in 6ms
18 timing config:load:flatten Completed in 2ms
19 timing npm:load:mkdirpcache Completed in 0ms
20 timing npm:load:mkdirplogs Completed in 0ms
21 verbose title npm install @types/nodemailer
22 verbose argv "install" "--save-dev" "@types/nodemailer" "--cache" ".npm-cache"
23 timing npm:load:setTitle Completed in 5ms
24 timing npm:load:display Completed in 1ms
25 verbose logfile logs-max:10 dir:/Users/chengfang/Downloads/make money/shopping/.npm-cache/_logs/2026-01-20T02_29_22_751Z-
26 verbose logfile /Users/chengfang/Downloads/make money/shopping/.npm-cache/_logs/2026-01-20T02_29_22_751Z-debug-0.log
27 timing npm:load:logFile Completed in 4ms
28 timing npm:load:timers Completed in 0ms
29 timing npm:load:configScope Completed in 0ms
30 timing npm:load Completed in 26ms
31 timing arborist:ctor Completed in 1ms
32 timing idealTree:init Completed in 119ms
33 timing idealTree:userRequests Completed in 1ms
34 silly idealTree buildDeps
35 silly fetch manifest @types/nodemailer@*
36 silly logfile done cleaning log files
37 timing arborist:ctor Completed in 1ms
38 http fetch GET 200 https://registry.npmjs.org/@types%2fnodemailer 196ms (cache miss)
39 silly placeDep ROOT @types/nodemailer@7.0.5 OK for: shopping@0.1.0 want: *
40 silly fetch manifest @aws-sdk/client-sesv2@^3.839.0
41 http fetch GET 200 https://registry.npmjs.org/@aws-sdk%2fclient-sesv2 128ms (cache miss)
42 timing idealTree:#root Completed in 336ms
43 timing idealTree:node_modules/@tailwindcss/oxide-wasm32-wasi Completed in 0ms
44 silly placeDep ROOT @aws-sdk/client-sesv2@3.971.0 OK for: @types/nodemailer@7.0.5 want: ^3.839.0
45 silly fetch manifest @aws-crypto/sha256-browser@5.2.0
46 silly fetch manifest @aws-crypto/sha256-js@5.2.0
47 silly fetch manifest @aws-sdk/core@3.970.0
48 silly fetch manifest @aws-sdk/credential-provider-node@3.971.0
49 silly fetch manifest @aws-sdk/middleware-host-header@3.969.0
50 silly fetch manifest @aws-sdk/middleware-logger@3.969.0
51 silly fetch manifest @aws-sdk/middleware-recursion-detection@3.969.0
52 silly fetch manifest @aws-sdk/middleware-user-agent@3.970.0
53 silly fetch manifest @aws-sdk/region-config-resolver@3.969.0
54 silly fetch manifest @aws-sdk/signature-v4-multi-region@3.970.0
55 silly fetch manifest @aws-sdk/types@3.969.0
56 silly fetch manifest @aws-sdk/util-endpoints@3.970.0
57 silly fetch manifest @aws-sdk/util-user-agent-browser@3.969.0
58 silly fetch manifest @aws-sdk/util-user-agent-node@3.971.0
59 silly fetch manifest @smithy/config-resolver@^4.4.6
60 silly fetch manifest @smithy/core@^3.20.6
61 silly fetch manifest @smithy/fetch-http-handler@^5.3.9
62 silly fetch manifest @smithy/hash-node@^4.2.8
63 silly fetch manifest @smithy/invalid-dependency@^4.2.8
64 silly fetch manifest @smithy/middleware-content-length@^4.2.8
65 silly fetch manifest @smithy/middleware-endpoint@^4.4.7
66 silly fetch manifest @smithy/middleware-retry@^4.4.23
67 silly fetch manifest @smithy/middleware-serde@^4.2.9
68 silly fetch manifest @smithy/middleware-stack@^4.2.8
69 silly fetch manifest @smithy/node-config-provider@^4.3.8
70 silly fetch manifest @smithy/node-http-handler@^4.4.8
71 silly fetch manifest @smithy/protocol-http@^5.3.8
72 silly fetch manifest @smithy/smithy-client@^4.10.8
73 silly fetch manifest @smithy/types@^4.12.0
74 silly fetch manifest @smithy/url-parser@^4.2.8
75 silly fetch manifest @smithy/util-base64@^4.3.0
76 silly fetch manifest @smithy/util-body-length-browser@^4.2.0
77 silly fetch manifest @smithy/util-body-length-node@^4.2.1
78 silly fetch manifest @smithy/util-defaults-mode-browser@^4.3.22
79 silly fetch manifest @smithy/util-defaults-mode-node@^4.2.25
80 silly fetch manifest @smithy/util-endpoints@^3.2.8
81 silly fetch manifest @smithy/util-middleware@^4.2.8
82 silly fetch manifest @smithy/util-retry@^4.2.8
83 silly fetch manifest @smithy/util-utf8@^4.2.0
84 http fetch GET 200 https://registry.npmjs.org/@aws-crypto%2fsha256-browser 62ms (cache miss)
85 http fetch GET 200 https://registry.npmjs.org/@smithy%2fcore 113ms (cache miss)
86 http fetch GET 200 https://registry.npmjs.org/@aws-crypto%2fsha256-js 118ms (cache miss)
87 http fetch GET 200 https://registry.npmjs.org/@aws-sdk%2fregion-config-resolver 134ms (cache miss)
88 http fetch GET 200 https://registry.npmjs.org/@smithy%2fconfig-resolver 137ms (cache miss)
89 http fetch GET 200 https://registry.npmjs.org/@aws-sdk%2fcore 148ms (cache miss)
90 http fetch GET 200 https://registry.npmjs.org/@aws-sdk%2fmiddleware-recursion-detection 154ms (cache miss)
91 http fetch GET 200 https://registry.npmjs.org/@aws-sdk%2fsignature-v4-multi-region 158ms (cache miss)
92 http fetch GET 200 https://registry.npmjs.org/@aws-sdk%2futil-endpoints 159ms (cache miss)
93 http fetch GET 200 https://registry.npmjs.org/@aws-sdk%2fmiddleware-host-header 165ms (cache miss)
94 http fetch GET 200 https://registry.npmjs.org/@aws-sdk%2ftypes 165ms (cache miss)
95 http fetch GET 200 https://registry.npmjs.org/@smithy%2ffetch-http-handler 183ms (cache miss)
96 http fetch GET 200 https://registry.npmjs.org/@aws-sdk%2futil-user-agent-browser 185ms (cache miss)
97 http fetch GET 200 https://registry.npmjs.org/@aws-sdk%2fmiddleware-user-agent 190ms (cache miss)
98 http fetch GET 200 https://registry.npmjs.org/@aws-sdk%2futil-user-agent-node 194ms (cache miss)
99 http fetch GET 200 https://registry.npmjs.org/@smithy%2finvalid-dependency 196ms (cache miss)
100 http fetch GET 200 https://registry.npmjs.org/@smithy%2fhash-node 196ms (cache miss)
101 http fetch GET 200 https://registry.npmjs.org/@aws-sdk%2fcredential-provider-node 202ms (cache miss)
102 http fetch GET 200 https://registry.npmjs.org/@smithy%2fmiddleware-content-length 205ms (cache miss)
103 http fetch GET 200 https://registry.npmjs.org/@smithy%2fmiddleware-endpoint 207ms (cache miss)
104 http fetch GET 200 https://registry.npmjs.org/@smithy%2fnode-config-provider 213ms (cache miss)
105 http fetch GET 200 https://registry.npmjs.org/@smithy%2fmiddleware-serde 216ms (cache miss)
106 http fetch GET 200 https://registry.npmjs.org/@smithy%2fnode-http-handler 215ms (cache miss)
107 http fetch GET 200 https://registry.npmjs.org/@smithy%2fmiddleware-stack 218ms (cache miss)
108 http fetch GET 200 https://registry.npmjs.org/@smithy%2fmiddleware-retry 219ms (cache miss)
109 http fetch GET 200 https://registry.npmjs.org/@smithy%2fprotocol-http 230ms (cache miss)
110 http fetch GET 200 https://registry.npmjs.org/@smithy%2fsmithy-client 237ms (cache miss)
111 http fetch GET 200 https://registry.npmjs.org/@smithy%2futil-base64 236ms (cache miss)
112 http fetch GET 200 https://registry.npmjs.org/@smithy%2ftypes 237ms (cache miss)
113 http fetch GET 200 https://registry.npmjs.org/@aws-sdk%2fmiddleware-logger 243ms (cache miss)
114 http fetch GET 200 https://registry.npmjs.org/@smithy%2futil-body-length-browser 243ms (cache miss)
115 http fetch GET 200 https://registry.npmjs.org/@smithy%2futil-defaults-mode-node 253ms (cache miss)
116 http fetch GET 200 https://registry.npmjs.org/@smithy%2futil-utf8 271ms (cache miss)
117 http fetch GET 200 https://registry.npmjs.org/@smithy%2futil-middleware 273ms (cache miss)
118 http fetch GET 200 https://registry.npmjs.org/@smithy%2furl-parser 276ms (cache miss)
119 http fetch GET 200 https://registry.npmjs.org/@smithy%2futil-defaults-mode-browser 276ms (cache miss)
120 http fetch GET 200 https://registry.npmjs.org/@smithy%2futil-retry 321ms (cache miss)
121 http fetch GET 200 https://registry.npmjs.org/@smithy%2futil-body-length-node 349ms (cache miss)
122 http fetch GET 200 https://registry.npmjs.org/@smithy%2futil-endpoints 350ms (cache miss)
123 timing idealTree:node_modules/@types/nodemailer Completed in 359ms
124 silly fetch manifest aws-crt@>=1.0.0
125 http fetch GET 200 https://registry.npmjs.org/aws-crt 72ms (cache miss)
126 silly placeDep ROOT @aws-crypto/sha256-browser@5.2.0 OK for: @aws-sdk/client-sesv2@3.971.0 want: 5.2.0
127 silly fetch manifest @aws-sdk/types@^3.222.0
128 silly fetch manifest @aws-crypto/util@^5.2.0
129 silly fetch manifest @smithy/util-utf8@^2.0.0
130 silly fetch manifest @aws-crypto/sha256-js@^5.2.0
131 silly fetch manifest @aws-sdk/util-locate-window@^3.0.0
132 silly fetch manifest @aws-crypto/supports-web-crypto@^5.2.0
133 silly placeDep ROOT @aws-crypto/sha256-js@5.2.0 OK for: @aws-sdk/client-sesv2@3.971.0 want: 5.2.0
134 silly placeDep ROOT @aws-sdk/core@3.970.0 OK for: @aws-sdk/client-sesv2@3.971.0 want: 3.970.0
135 silly fetch manifest @aws-sdk/xml-builder@3.969.0
136 silly fetch manifest @smithy/property-provider@^4.2.8
137 silly fetch manifest @smithy/signature-v4@^5.3.8
138 silly placeDep ROOT @aws-sdk/credential-provider-node@3.971.0 OK for: @aws-sdk/client-sesv2@3.971.0 want: 3.971.0
139 silly fetch manifest @aws-sdk/credential-provider-env@3.970.0
140 silly fetch manifest @aws-sdk/credential-provider-http@3.970.0
141 silly fetch manifest @aws-sdk/credential-provider-ini@3.971.0
142 silly fetch manifest @aws-sdk/credential-provider-process@3.970.0
143 silly fetch manifest @aws-sdk/credential-provider-sso@3.971.0
144 silly fetch manifest @aws-sdk/credential-provider-web-identity@3.971.0
145 silly fetch manifest @smithy/credential-provider-imds@^4.2.8
146 silly fetch manifest @smithy/shared-ini-file-loader@^4.4.3
147 silly placeDep ROOT @aws-sdk/middleware-host-header@3.969.0 OK for: @aws-sdk/client-sesv2@3.971.0 want: 3.969.0
148 silly placeDep ROOT @aws-sdk/middleware-logger@3.969.0 OK for: @aws-sdk/client-sesv2@3.971.0 want: 3.969.0
149 silly placeDep ROOT @aws-sdk/middleware-recursion-detection@3.969.0 OK for: @aws-sdk/client-sesv2@3.971.0 want: 3.969.0
150 silly fetch manifest @aws/lambda-invoke-store@^0.2.2
151 silly placeDep ROOT @aws-sdk/middleware-user-agent@3.970.0 OK for: @aws-sdk/client-sesv2@3.971.0 want: 3.970.0
152 silly placeDep ROOT @aws-sdk/region-config-resolver@3.969.0 OK for: @aws-sdk/client-sesv2@3.971.0 want: 3.969.0
153 silly placeDep ROOT @aws-sdk/signature-v4-multi-region@3.970.0 OK for: @aws-sdk/client-sesv2@3.971.0 want: 3.970.0
154 silly fetch manifest @aws-sdk/middleware-sdk-s3@3.970.0
155 silly placeDep ROOT @aws-sdk/types@3.969.0 OK for: @aws-sdk/client-sesv2@3.971.0 want: 3.969.0
156 silly placeDep ROOT @aws-sdk/util-endpoints@3.970.0 OK for: @aws-sdk/client-sesv2@3.971.0 want: 3.970.0
157 silly placeDep ROOT @aws-sdk/util-user-agent-browser@3.969.0 OK for: @aws-sdk/client-sesv2@3.971.0 want: 3.969.0
158 silly fetch manifest bowser@^2.11.0
159 silly placeDep ROOT @aws-sdk/util-user-agent-node@3.971.0 OK for: @aws-sdk/client-sesv2@3.971.0 want: 3.971.0
160 silly placeDep ROOT @smithy/config-resolver@4.4.6 OK for: @aws-sdk/client-sesv2@3.971.0 want: ^4.4.6
161 silly fetch manifest @smithy/util-config-provider@^4.2.0
162 silly placeDep ROOT @smithy/core@3.20.7 OK for: @aws-sdk/client-sesv2@3.971.0 want: ^3.20.6
163 silly fetch manifest @smithy/util-stream@^4.5.10
164 silly fetch manifest @smithy/uuid@^1.1.0
165 silly placeDep ROOT @smithy/fetch-http-handler@5.3.9 OK for: @aws-sdk/client-sesv2@3.971.0 want: ^5.3.9
166 silly fetch manifest @smithy/querystring-builder@^4.2.8
167 silly placeDep ROOT @smithy/hash-node@4.2.8 OK for: @aws-sdk/client-sesv2@3.971.0 want: ^4.2.8
168 silly fetch manifest @smithy/util-buffer-from@^4.2.0
169 silly placeDep ROOT @smithy/invalid-dependency@4.2.8 OK for: @aws-sdk/client-sesv2@3.971.0 want: ^4.2.8
170 silly placeDep ROOT @smithy/middleware-content-length@4.2.8 OK for: @aws-sdk/client-sesv2@3.971.0 want: ^4.2.8
171 silly placeDep ROOT @smithy/middleware-endpoint@4.4.8 OK for: @aws-sdk/client-sesv2@3.971.0 want: ^4.4.7
172 silly placeDep ROOT @smithy/middleware-retry@4.4.24 OK for: @aws-sdk/client-sesv2@3.971.0 want: ^4.4.23
173 silly fetch manifest @smithy/service-error-classification@^4.2.8
174 silly fetch manifest @smithy/smithy-client@^4.10.9
175 silly placeDep ROOT @smithy/middleware-serde@4.2.9 OK for: @aws-sdk/client-sesv2@3.971.0 want: ^4.2.9
176 silly placeDep ROOT @smithy/middleware-stack@4.2.8 OK for: @aws-sdk/client-sesv2@3.971.0 want: ^4.2.8
177 silly placeDep ROOT @smithy/node-config-provider@4.3.8 OK for: @aws-sdk/client-sesv2@3.971.0 want: ^4.3.8
178 silly placeDep ROOT @smithy/node-http-handler@4.4.8 OK for: @aws-sdk/client-sesv2@3.971.0 want: ^4.4.8
179 silly fetch manifest @smithy/abort-controller@^4.2.8
180 silly placeDep ROOT @smithy/protocol-http@5.3.8 OK for: @aws-sdk/client-sesv2@3.971.0 want: ^5.3.8
181 silly placeDep ROOT @smithy/smithy-client@4.10.9 OK for: @aws-sdk/client-sesv2@3.971.0 want: ^4.10.8
182 silly placeDep ROOT @smithy/types@4.12.0 OK for: @aws-sdk/client-sesv2@3.971.0 want: ^4.12.0
183 silly placeDep ROOT @smithy/url-parser@4.2.8 OK for: @aws-sdk/client-sesv2@3.971.0 want: ^4.2.8
184 silly fetch manifest @smithy/querystring-parser@^4.2.8
185 silly placeDep ROOT @smithy/util-base64@4.3.0 OK for: @aws-sdk/client-sesv2@3.971.0 want: ^4.3.0
186 silly placeDep ROOT @smithy/util-body-length-browser@4.2.0 OK for: @aws-sdk/client-sesv2@3.971.0 want: ^4.2.0
187 silly placeDep ROOT @smithy/util-body-length-node@4.2.1 OK for: @aws-sdk/client-sesv2@3.971.0 want: ^4.2.1
188 silly placeDep ROOT @smithy/util-defaults-mode-browser@4.3.23 OK for: @aws-sdk/client-sesv2@3.971.0 want: ^4.3.22
189 silly placeDep ROOT @smithy/util-defaults-mode-node@4.2.26 OK for: @aws-sdk/client-sesv2@3.971.0 want: ^4.2.25
190 silly placeDep ROOT @smithy/util-endpoints@3.2.8 OK for: @aws-sdk/client-sesv2@3.971.0 want: ^3.2.8
191 silly placeDep ROOT @smithy/util-middleware@4.2.8 OK for: @aws-sdk/client-sesv2@3.971.0 want: ^4.2.8
192 silly placeDep ROOT @smithy/util-retry@4.2.8 OK for: @aws-sdk/client-sesv2@3.971.0 want: ^4.2.8
193 silly placeDep ROOT @smithy/util-utf8@4.2.0 OK for: @aws-sdk/client-sesv2@3.971.0 want: ^4.2.0
194 http fetch GET 200 https://registry.npmjs.org/@aws-crypto%2futil 136ms (cache miss)
195 http fetch GET 200 https://registry.npmjs.org/@smithy%2fsignature-v4 122ms (cache miss)
196 http fetch GET 200 https://registry.npmjs.org/@smithy%2fshared-ini-file-loader 116ms (cache miss)
197 http fetch GET 200 https://registry.npmjs.org/@aws%2flambda-invoke-store 108ms (cache miss)
198 http fetch GET 200 https://registry.npmjs.org/@aws-sdk%2fcredential-provider-http 126ms (cache miss)
199 http fetch GET 200 https://registry.npmjs.org/@aws-sdk%2fxml-builder 154ms (cache miss)
200 http fetch GET 200 https://registry.npmjs.org/@smithy%2fproperty-provider 163ms (cache miss)
201 http fetch GET 200 https://registry.npmjs.org/@aws-crypto%2fsupports-web-crypto 173ms (cache miss)
202 http fetch GET 200 https://registry.npmjs.org/@aws-sdk%2fcredential-provider-env 164ms (cache miss)
203 http fetch GET 200 https://registry.npmjs.org/bowser 139ms (cache miss)
204 http fetch GET 200 https://registry.npmjs.org/@aws-sdk%2futil-locate-window 183ms (cache miss)
205 http fetch GET 200 https://registry.npmjs.org/@aws-sdk%2fcredential-provider-process 159ms (cache miss)
206 http fetch GET 200 https://registry.npmjs.org/@aws-sdk%2fcredential-provider-sso 163ms (cache miss)
207 http fetch GET 200 https://registry.npmjs.org/@smithy%2futil-config-provider 143ms (cache miss)
208 http fetch GET 200 https://registry.npmjs.org/@aws-sdk%2fcredential-provider-web-identity 174ms (cache miss)
209 http fetch GET 200 https://registry.npmjs.org/@aws-sdk%2fmiddleware-sdk-s3 164ms (cache miss)
210 http fetch GET 200 https://registry.npmjs.org/@smithy%2fcredential-provider-imds 178ms (cache miss)
211 http fetch GET 200 https://registry.npmjs.org/@aws-sdk%2fcredential-provider-ini 185ms (cache miss)
212 http fetch GET 200 https://registry.npmjs.org/@smithy%2fquerystring-builder 178ms (cache miss)
213 http fetch GET 200 https://registry.npmjs.org/@smithy%2futil-buffer-from 177ms (cache miss)
214 http fetch GET 200 https://registry.npmjs.org/@smithy%2fabort-controller 164ms (cache miss)
215 http fetch GET 200 https://registry.npmjs.org/@smithy%2futil-stream 182ms (cache miss)
216 http fetch GET 200 https://registry.npmjs.org/@smithy%2fquerystring-parser 162ms (cache miss)
217 http fetch GET 200 https://registry.npmjs.org/@smithy%2fservice-error-classification 179ms (cache miss)
218 http fetch GET 200 https://registry.npmjs.org/@smithy%2fuuid 230ms (cache miss)
219 timing idealTree:node_modules/@aws-sdk/client-sesv2 Completed in 424ms
220 silly placeDep ROOT @aws-crypto/supports-web-crypto@5.2.0 OK for: @aws-crypto/sha256-browser@5.2.0 want: ^5.2.0
221 silly placeDep ROOT @aws-crypto/util@5.2.0 OK for: @aws-crypto/sha256-browser@5.2.0 want: ^5.2.0
222 silly placeDep ROOT @aws-sdk/util-locate-window@3.965.2 OK for: @aws-crypto/sha256-browser@5.2.0 want: ^3.0.0
223 silly placeDep node_modules/@aws-crypto/sha256-browser @smithy/util-utf8@2.3.0 OK for: @aws-crypto/sha256-browser@5.2.0 want: ^2.0.0
224 silly fetch manifest @smithy/util-buffer-from@^2.2.0
225 timing idealTree:node_modules/@aws-crypto/sha256-browser Completed in 2ms
226 timing idealTree:node_modules/@aws-crypto/sha256-js Completed in 0ms
227 timing idealTree:node_modules/@aws-crypto/supports-web-crypto Completed in 0ms
228 silly placeDep node_modules/@aws-crypto/util @smithy/util-utf8@2.3.0 OK for: @aws-crypto/util@5.2.0 want: ^2.0.0
229 timing idealTree:node_modules/@aws-crypto/util Completed in 0ms
230 silly placeDep ROOT @aws-sdk/xml-builder@3.969.0 OK for: @aws-sdk/core@3.970.0 want: 3.969.0
231 silly fetch manifest fast-xml-parser@5.2.5
232 silly placeDep ROOT @smithy/property-provider@4.2.8 OK for: @aws-sdk/core@3.970.0 want: ^4.2.8
233 silly placeDep ROOT @smithy/signature-v4@5.3.8 OK for: @aws-sdk/core@3.970.0 want: ^5.3.8
234 silly fetch manifest @smithy/is-array-buffer@^4.2.0
235 silly fetch manifest @smithy/util-hex-encoding@^4.2.0
236 silly fetch manifest @smithy/util-uri-escape@^4.2.0
237 http fetch GET 200 https://registry.npmjs.org/fast-xml-parser 52ms (cache miss)
238 http fetch GET 200 https://registry.npmjs.org/@smithy%2futil-uri-escape 63ms (cache miss)
239 http fetch GET 200 https://registry.npmjs.org/@smithy%2futil-hex-encoding 123ms (cache miss)
240 http fetch GET 200 https://registry.npmjs.org/@smithy%2fis-array-buffer 124ms (cache miss)
241 timing idealTree:node_modules/@aws-sdk/core Completed in 126ms
242 silly placeDep ROOT @aws-sdk/credential-provider-env@3.970.0 OK for: @aws-sdk/credential-provider-node@3.971.0 want: 3.970.0
243 silly placeDep ROOT @aws-sdk/credential-provider-http@3.970.0 OK for: @aws-sdk/credential-provider-node@3.971.0 want: 3.970.0
244 silly placeDep ROOT @aws-sdk/credential-provider-ini@3.971.0 OK for: @aws-sdk/credential-provider-node@3.971.0 want: 3.971.0
245 silly fetch manifest @aws-sdk/credential-provider-login@3.971.0
246 silly fetch manifest @aws-sdk/nested-clients@3.971.0
247 silly placeDep ROOT @aws-sdk/credential-provider-process@3.970.0 OK for: @aws-sdk/credential-provider-node@3.971.0 want: 3.970.0
248 silly placeDep ROOT @aws-sdk/credential-provider-sso@3.971.0 OK for: @aws-sdk/credential-provider-node@3.971.0 want: 3.971.0
249 silly fetch manifest @aws-sdk/client-sso@3.971.0
250 silly fetch manifest @aws-sdk/token-providers@3.971.0
251 silly placeDep ROOT @aws-sdk/credential-provider-web-identity@3.971.0 OK for: @aws-sdk/credential-provider-node@3.971.0 want: 3.971.0
252 silly placeDep ROOT @smithy/credential-provider-imds@4.2.8 OK for: @aws-sdk/credential-provider-node@3.971.0 want: ^4.2.8
253 silly placeDep ROOT @smithy/shared-ini-file-loader@4.4.3 OK for: @aws-sdk/credential-provider-node@3.971.0 want: ^4.4.3
254 http fetch GET 200 https://registry.npmjs.org/@aws-sdk%2fcredential-provider-login 97ms (cache miss)
255 http fetch GET 200 https://registry.npmjs.org/@aws-sdk%2fnested-clients 105ms (cache miss)
256 http fetch GET 200 https://registry.npmjs.org/@aws-sdk%2ftoken-providers 132ms (cache miss)
257 http fetch GET 200 https://registry.npmjs.org/@aws-sdk%2fclient-sso 162ms (cache miss)
258 timing idealTree:node_modules/@aws-sdk/credential-provider-node Completed in 181ms
259 timing idealTree:node_modules/@aws-sdk/credential-provider-env Completed in 0ms
260 silly placeDep ROOT @smithy/util-stream@4.5.10 OK for: @aws-sdk/credential-provider-http@3.970.0 want: ^4.5.10
261 timing idealTree:node_modules/@aws-sdk/credential-provider-http Completed in 2ms
262 silly placeDep ROOT @aws-sdk/credential-provider-login@3.971.0 OK for: @aws-sdk/credential-provider-ini@3.971.0 want: 3.971.0
263 silly placeDep ROOT @aws-sdk/nested-clients@3.971.0 OK for: @aws-sdk/credential-provider-ini@3.971.0 want: 3.971.0
264 timing idealTree:node_modules/@aws-sdk/credential-provider-ini Completed in 3ms
265 timing idealTree:node_modules/@aws-sdk/credential-provider-login Completed in 0ms
266 timing idealTree:node_modules/@aws-sdk/credential-provider-process Completed in 0ms
267 silly placeDep ROOT @aws-sdk/client-sso@3.971.0 OK for: @aws-sdk/credential-provider-sso@3.971.0 want: 3.971.0
268 silly placeDep ROOT @aws-sdk/token-providers@3.971.0 OK for: @aws-sdk/credential-provider-sso@3.971.0 want: 3.971.0
269 timing idealTree:node_modules/@aws-sdk/credential-provider-sso Completed in 15ms
270 timing idealTree:node_modules/@aws-sdk/client-sso Completed in 0ms
271 timing idealTree:node_modules/@aws-sdk/credential-provider-web-identity Completed in 0ms
272 timing idealTree:node_modules/@aws-sdk/middleware-host-header Completed in 0ms
273 timing idealTree:node_modules/@aws-sdk/middleware-logger Completed in 0ms
274 silly placeDep ROOT @aws/lambda-invoke-store@0.2.3 OK for: @aws-sdk/middleware-recursion-detection@3.969.0 want: ^0.2.2
275 timing idealTree:node_modules/@aws-sdk/middleware-recursion-detection Completed in 1ms
276 timing idealTree:node_modules/@aws-sdk/middleware-user-agent Completed in 0ms
277 timing idealTree:node_modules/@aws-sdk/nested-clients Completed in 0ms
278 timing idealTree:node_modules/@aws-sdk/region-config-resolver Completed in 0ms
279 silly placeDep ROOT @aws-sdk/middleware-sdk-s3@3.970.0 OK for: @aws-sdk/signature-v4-multi-region@3.970.0 want: 3.970.0
280 silly fetch manifest @aws-sdk/util-arn-parser@3.968.0
281 http fetch GET 200 https://registry.npmjs.org/@aws-sdk%2futil-arn-parser 93ms (cache miss)
282 timing idealTree:node_modules/@aws-sdk/signature-v4-multi-region Completed in 97ms
283 silly placeDep ROOT @aws-sdk/util-arn-parser@3.968.0 OK for: @aws-sdk/middleware-sdk-s3@3.970.0 want: 3.968.0
284 silly placeDep ROOT @smithy/util-config-provider@4.2.0 OK for: @aws-sdk/middleware-sdk-s3@3.970.0 want: ^4.2.0
285 timing idealTree:node_modules/@aws-sdk/middleware-sdk-s3 Completed in 9ms
286 timing idealTree:node_modules/@aws-sdk/token-providers Completed in 0ms
287 timing idealTree:node_modules/@aws-sdk/types Completed in 0ms
288 timing idealTree:node_modules/@aws-sdk/util-arn-parser Completed in 0ms
289 timing idealTree:node_modules/@aws-sdk/util-endpoints Completed in 0ms
290 timing idealTree:node_modules/@aws-sdk/util-locate-window Completed in 0ms
291 silly placeDep ROOT bowser@2.13.1 OK for: @aws-sdk/util-user-agent-browser@3.969.0 want: ^2.11.0
292 timing idealTree:node_modules/@aws-sdk/util-user-agent-browser Completed in 1ms
293 timing idealTree:node_modules/@aws-sdk/util-user-agent-node Completed in 0ms
294 silly placeDep ROOT fast-xml-parser@5.2.5 OK for: @aws-sdk/xml-builder@3.969.0 want: 5.2.5
295 silly fetch manifest strnum@^2.1.0
296 http fetch GET 200 https://registry.npmjs.org/strnum 76ms (cache miss)
297 timing idealTree:node_modules/@aws-sdk/xml-builder Completed in 79ms
298 timing idealTree:node_modules/@aws/lambda-invoke-store Completed in 0ms
299 timing idealTree:node_modules/@smithy/config-resolver Completed in 0ms
300 silly placeDep ROOT @smithy/uuid@1.1.0 OK for: @smithy/core@3.20.7 want: ^1.1.0
301 timing idealTree:node_modules/@smithy/core Completed in 1ms
302 timing idealTree:node_modules/@smithy/credential-provider-imds Completed in 0ms
303 silly placeDep ROOT @smithy/querystring-builder@4.2.8 OK for: @smithy/fetch-http-handler@5.3.9 want: ^4.2.8
304 timing idealTree:node_modules/@smithy/fetch-http-handler Completed in 1ms
305 silly placeDep ROOT @smithy/util-buffer-from@4.2.0 OK for: @smithy/hash-node@4.2.8 want: ^4.2.0
306 timing idealTree:node_modules/@smithy/hash-node Completed in 2ms
307 timing idealTree:node_modules/@smithy/invalid-dependency Completed in 0ms
308 timing idealTree:node_modules/@smithy/middleware-content-length Completed in 0ms
309 timing idealTree:node_modules/@smithy/middleware-endpoint Completed in 0ms
310 silly placeDep ROOT @smithy/service-error-classification@4.2.8 OK for: @smithy/middleware-retry@4.4.24 want: ^4.2.8
311 timing idealTree:node_modules/@smithy/middleware-retry Completed in 1ms
312 timing idealTree:node_modules/@smithy/middleware-serde Completed in 0ms
313 timing idealTree:node_modules/@smithy/middleware-stack Completed in 0ms
314 timing idealTree:node_modules/@smithy/node-config-provider Completed in 0ms
315 silly placeDep ROOT @smithy/abort-controller@4.2.8 OK for: @smithy/node-http-handler@4.4.8 want: ^4.2.8
316 timing idealTree:node_modules/@smithy/node-http-handler Completed in 0ms
317 timing idealTree:node_modules/@smithy/abort-controller Completed in 0ms
318 timing idealTree:node_modules/@smithy/property-provider Completed in 0ms
319 timing idealTree:node_modules/@smithy/protocol-http Completed in 0ms
320 silly placeDep ROOT @smithy/util-uri-escape@4.2.0 OK for: @smithy/querystring-builder@4.2.8 want: ^4.2.0
321 timing idealTree:node_modules/@smithy/querystring-builder Completed in 1ms
322 timing idealTree:node_modules/@smithy/service-error-classification Completed in 0ms
323 timing idealTree:node_modules/@smithy/shared-ini-file-loader Completed in 0ms
324 silly placeDep ROOT @smithy/is-array-buffer@4.2.0 OK for: @smithy/signature-v4@5.3.8 want: ^4.2.0
325 silly placeDep ROOT @smithy/util-hex-encoding@4.2.0 OK for: @smithy/signature-v4@5.3.8 want: ^4.2.0
326 timing idealTree:node_modules/@smithy/signature-v4 Completed in 1ms
327 timing idealTree:node_modules/@smithy/is-array-buffer Completed in 0ms
328 timing idealTree:node_modules/@smithy/smithy-client Completed in 0ms
329 timing idealTree:node_modules/@smithy/types Completed in 0ms
330 silly placeDep ROOT @smithy/querystring-parser@4.2.8 OK for: @smithy/url-parser@4.2.8 want: ^4.2.8
331 timing idealTree:node_modules/@smithy/url-parser Completed in 1ms
332 timing idealTree:node_modules/@smithy/querystring-parser Completed in 0ms
333 timing idealTree:node_modules/@smithy/util-base64 Completed in 0ms
334 timing idealTree:node_modules/@smithy/util-body-length-browser Completed in 0ms
335 timing idealTree:node_modules/@smithy/util-body-length-node Completed in 0ms
336 timing idealTree:node_modules/@smithy/util-buffer-from Completed in 0ms
337 timing idealTree:node_modules/@smithy/util-config-provider Completed in 0ms
338 timing idealTree:node_modules/@smithy/util-defaults-mode-browser Completed in 0ms
339 timing idealTree:node_modules/@smithy/util-defaults-mode-node Completed in 0ms
340 timing idealTree:node_modules/@smithy/util-endpoints Completed in 0ms
341 timing idealTree:node_modules/@smithy/util-hex-encoding Completed in 0ms
342 timing idealTree:node_modules/@smithy/util-middleware Completed in 0ms
343 timing idealTree:node_modules/@smithy/util-retry Completed in 0ms
344 timing idealTree:node_modules/@smithy/util-stream Completed in 0ms
345 timing idealTree:node_modules/@smithy/util-uri-escape Completed in 0ms
346 timing idealTree:node_modules/@smithy/util-utf8 Completed in 0ms
347 timing idealTree:node_modules/@smithy/uuid Completed in 0ms
348 timing idealTree:node_modules/bowser Completed in 0ms
349 silly placeDep ROOT strnum@2.1.2 OK for: fast-xml-parser@5.2.5 want: ^2.1.0
350 timing idealTree:node_modules/fast-xml-parser Completed in 1ms
351 timing idealTree:node_modules/strnum Completed in 0ms
352 silly placeDep node_modules/@aws-crypto/sha256-browser @smithy/util-buffer-from@2.2.0 OK for: @smithy/util-utf8@2.3.0 want: ^2.2.0
353 silly fetch manifest @smithy/is-array-buffer@^2.2.0
354 timing idealTree:node_modules/@aws-crypto/sha256-browser/node_modules/@smithy/util-utf8 Completed in 3ms
355 silly placeDep node_modules/@aws-crypto/sha256-browser @smithy/is-array-buffer@2.2.0 OK for: @smithy/util-buffer-from@2.2.0 want: ^2.2.0
356 timing idealTree:node_modules/@aws-crypto/sha256-browser/node_modules/@smithy/util-buffer-from Completed in 1ms
357 timing idealTree:node_modules/@aws-crypto/sha256-browser/node_modules/@smithy/is-array-buffer Completed in 0ms
358 silly placeDep node_modules/@aws-crypto/util @smithy/util-buffer-from@2.2.0 OK for: @smithy/util-utf8@2.3.0 want: ^2.2.0
359 timing idealTree:node_modules/@aws-crypto/util/node_modules/@smithy/util-utf8 Completed in 10ms
360 silly placeDep node_modules/@aws-crypto/util @smithy/is-array-buffer@2.2.0 OK for: @smithy/util-buffer-from@2.2.0 want: ^2.2.0
361 timing idealTree:node_modules/@aws-crypto/util/node_modules/@smithy/util-buffer-from Completed in 2ms
362 timing idealTree:node_modules/@aws-crypto/util/node_modules/@smithy/is-array-buffer Completed in 0ms
363 timing idealTree:buildDeps Completed in 1665ms
364 timing idealTree:fixDepFlags Completed in 8ms
365 warn EBADENGINE Unsupported engine {
365 warn EBADENGINE   package: '@supabase/auth-js@2.90.1',
365 warn EBADENGINE   required: { node: '>=20.0.0' },
365 warn EBADENGINE   current: { node: 'v18.18.2', npm: '9.8.1' }
365 warn EBADENGINE }
366 warn EBADENGINE Unsupported engine {
366 warn EBADENGINE   package: '@supabase/functions-js@2.90.1',
366 warn EBADENGINE   required: { node: '>=20.0.0' },
366 warn EBADENGINE   current: { node: 'v18.18.2', npm: '9.8.1' }
366 warn EBADENGINE }
367 warn EBADENGINE Unsupported engine {
367 warn EBADENGINE   package: '@supabase/postgrest-js@2.90.1',
367 warn EBADENGINE   required: { node: '>=20.0.0' },
367 warn EBADENGINE   current: { node: 'v18.18.2', npm: '9.8.1' }
367 warn EBADENGINE }
368 warn EBADENGINE Unsupported engine {
368 warn EBADENGINE   package: '@supabase/realtime-js@2.90.1',
368 warn EBADENGINE   required: { node: '>=20.0.0' },
368 warn EBADENGINE   current: { node: 'v18.18.2', npm: '9.8.1' }
368 warn EBADENGINE }
369 warn EBADENGINE Unsupported engine {
369 warn EBADENGINE   package: '@supabase/storage-js@2.90.1',
369 warn EBADENGINE   required: { node: '>=20.0.0' },
369 warn EBADENGINE   current: { node: 'v18.18.2', npm: '9.8.1' }
369 warn EBADENGINE }
370 warn EBADENGINE Unsupported engine {
370 warn EBADENGINE   package: '@supabase/supabase-js@2.90.1',
370 warn EBADENGINE   required: { node: '>=20.0.0' },
370 warn EBADENGINE   current: { node: 'v18.18.2', npm: '9.8.1' }
370 warn EBADENGINE }
371 warn EBADENGINE Unsupported engine {
371 warn EBADENGINE   package: 'iceberg-js@0.8.1',
371 warn EBADENGINE   required: { node: '>=20.0.0' },
371 warn EBADENGINE   current: { node: 'v18.18.2', npm: '9.8.1' }
371 warn EBADENGINE }
372 warn EBADENGINE Unsupported engine {
372 warn EBADENGINE   package: '@aws-sdk/client-sesv2@3.971.0',
372 warn EBADENGINE   required: { node: '>=20.0.0' },
372 warn EBADENGINE   current: { node: 'v18.18.2', npm: '9.8.1' }
372 warn EBADENGINE }
373 warn EBADENGINE Unsupported engine {
373 warn EBADENGINE   package: '@aws-sdk/core@3.970.0',
373 warn EBADENGINE   required: { node: '>=20.0.0' },
373 warn EBADENGINE   current: { node: 'v18.18.2', npm: '9.8.1' }
373 warn EBADENGINE }
374 warn EBADENGINE Unsupported engine {
374 warn EBADENGINE   package: '@aws-sdk/credential-provider-node@3.971.0',
374 warn EBADENGINE   required: { node: '>=20.0.0' },
374 warn EBADENGINE   current: { node: 'v18.18.2', npm: '9.8.1' }
374 warn EBADENGINE }
375 warn EBADENGINE Unsupported engine {
375 warn EBADENGINE   package: '@aws-sdk/middleware-host-header@3.969.0',
375 warn EBADENGINE   required: { node: '>=20.0.0' },
375 warn EBADENGINE   current: { node: 'v18.18.2', npm: '9.8.1' }
375 warn EBADENGINE }
376 warn EBADENGINE Unsupported engine {
376 warn EBADENGINE   package: '@aws-sdk/middleware-logger@3.969.0',
376 warn EBADENGINE   required: { node: '>=20.0.0' },
376 warn EBADENGINE   current: { node: 'v18.18.2', npm: '9.8.1' }
376 warn EBADENGINE }
377 warn EBADENGINE Unsupported engine {
377 warn EBADENGINE   package: '@aws-sdk/middleware-recursion-detection@3.969.0',
377 warn EBADENGINE   required: { node: '>=20.0.0' },
377 warn EBADENGINE   current: { node: 'v18.18.2', npm: '9.8.1' }
377 warn EBADENGINE }
378 warn EBADENGINE Unsupported engine {
378 warn EBADENGINE   package: '@aws-sdk/middleware-user-agent@3.970.0',
378 warn EBADENGINE   required: { node: '>=20.0.0' },
378 warn EBADENGINE   current: { node: 'v18.18.2', npm: '9.8.1' }
378 warn EBADENGINE }
379 warn EBADENGINE Unsupported engine {
379 warn EBADENGINE   package: '@aws-sdk/region-config-resolver@3.969.0',
379 warn EBADENGINE   required: { node: '>=20.0.0' },
379 warn EBADENGINE   current: { node: 'v18.18.2', npm: '9.8.1' }
379 warn EBADENGINE }
380 warn EBADENGINE Unsupported engine {
380 warn EBADENGINE   package: '@aws-sdk/signature-v4-multi-region@3.970.0',
380 warn EBADENGINE   required: { node: '>=20.0.0' },
380 warn EBADENGINE   current: { node: 'v18.18.2', npm: '9.8.1' }
380 warn EBADENGINE }
381 warn EBADENGINE Unsupported engine {
381 warn EBADENGINE   package: '@aws-sdk/types@3.969.0',
381 warn EBADENGINE   required: { node: '>=20.0.0' },
381 warn EBADENGINE   current: { node: 'v18.18.2', npm: '9.8.1' }
381 warn EBADENGINE }
382 warn EBADENGINE Unsupported engine {
382 warn EBADENGINE   package: '@aws-sdk/util-endpoints@3.970.0',
382 warn EBADENGINE   required: { node: '>=20.0.0' },
382 warn EBADENGINE   current: { node: 'v18.18.2', npm: '9.8.1' }
382 warn EBADENGINE }
383 warn EBADENGINE Unsupported engine {
383 warn EBADENGINE   package: '@aws-sdk/util-user-agent-node@3.971.0',
383 warn EBADENGINE   required: { node: '>=20.0.0' },
383 warn EBADENGINE   current: { node: 'v18.18.2', npm: '9.8.1' }
383 warn EBADENGINE }
384 warn EBADENGINE Unsupported engine {
384 warn EBADENGINE   package: '@aws-sdk/util-locate-window@3.965.2',
384 warn EBADENGINE   required: { node: '>=20.0.0' },
384 warn EBADENGINE   current: { node: 'v18.18.2', npm: '9.8.1' }
384 warn EBADENGINE }
385 warn EBADENGINE Unsupported engine {
385 warn EBADENGINE   package: '@aws-sdk/xml-builder@3.969.0',
385 warn EBADENGINE   required: { node: '>=20.0.0' },
385 warn EBADENGINE   current: { node: 'v18.18.2', npm: '9.8.1' }
385 warn EBADENGINE }
386 warn EBADENGINE Unsupported engine {
386 warn EBADENGINE   package: '@aws-sdk/credential-provider-env@3.970.0',
386 warn EBADENGINE   required: { node: '>=20.0.0' },
386 warn EBADENGINE   current: { node: 'v18.18.2', npm: '9.8.1' }
386 warn EBADENGINE }
387 warn EBADENGINE Unsupported engine {
387 warn EBADENGINE   package: '@aws-sdk/credential-provider-http@3.970.0',
387 warn EBADENGINE   required: { node: '>=20.0.0' },
387 warn EBADENGINE   current: { node: 'v18.18.2', npm: '9.8.1' }
387 warn EBADENGINE }
388 warn EBADENGINE Unsupported engine {
388 warn EBADENGINE   package: '@aws-sdk/credential-provider-ini@3.971.0',
388 warn EBADENGINE   required: { node: '>=20.0.0' },
388 warn EBADENGINE   current: { node: 'v18.18.2', npm: '9.8.1' }
388 warn EBADENGINE }
389 warn EBADENGINE Unsupported engine {
389 warn EBADENGINE   package: '@aws-sdk/credential-provider-process@3.970.0',
389 warn EBADENGINE   required: { node: '>=20.0.0' },
389 warn EBADENGINE   current: { node: 'v18.18.2', npm: '9.8.1' }
389 warn EBADENGINE }
390 warn EBADENGINE Unsupported engine {
390 warn EBADENGINE   package: '@aws-sdk/credential-provider-sso@3.971.0',
390 warn EBADENGINE   required: { node: '>=20.0.0' },
390 warn EBADENGINE   current: { node: 'v18.18.2', npm: '9.8.1' }
390 warn EBADENGINE }
391 warn EBADENGINE Unsupported engine {
391 warn EBADENGINE   package: '@aws-sdk/credential-provider-web-identity@3.971.0',
391 warn EBADENGINE   required: { node: '>=20.0.0' },
391 warn EBADENGINE   current: { node: 'v18.18.2', npm: '9.8.1' }
391 warn EBADENGINE }
392 warn EBADENGINE Unsupported engine {
392 warn EBADENGINE   package: '@aws-sdk/credential-provider-login@3.971.0',
392 warn EBADENGINE   required: { node: '>=20.0.0' },
392 warn EBADENGINE   current: { node: 'v18.18.2', npm: '9.8.1' }
392 warn EBADENGINE }
393 warn EBADENGINE Unsupported engine {
393 warn EBADENGINE   package: '@aws-sdk/nested-clients@3.971.0',
393 warn EBADENGINE   required: { node: '>=20.0.0' },
393 warn EBADENGINE   current: { node: 'v18.18.2', npm: '9.8.1' }
393 warn EBADENGINE }
394 warn EBADENGINE Unsupported engine {
394 warn EBADENGINE   package: '@aws-sdk/client-sso@3.971.0',
394 warn EBADENGINE   required: { node: '>=20.0.0' },
394 warn EBADENGINE   current: { node: 'v18.18.2', npm: '9.8.1' }
394 warn EBADENGINE }
395 warn EBADENGINE Unsupported engine {
395 warn EBADENGINE   package: '@aws-sdk/token-providers@3.971.0',
395 warn EBADENGINE   required: { node: '>=20.0.0' },
395 warn EBADENGINE   current: { node: 'v18.18.2', npm: '9.8.1' }
395 warn EBADENGINE }
396 warn EBADENGINE Unsupported engine {
396 warn EBADENGINE   package: '@aws-sdk/middleware-sdk-s3@3.970.0',
396 warn EBADENGINE   required: { node: '>=20.0.0' },
396 warn EBADENGINE   current: { node: 'v18.18.2', npm: '9.8.1' }
396 warn EBADENGINE }
397 warn EBADENGINE Unsupported engine {
397 warn EBADENGINE   package: '@aws-sdk/util-arn-parser@3.968.0',
397 warn EBADENGINE   required: { node: '>=20.0.0' },
397 warn EBADENGINE   current: { node: 'v18.18.2', npm: '9.8.1' }
397 warn EBADENGINE }
398 timing idealTree Completed in 1817ms
399 timing reify:loadTrees Completed in 1818ms
400 timing reify:diffTrees Completed in 15ms
401 silly reify moves {}
402 timing reify:retireShallow Completed in 0ms
403 timing reify:createSparse Completed in 13ms
404 verbose reify failed optional dependency /Users/chengfang/Downloads/make money/shopping/node_modules/@tailwindcss/oxide-wasm32-wasi
405 silly reify mark deleted [
405 silly reify   '/Users/chengfang/Downloads/make money/shopping/node_modules/@tailwindcss/oxide-wasm32-wasi'
405 silly reify ]
406 timing reifyNode:node_modules/@tailwindcss/oxide-wasm32-wasi Completed in 3ms
407 timing arborist:ctor Completed in 0ms
408 timing reify:diffTrees Completed in 4ms
409 timing reify:loadBundles Completed in 9ms
410 silly audit bulk request {
410 silly audit   '@adraffy/ens-normalize': [ '1.10.1' ],
410 silly audit   '@alloc/quick-lru': [ '5.2.0' ],
410 silly audit   '@babel/runtime': [ '7.28.6' ],
410 silly audit   '@emnapi/core': [ '1.8.1' ],
410 silly audit   '@emnapi/runtime': [ '1.8.1' ],
410 silly audit   '@emnapi/wasi-threads': [ '1.1.0' ],
410 silly audit   '@eslint-community/eslint-utils': [ '4.9.1' ],
410 silly audit   '@eslint-community/regexpp': [ '4.12.2' ],
410 silly audit   '@eslint/eslintrc': [ '2.1.4' ],
410 silly audit   '@eslint/js': [ '8.57.0' ],
410 silly audit   '@floating-ui/core': [ '1.7.3' ],
410 silly audit   '@floating-ui/dom': [ '1.7.4' ],
410 silly audit   '@floating-ui/react-dom': [ '2.1.6' ],
410 silly audit   '@floating-ui/utils': [ '0.2.10' ],
410 silly audit   '@humanwhocodes/config-array': [ '0.11.14' ],
410 silly audit   '@humanwhocodes/module-importer': [ '1.0.1' ],
410 silly audit   '@humanwhocodes/object-schema': [ '2.0.3' ],
410 silly audit   '@isaacs/cliui': [ '8.0.2' ],
410 silly audit   'ansi-regex': [ '6.2.2', '5.0.1' ],
410 silly audit   'strip-ansi': [ '7.1.2', '6.0.1' ],
410 silly audit   '@jridgewell/gen-mapping': [ '0.3.13' ],
410 silly audit   '@jridgewell/remapping': [ '2.3.5' ],
410 silly audit   '@jridgewell/resolve-uri': [ '3.1.2' ],
410 silly audit   '@jridgewell/sourcemap-codec': [ '1.5.5' ],
410 silly audit   '@jridgewell/trace-mapping': [ '0.3.31' ],
410 silly audit   '@napi-rs/wasm-runtime': [ '0.2.12' ],
410 silly audit   '@next-auth/prisma-adapter': [ '1.0.7' ],
410 silly audit   '@next/env': [ '14.2.16' ],
410 silly audit   '@next/eslint-plugin-next': [ '14.2.16' ],
410 silly audit   '@next/swc-darwin-arm64': [ '14.2.16' ],
410 silly audit   '@next/swc-darwin-x64': [ '14.2.16' ],
410 silly audit   '@next/swc-linux-arm64-gnu': [ '14.2.16' ],
410 silly audit   '@next/swc-linux-arm64-musl': [ '14.2.16' ],
410 silly audit   '@next/swc-linux-x64-gnu': [ '14.2.16' ],
410 silly audit   '@next/swc-linux-x64-musl': [ '14.2.16' ],
410 silly audit   '@next/swc-win32-arm64-msvc': [ '14.2.16' ],
410 silly audit   '@next/swc-win32-ia32-msvc': [ '14.2.16' ],
410 silly audit   '@next/swc-win32-x64-msvc': [ '14.2.16' ],
410 silly audit   '@noble/curves': [ '1.2.0' ],
410 silly audit   '@noble/hashes': [ '1.3.2' ],
410 silly audit   '@nodelib/fs.scandir': [ '2.1.5' ],
410 silly audit   '@nodelib/fs.stat': [ '2.0.5' ],
410 silly audit   '@nodelib/fs.walk': [ '1.2.8' ],
410 silly audit   '@nolyfill/is-core-module': [ '1.0.39' ],
410 silly audit   '@panva/hkdf': [ '1.2.1' ],
410 silly audit   '@pkgjs/parseargs': [ '0.11.0' ],
410 silly audit   '@prisma/client': [ '5.22.0' ],
410 silly audit   '@prisma/debug': [ '5.22.0' ],
410 silly audit   '@prisma/engines': [ '5.22.0' ],
410 silly audit   '@prisma/engines-version': [ '5.22.0-44.605197351a3c8bdd595af2d2a9bc3025bca48ea2' ],
410 silly audit   '@prisma/fetch-engine': [ '5.22.0' ],
410 silly audit   '@prisma/get-platform': [ '5.22.0' ],
410 silly audit   '@radix-ui/primitive': [ '1.1.3' ],
410 silly audit   '@radix-ui/react-arrow': [ '1.1.7' ],
410 silly audit   '@radix-ui/react-collection': [ '1.1.7' ],
410 silly audit   '@radix-ui/react-slot': [ '1.2.3', '1.2.4' ],
410 silly audit   '@radix-ui/react-compose-refs': [ '1.1.2' ],
410 silly audit   '@radix-ui/react-context': [ '1.1.2' ],
410 silly audit   '@radix-ui/react-direction': [ '1.1.1' ],
410 silly audit   '@radix-ui/react-dismissable-layer': [ '1.1.11' ],
410 silly audit   '@radix-ui/react-dropdown-menu': [ '2.1.16' ],
410 silly audit   '@radix-ui/react-focus-guards': [ '1.1.3' ],
410 silly audit   '@radix-ui/react-focus-scope': [ '1.1.7' ],
410 silly audit   '@radix-ui/react-id': [ '1.1.1' ],
410 silly audit   '@radix-ui/react-menu': [ '2.1.16' ],
410 silly audit   '@radix-ui/react-popper': [ '1.2.8' ],
410 silly audit   '@radix-ui/react-portal': [ '1.1.9' ],
410 silly audit   '@radix-ui/react-presence': [ '1.1.5' ],
410 silly audit   '@radix-ui/react-primitive': [ '2.1.3' ],
410 silly audit   '@radix-ui/react-roving-focus': [ '1.1.11' ],
410 silly audit   '@radix-ui/react-use-callback-ref': [ '1.1.1' ],
410 silly audit   '@radix-ui/react-use-controllable-state': [ '1.2.2' ],
410 silly audit   '@radix-ui/react-use-effect-event': [ '0.0.2' ],
410 silly audit   '@radix-ui/react-use-escape-keydown': [ '1.1.1' ],
410 silly audit   '@radix-ui/react-use-layout-effect': [ '1.1.1' ],
410 silly audit   '@radix-ui/react-use-rect': [ '1.1.1' ],
410 silly audit   '@radix-ui/react-use-size': [ '1.1.1' ],
410 silly audit   '@radix-ui/rect': [ '1.1.1' ],
410 silly audit   '@rtsao/scc': [ '1.1.0' ],
410 silly audit   '@rushstack/eslint-patch': [ '1.15.0' ],
410 silly audit   '@supabase/auth-js': [ '2.90.1' ],
410 silly audit   '@supabase/functions-js': [ '2.90.1' ],
410 silly audit   '@supabase/postgrest-js': [ '2.90.1' ],
410 silly audit   '@supabase/realtime-js': [ '2.90.1' ],
410 silly audit   '@supabase/storage-js': [ '2.90.1' ],
410 silly audit   '@supabase/supabase-js': [ '2.90.1' ],
410 silly audit   '@swc/counter': [ '0.1.3' ],
410 silly audit   '@swc/helpers': [ '0.5.5' ],
410 silly audit   '@tailwindcss/node': [ '4.1.18' ],
410 silly audit   '@tailwindcss/oxide': [ '4.1.18' ],
410 silly audit   '@tailwindcss/oxide-android-arm64': [ '4.1.18' ],
410 silly audit   '@tailwindcss/oxide-darwin-arm64': [ '4.1.18' ],
410 silly audit   '@tailwindcss/oxide-darwin-x64': [ '4.1.18' ],
410 silly audit   '@tailwindcss/oxide-freebsd-x64': [ '4.1.18' ],
410 silly audit   '@tailwindcss/oxide-linux-arm-gnueabihf': [ '4.1.18' ],
410 silly audit   '@tailwindcss/oxide-linux-arm64-gnu': [ '4.1.18' ],
410 silly audit   '@tailwindcss/oxide-linux-arm64-musl': [ '4.1.18' ],
410 silly audit   '@tailwindcss/oxide-linux-x64-gnu': [ '4.1.18' ],
410 silly audit   '@tailwindcss/oxide-linux-x64-musl': [ '4.1.18' ],
410 silly audit   '@tailwindcss/oxide-win32-arm64-msvc': [ '4.1.18' ],
410 silly audit   '@tailwindcss/oxide-win32-x64-msvc': [ '4.1.18' ],
410 silly audit   '@tailwindcss/postcss': [ '4.1.18' ],
410 silly audit   '@tybys/wasm-util': [ '0.10.1' ],
410 silly audit   '@types/json5': [ '0.0.29' ],
410 silly audit   '@types/node': [ '20.19.30', '22.7.5' ],
410 silly audit   '@types/phoenix': [ '1.6.7' ],
410 silly audit   '@types/prop-types': [ '15.7.15' ],
410 silly audit   '@types/react': [ '18.3.27' ],
410 silly audit   '@types/react-dom': [ '18.3.7' ],
410 silly audit   '@types/ws': [ '8.18.1' ],
410 silly audit   '@typescript-eslint/eslint-plugin': [ '8.53.1' ],
410 silly audit   ignore: [ '7.0.5', '5.3.2' ],
410 silly audit   '@typescript-eslint/parser': [ '8.53.1' ],
410 silly audit   '@typescript-eslint/project-service': [ '8.53.1' ],
410 silly audit   '@typescript-eslint/scope-manager': [ '8.53.1' ],
410 silly audit   '@typescript-eslint/tsconfig-utils': [ '8.53.1' ],
410 silly audit   '@typescript-eslint/type-utils': [ '8.53.1' ],
410 silly audit   '@typescript-eslint/types': [ '8.53.1' ],
410 silly audit   '@typescript-eslint/typescript-estree': [ '8.53.1' ],
410 silly audit   'brace-expansion': [ '2.0.2', '1.1.12' ],
410 silly audit   minimatch: [ '9.0.5', '3.1.2' ],
410 silly audit   '@typescript-eslint/utils': [ '8.53.1' ],
410 silly audit   '@typescript-eslint/visitor-keys': [ '8.53.1' ],
410 silly audit   'eslint-visitor-keys': [ '4.2.1', '3.4.3' ],
410 silly audit   '@ungap/structured-clone': [ '1.3.0' ],
410 silly audit   '@unrs/resolver-binding-android-arm-eabi': [ '1.11.1' ],
410 silly audit   '@unrs/resolver-binding-android-arm64': [ '1.11.1' ],
410 silly audit   '@unrs/resolver-binding-darwin-arm64': [ '1.11.1' ],
410 silly audit   '@unrs/resolver-binding-darwin-x64': [ '1.11.1' ],
410 silly audit   '@unrs/resolver-binding-freebsd-x64': [ '1.11.1' ],
410 silly audit   '@unrs/resolver-binding-linux-arm-gnueabihf': [ '1.11.1' ],
410 silly audit   '@unrs/resolver-binding-linux-arm-musleabihf': [ '1.11.1' ],
410 silly audit   '@unrs/resolver-binding-linux-arm64-gnu': [ '1.11.1' ],
410 silly audit   '@unrs/resolver-binding-linux-arm64-musl': [ '1.11.1' ],
410 silly audit   '@unrs/resolver-binding-linux-ppc64-gnu': [ '1.11.1' ],
410 silly audit   '@unrs/resolver-binding-linux-riscv64-gnu': [ '1.11.1' ],
410 silly audit   '@unrs/resolver-binding-linux-riscv64-musl': [ '1.11.1' ],
410 silly audit   '@unrs/resolver-binding-linux-s390x-gnu': [ '1.11.1' ],
410 silly audit   '@unrs/resolver-binding-linux-x64-gnu': [ '1.11.1' ],
410 silly audit   '@unrs/resolver-binding-linux-x64-musl': [ '1.11.1' ],
410 silly audit   '@unrs/resolver-binding-wasm32-wasi': [ '1.11.1' ],
410 silly audit   '@unrs/resolver-binding-win32-arm64-msvc': [ '1.11.1' ],
410 silly audit   '@unrs/resolver-binding-win32-ia32-msvc': [ '1.11.1' ],
410 silly audit   '@unrs/resolver-binding-win32-x64-msvc': [ '1.11.1' ],
410 silly audit   acorn: [ '8.15.0' ],
410 silly audit   'acorn-jsx': [ '5.3.2' ],
410 silly audit   'aes-js': [ '4.0.0-beta.5' ],
410 silly audit   ajv: [ '6.12.6' ],
410 silly audit   'ansi-styles': [ '4.3.0', '6.2.3' ],
410 silly audit   argparse: [ '2.0.1' ],
410 silly audit   'aria-hidden': [ '1.2.6' ],
410 silly audit   'aria-query': [ '5.3.2' ],
410 silly audit   'array-buffer-byte-length': [ '1.0.2' ],
410 silly audit   'array-includes': [ '3.1.9' ],
410 silly audit   'array.prototype.findlast': [ '1.2.5' ],
410 silly audit   'array.prototype.findlastindex': [ '1.2.6' ],
410 silly audit   'array.prototype.flat': [ '1.3.3' ],
410 silly audit   'array.prototype.flatmap': [ '1.3.3' ],
410 silly audit   'array.prototype.tosorted': [ '1.1.4' ],
410 silly audit   'arraybuffer.prototype.slice': [ '1.0.4' ],
410 silly audit   'ast-types-flow': [ '0.0.8' ],
410 silly audit   'async-function': [ '1.0.0' ],
410 silly audit   autoprefixer: [ '10.4.23' ],
410 silly audit   'available-typed-arrays': [ '1.0.7' ],
410 silly audit   'axe-core': [ '4.11.1' ],
410 silly audit   'axobject-query': [ '4.1.0' ],
410 silly audit   'balanced-match': [ '1.0.2' ],
410 silly audit   'baseline-browser-mapping': [ '2.9.15' ],
410 silly audit   bcryptjs: [ '3.0.3' ],
410 silly audit   browserslist: [ '4.28.1' ],
410 silly audit   busboy: [ '1.6.0' ],
410 silly audit   'call-bind': [ '1.0.8' ],
410 silly audit   'call-bind-apply-helpers': [ '1.0.2' ],
410 silly audit   'call-bound': [ '1.0.4' ],
410 silly audit   callsites: [ '3.1.0' ],
410 silly audit   'caniuse-lite': [ '1.0.30001765' ],
410 silly audit   chalk: [ '4.1.2' ],
410 silly audit   'client-only': [ '0.0.1' ],
410 silly audit   clsx: [ '2.1.1' ],
410 silly audit   'color-convert': [ '2.0.1' ],
410 silly audit   'color-name': [ '1.1.4' ],
410 silly audit   'concat-map': [ '0.0.1' ],
410 silly audit   cookie: [ '0.7.2' ],
410 silly audit   'cross-spawn': [ '7.0.6' ],
410 silly audit   csstype: [ '3.2.3' ],
410 silly audit   'damerau-levenshtein': [ '1.0.8' ],
410 silly audit   'data-view-buffer': [ '1.0.2' ],
410 silly audit   'data-view-byte-length': [ '1.0.2' ],
410 silly audit   'data-view-byte-offset': [ '1.0.1' ],
410 silly audit   debug: [ '4.4.3', '3.2.7' ],
410 silly audit   'deep-is': [ '0.1.4' ],
410 silly audit   'define-data-property': [ '1.1.4' ],
410 silly audit   'define-properties': [ '1.2.1' ],
410 silly audit   'detect-libc': [ '2.1.2' ],
410 silly audit   'detect-node-es': [ '1.1.0' ],
410 silly audit   doctrine: [ '3.0.0', '2.1.0' ],
410 silly audit   'dunder-proto': [ '1.0.1' ],
410 silly audit   eastasianwidth: [ '0.2.0' ],
410 silly audit   'electron-to-chromium': [ '1.5.267' ],
410 silly audit   'emoji-regex': [ '9.2.2', '8.0.0' ],
410 silly audit   'enhanced-resolve': [ '5.18.4' ],
410 silly audit   'es-abstract': [ '1.24.1' ],
410 silly audit   'es-define-property': [ '1.0.1' ],
410 silly audit   'es-errors': [ '1.3.0' ],
410 silly audit   'es-iterator-helpers': [ '1.2.2' ],
410 silly audit   'es-object-atoms': [ '1.1.1' ],
410 silly audit   'es-set-tostringtag': [ '2.1.0' ],
410 silly audit   'es-shim-unscopables': [ '1.1.0' ],
410 silly audit   'es-to-primitive': [ '1.3.0' ],
410 silly audit   escalade: [ '3.2.0' ],
410 silly audit   'escape-string-regexp': [ '4.0.0' ],
410 silly audit   eslint: [ '8.57.0' ],
410 silly audit   'eslint-config-next': [ '14.2.16' ],
410 silly audit   'eslint-import-resolver-node': [ '0.3.9' ],
410 silly audit   'eslint-import-resolver-typescript': [ '3.10.1' ],
410 silly audit   'eslint-module-utils': [ '2.12.1' ],
410 silly audit   'eslint-plugin-import': [ '2.32.0' ],
410 silly audit   semver: [ '6.3.1', '7.7.3' ],
410 silly audit   'eslint-plugin-jsx-a11y': [ '6.10.2' ],
410 silly audit   'eslint-plugin-react': [ '7.37.5' ],
410 silly audit   'eslint-plugin-react-hooks': [ '5.0.0-canary-7118f5dd7-20230705' ],
410 silly audit   resolve: [ '2.0.0-next.5', '1.22.11' ],
410 silly audit   'eslint-scope': [ '7.2.2' ],
410 silly audit   espree: [ '9.6.1' ],
410 silly audit   esquery: [ '1.7.0' ],
410 silly audit   esrecurse: [ '4.3.0' ],
410 silly audit   estraverse: [ '5.3.0' ],
410 silly audit   esutils: [ '2.0.3' ],
410 silly audit   ethers: [ '6.16.0' ],
410 silly audit   tslib: [ '2.7.0', '2.8.1' ],
410 silly audit   'undici-types': [ '6.19.8', '6.21.0' ],
410 silly audit   ws: [ '8.17.1', '8.19.0' ],
410 silly audit   'fast-deep-equal': [ '3.1.3' ],
410 silly audit   'fast-json-stable-stringify': [ '2.1.0' ],
410 silly audit   'fast-levenshtein': [ '2.0.6' ],
410 silly audit   fastq: [ '1.20.1' ],
410 silly audit   fdir: [ '6.5.0' ],
410 silly audit   'file-entry-cache': [ '6.0.1' ],
410 silly audit   'find-up': [ '5.0.0' ],
410 silly audit   'flat-cache': [ '3.2.0' ],
410 silly audit   flatted: [ '3.3.3' ],
410 silly audit   'for-each': [ '0.3.5' ],
410 silly audit   'foreground-child': [ '3.3.1' ],
410 silly audit   'fraction.js': [ '5.3.4' ],
410 silly audit   'fs.realpath': [ '1.0.0' ],
410 silly audit   fsevents: [ '2.3.3' ],
410 silly audit   'function-bind': [ '1.1.2' ],
410 silly audit   'function.prototype.name': [ '1.1.8' ],
410 silly audit   'functions-have-names': [ '1.2.3' ],
410 silly audit   'generator-function': [ '2.0.1' ],
410 silly audit   'get-intrinsic': [ '1.3.0' ],
410 silly audit   'get-nonce': [ '1.0.1' ],
410 silly audit   'get-proto': [ '1.0.1' ],
410 silly audit   'get-symbol-description': [ '1.1.0' ],
410 silly audit   'get-tsconfig': [ '4.13.0' ],
410 silly audit   glob: [ '10.3.10', '7.2.3' ],
410 silly audit   'glob-parent': [ '6.0.2' ],
410 silly audit   globals: [ '13.24.0' ],
410 silly audit   globalthis: [ '1.0.4' ],
410 silly audit   gopd: [ '1.2.0' ],
410 silly audit   'graceful-fs': [ '4.2.11' ],
410 silly audit   graphemer: [ '1.4.0' ],
410 silly audit   'has-bigints': [ '1.1.0' ],
410 silly audit   'has-flag': [ '4.0.0' ],
410 silly audit   'has-property-descriptors': [ '1.0.2' ],
410 silly audit   'has-proto': [ '1.2.0' ],
410 silly audit   'has-symbols': [ '1.1.0' ],
410 silly audit   'has-tostringtag': [ '1.0.2' ],
410 silly audit   hasown: [ '2.0.2' ],
410 silly audit   'iceberg-js': [ '0.8.1' ],
410 silly audit   'import-fresh': [ '3.3.1' ],
410 silly audit   imurmurhash: [ '0.1.4' ],
410 silly audit   inflight: [ '1.0.6' ],
410 silly audit   inherits: [ '2.0.4' ],
410 silly audit   'internal-slot': [ '1.1.0' ],
410 silly audit   'is-array-buffer': [ '3.0.5' ],
410 silly audit   'is-async-function': [ '2.1.1' ],
410 silly audit   'is-bigint': [ '1.1.0' ],
410 silly audit   'is-boolean-object': [ '1.2.2' ],
410 silly audit   'is-bun-module': [ '2.0.0' ],
410 silly audit   'is-callable': [ '1.2.7' ],
410 silly audit   'is-core-module': [ '2.16.1' ],
410 silly audit   'is-data-view': [ '1.0.2' ],
410 silly audit   'is-date-object': [ '1.1.0' ],
410 silly audit   'is-extglob': [ '2.1.1' ],
410 silly audit   'is-finalizationregistry': [ '1.1.1' ],
410 silly audit   'is-fullwidth-code-point': [ '3.0.0' ],
410 silly audit   'is-generator-function': [ '1.1.2' ],
410 silly audit   'is-glob': [ '4.0.3' ],
410 silly audit   'is-map': [ '2.0.3' ],
410 silly audit   'is-negative-zero': [ '2.0.3' ],
410 silly audit   'is-number-object': [ '1.1.1' ],
410 silly audit   'is-path-inside': [ '3.0.3' ],
410 silly audit   'is-regex': [ '1.2.1' ],
410 silly audit   'is-set': [ '2.0.3' ],
410 silly audit   'is-shared-array-buffer': [ '1.0.4' ],
410 silly audit   'is-string': [ '1.1.1' ],
410 silly audit   'is-symbol': [ '1.1.1' ],
410 silly audit   'is-typed-array': [ '1.1.15' ],
410 silly audit   'is-weakmap': [ '2.0.2' ],
410 silly audit   'is-weakref': [ '1.1.1' ],
410 silly audit   'is-weakset': [ '2.0.4' ],
410 silly audit   isarray: [ '2.0.5' ],
410 silly audit   isexe: [ '2.0.0' ],
410 silly audit   'iterator.prototype': [ '1.1.5' ],
410 silly audit   jackspeak: [ '2.3.6' ],
410 silly audit   jiti: [ '2.6.1' ],
410 silly audit   jose: [ '4.15.9' ],
410 silly audit   'js-tokens': [ '4.0.0' ],
410 silly audit   'js-yaml': [ '4.1.1' ],
410 silly audit   'json-buffer': [ '3.0.1' ],
410 silly audit   'json-schema-traverse': [ '0.4.1' ],
410 silly audit   'json-stable-stringify-without-jsonify': [ '1.0.1' ],
410 silly audit   json5: [ '1.0.2' ],
410 silly audit   'jsx-ast-utils': [ '3.3.5' ],
410 silly audit   keyv: [ '4.5.4' ],
410 silly audit   'language-subtag-registry': [ '0.3.23' ],
410 silly audit   'language-tags': [ '1.0.9' ],
410 silly audit   levn: [ '0.4.1' ],
410 silly audit   lightningcss: [ '1.30.2' ],
410 silly audit   'lightningcss-android-arm64': [ '1.30.2' ],
410 silly audit   'lightningcss-darwin-arm64': [ '1.30.2' ],
410 silly audit   'lightningcss-darwin-x64': [ '1.30.2' ],
410 silly audit   'lightningcss-freebsd-x64': [ '1.30.2' ],
410 silly audit   'lightningcss-linux-arm-gnueabihf': [ '1.30.2' ],
410 silly audit   'lightningcss-linux-arm64-gnu': [ '1.30.2' ],
410 silly audit   'lightningcss-linux-arm64-musl': [ '1.30.2' ],
410 silly audit   'lightningcss-linux-x64-gnu': [ '1.30.2' ],
410 silly audit   'lightningcss-linux-x64-musl': [ '1.30.2' ],
410 silly audit   'lightningcss-win32-arm64-msvc': [ '1.30.2' ],
410 silly audit   'lightningcss-win32-x64-msvc': [ '1.30.2' ],
410 silly audit   'locate-path': [ '6.0.0' ],
410 silly audit   'lodash.merge': [ '4.6.2' ],
410 silly audit   'loose-envify': [ '1.4.0' ],
410 silly audit   'lru-cache': [ '6.0.0', '10.4.3' ],
410 silly audit   'lucide-react': [ '0.562.0' ],
410 silly audit   'magic-string': [ '0.30.21' ],
410 silly audit   'math-intrinsics': [ '1.1.0' ],
410 silly audit   minimist: [ '1.2.8' ],
410 silly audit   minipass: [ '7.1.2' ],
410 silly audit   ms: [ '2.1.3' ],
410 silly audit   nanoid: [ '3.3.11' ],
410 silly audit   'napi-postinstall': [ '0.3.4' ],
410 silly audit   'natural-compare': [ '1.4.0' ],
410 silly audit   next: [ '14.2.16' ],
410 silly audit   'next-auth': [ '4.24.13' ],
410 silly audit   postcss: [ '8.4.31', '8.5.6' ],
410 silly audit   'node-releases': [ '2.0.27' ],
410 silly audit   nodemailer: [ '7.0.12' ],
410 silly audit   oauth: [ '0.9.15' ],
410 silly audit   'object-assign': [ '4.1.1' ],
410 silly audit   'object-hash': [ '2.2.0' ],
410 silly audit   'object-inspect': [ '1.13.4' ],
410 silly audit   'object-keys': [ '1.1.1' ],
410 silly audit   'object.assign': [ '4.1.7' ],
410 silly audit   'object.entries': [ '1.1.9' ],
410 silly audit   'object.fromentries': [ '2.0.8' ],
410 silly audit   'object.groupby': [ '1.0.3' ],
410 silly audit   'object.values': [ '1.2.1' ],
410 silly audit   'oidc-token-hash': [ '5.2.0' ],
410 silly audit   once: [ '1.4.0' ],
410 silly audit   'openid-client': [ '5.7.1' ],
410 silly audit   optionator: [ '0.9.4' ],
410 silly audit   'own-keys': [ '1.0.1' ],
410 silly audit   'p-limit': [ '3.1.0' ],
410 silly audit   'p-locate': [ '5.0.0' ],
410 silly audit   'parent-module': [ '1.0.1' ],
410 silly audit   'path-exists': [ '4.0.0' ],
410 silly audit   'path-is-absolute': [ '1.0.1' ],
410 silly audit   'path-key': [ '3.1.1' ],
410 silly audit   'path-parse': [ '1.0.7' ],
410 silly audit   'path-scurry': [ '1.11.1' ],
410 silly audit   picocolors: [ '1.1.1' ],
410 silly audit   picomatch: [ '4.0.3' ],
410 silly audit   'possible-typed-array-names': [ '1.1.0' ],
410 silly audit   'postcss-value-parser': [ '4.2.0' ],
410 silly audit   preact: [ '10.28.2' ],
410 silly audit   'preact-render-to-string': [ '5.2.6' ],
410 silly audit   'prelude-ls': [ '1.2.1' ],
410 silly audit   'pretty-format': [ '3.8.0' ],
410 silly audit   prisma: [ '5.22.0' ],
410 silly audit   'prop-types': [ '15.8.1' ],
410 silly audit   punycode: [ '2.3.1' ],
410 silly audit   'queue-microtask': [ '1.2.3' ],
410 silly audit   react: [ '18.3.1' ],
410 silly audit   'react-dom': [ '18.3.1' ],
410 silly audit   'react-is': [ '16.13.1' ],
410 silly audit   'react-remove-scroll': [ '2.7.2' ],
410 silly audit   'react-remove-scroll-bar': [ '2.3.8' ],
410 silly audit   'react-style-singleton': [ '2.2.3' ],
410 silly audit   'reflect.getprototypeof': [ '1.0.10' ],
410 silly audit   'regexp.prototype.flags': [ '1.5.4' ],
410 silly audit   'resolve-from': [ '4.0.0' ],
410 silly audit   'resolve-pkg-maps': [ '1.0.0' ],
410 silly audit   reusify: [ '1.1.0' ],
410 silly audit   rimraf: [ '3.0.2' ],
410 silly audit   'run-parallel': [ '1.2.0' ],
410 silly audit   'safe-array-concat': [ '1.1.3' ],
410 silly audit   'safe-push-apply': [ '1.0.0' ],
410 silly audit   'safe-regex-test': [ '1.1.0' ],
410 silly audit   scheduler: [ '0.23.2' ],
410 silly audit   'set-function-length': [ '1.2.2' ],
410 silly audit   'set-function-name': [ '2.0.2' ],
410 silly audit   'set-proto': [ '1.0.0' ],
410 silly audit   'shebang-command': [ '2.0.0' ],
410 silly audit   'shebang-regex': [ '3.0.0' ],
410 silly audit   'side-channel': [ '1.1.0' ],
410 silly audit   'side-channel-list': [ '1.0.0' ],
410 silly audit   'side-channel-map': [ '1.0.1' ],
410 silly audit   'side-channel-weakmap': [ '1.0.2' ],
410 silly audit   'signal-exit': [ '4.1.0' ],
410 silly audit   'source-map-js': [ '1.2.1' ],
410 silly audit   'stable-hash': [ '0.0.5' ],
410 silly audit   'stop-iteration-iterator': [ '1.1.0' ],
410 silly audit   streamsearch: [ '1.1.0' ],
410 silly audit   'string-width': [ '5.1.2', '4.2.3' ],
410 silly audit   'string.prototype.includes': [ '2.0.1' ],
410 silly audit   'string.prototype.matchall': [ '4.0.12' ],
410 silly audit   'string.prototype.repeat': [ '1.0.0' ],
410 silly audit   'string.prototype.trim': [ '1.2.10' ],
410 silly audit   'string.prototype.trimend': [ '1.0.9' ],
410 silly audit   'string.prototype.trimstart': [ '1.0.8' ],
410 silly audit   'strip-bom': [ '3.0.0' ],
410 silly audit   'strip-json-comments': [ '3.1.1' ],
410 silly audit   'styled-jsx': [ '5.1.1' ],
410 silly audit   'supports-color': [ '7.2.0' ],
410 silly audit   'supports-preserve-symlinks-flag': [ '1.0.0' ],
410 silly audit   'tailwind-merge': [ '3.4.0' ],
410 silly audit   tailwindcss: [ '4.1.18' ],
410 silly audit   tapable: [ '2.3.0' ],
410 silly audit   'text-table': [ '0.2.0' ],
410 silly audit   tinyglobby: [ '0.2.15' ],
410 silly audit   'ts-api-utils': [ '2.4.0' ],
410 silly audit   'tsconfig-paths': [ '3.15.0' ],
410 silly audit   'type-check': [ '0.4.0' ],
410 silly audit   'type-fest': [ '0.20.2' ],
410 silly audit   'typed-array-buffer': [ '1.0.3' ],
410 silly audit   'typed-array-byte-length': [ '1.0.3' ],
410 silly audit   'typed-array-byte-offset': [ '1.0.4' ],
410 silly audit   'typed-array-length': [ '1.0.7' ],
410 silly audit   typescript: [ '5.9.3' ],
410 silly audit   'unbox-primitive': [ '1.1.0' ],
410 silly audit   'unrs-resolver': [ '1.11.1' ],
410 silly audit   'update-browserslist-db': [ '1.2.3' ],
410 silly audit   'uri-js': [ '4.4.1' ],
410 silly audit   'use-callback-ref': [ '1.3.3' ],
410 silly audit   'use-sidecar': [ '1.1.3' ],
410 silly audit   uuid: [ '8.3.2' ],
410 silly audit   which: [ '2.0.2' ],
410 silly audit   'which-boxed-primitive': [ '1.1.1' ],
410 silly audit   'which-builtin-type': [ '1.2.1' ],
410 silly audit   'which-collection': [ '1.0.2' ],
410 silly audit   'which-typed-array': [ '1.1.20' ],
410 silly audit   'word-wrap': [ '1.2.5' ],
410 silly audit   'wrap-ansi': [ '8.1.0', '7.0.0' ],
410 silly audit   wrappy: [ '1.0.2' ],
410 silly audit   yallist: [ '4.0.0' ],
410 silly audit   'yocto-queue': [ '0.1.0' ],
410 silly audit   '@types/nodemailer': [ '7.0.5' ],
410 silly audit   '@aws-sdk/client-sesv2': [ '3.971.0' ],
410 silly audit   '@aws-crypto/sha256-browser': [ '5.2.0' ],
410 silly audit   '@aws-crypto/sha256-js': [ '5.2.0' ],
410 silly audit   '@aws-sdk/core': [ '3.970.0' ],
410 silly audit   '@aws-sdk/credential-provider-node': [ '3.971.0' ],
410 silly audit   '@aws-sdk/middleware-host-header': [ '3.969.0' ],
410 silly audit   '@aws-sdk/middleware-logger': [ '3.969.0' ],
410 silly audit   '@aws-sdk/middleware-recursion-detection': [ '3.969.0' ],
410 silly audit   '@aws-sdk/middleware-user-agent': [ '3.970.0' ],
410 silly audit   '@aws-sdk/region-config-resolver': [ '3.969.0' ],
410 silly audit   '@aws-sdk/signature-v4-multi-region': [ '3.970.0' ],
410 silly audit   '@aws-sdk/types': [ '3.969.0' ],
410 silly audit   '@aws-sdk/util-endpoints': [ '3.970.0' ],
410 silly audit   '@aws-sdk/util-user-agent-browser': [ '3.969.0' ],
410 silly audit   '@aws-sdk/util-user-agent-node': [ '3.971.0' ],
410 silly audit   '@smithy/config-resolver': [ '4.4.6' ],
410 silly audit   '@smithy/core': [ '3.20.7' ],
410 silly audit   '@smithy/fetch-http-handler': [ '5.3.9' ],
410 silly audit   '@smithy/hash-node': [ '4.2.8' ],
410 silly audit   '@smithy/invalid-dependency': [ '4.2.8' ],
410 silly audit   '@smithy/middleware-content-length': [ '4.2.8' ],
410 silly audit   '@smithy/middleware-endpoint': [ '4.4.8' ],
410 silly audit   '@smithy/middleware-retry': [ '4.4.24' ],
410 silly audit   '@smithy/middleware-serde': [ '4.2.9' ],
410 silly audit   '@smithy/middleware-stack': [ '4.2.8' ],
410 silly audit   '@smithy/node-config-provider': [ '4.3.8' ],
410 silly audit   '@smithy/node-http-handler': [ '4.4.8' ],
410 silly audit   '@smithy/protocol-http': [ '5.3.8' ],
410 silly audit   '@smithy/smithy-client': [ '4.10.9' ],
410 silly audit   '@smithy/types': [ '4.12.0' ],
410 silly audit   '@smithy/url-parser': [ '4.2.8' ],
410 silly audit   '@smithy/util-base64': [ '4.3.0' ],
410 silly audit   '@smithy/util-body-length-browser': [ '4.2.0' ],
410 silly audit   '@smithy/util-body-length-node': [ '4.2.1' ],
410 silly audit   '@smithy/util-defaults-mode-browser': [ '4.3.23' ],
410 silly audit   '@smithy/util-defaults-mode-node': [ '4.2.26' ],
410 silly audit   '@smithy/util-endpoints': [ '3.2.8' ],
410 silly audit   '@smithy/util-middleware': [ '4.2.8' ],
410 silly audit   '@smithy/util-retry': [ '4.2.8' ],
410 silly audit   '@smithy/util-utf8': [ '4.2.0', '2.3.0' ],
410 silly audit   '@aws-crypto/supports-web-crypto': [ '5.2.0' ],
410 silly audit   '@aws-crypto/util': [ '5.2.0' ],
410 silly audit   '@aws-sdk/util-locate-window': [ '3.965.2' ],
410 silly audit   '@aws-sdk/xml-builder': [ '3.969.0' ],
410 silly audit   '@smithy/property-provider': [ '4.2.8' ],
410 silly audit   '@smithy/signature-v4': [ '5.3.8' ],
410 silly audit   '@aws-sdk/credential-provider-env': [ '3.970.0' ],
410 silly audit   '@aws-sdk/credential-provider-http': [ '3.970.0' ],
410 silly audit   '@aws-sdk/credential-provider-ini': [ '3.971.0' ],
410 silly audit   '@aws-sdk/credential-provider-process': [ '3.970.0' ],
410 silly audit   '@aws-sdk/credential-provider-sso': [ '3.971.0' ],
410 silly audit   '@aws-sdk/credential-provider-web-identity': [ '3.971.0' ],
410 silly audit   '@smithy/credential-provider-imds': [ '4.2.8' ],
410 silly audit   '@smithy/shared-ini-file-loader': [ '4.4.3' ],
410 silly audit   '@smithy/util-stream': [ '4.5.10' ],
410 silly audit   '@aws-sdk/credential-provider-login': [ '3.971.0' ],
410 silly audit   '@aws-sdk/nested-clients': [ '3.971.0' ],
410 silly audit   '@aws-sdk/client-sso': [ '3.971.0' ],
410 silly audit   '@aws-sdk/token-providers': [ '3.971.0' ],
410 silly audit   '@aws/lambda-invoke-store': [ '0.2.3' ],
410 silly audit   '@aws-sdk/middleware-sdk-s3': [ '3.970.0' ],
410 silly audit   '@aws-sdk/util-arn-parser': [ '3.968.0' ],
410 silly audit   '@smithy/util-config-provider': [ '4.2.0' ],
410 silly audit   bowser: [ '2.13.1' ],
410 silly audit   'fast-xml-parser': [ '5.2.5' ],
410 silly audit   '@smithy/uuid': [ '1.1.0' ],
410 silly audit   '@smithy/querystring-builder': [ '4.2.8' ],
410 silly audit   '@smithy/util-buffer-from': [ '4.2.0', '2.2.0' ],
410 silly audit   '@smithy/service-error-classification': [ '4.2.8' ],
410 silly audit   '@smithy/abort-controller': [ '4.2.8' ],
410 silly audit   '@smithy/util-uri-escape': [ '4.2.0' ],
410 silly audit   '@smithy/is-array-buffer': [ '4.2.0', '2.2.0' ],
410 silly audit   '@smithy/util-hex-encoding': [ '4.2.0' ],
410 silly audit   '@smithy/querystring-parser': [ '4.2.8' ],
410 silly audit   strnum: [ '2.1.2' ],
410 silly audit   '@tailwindcss/oxide-wasm32-wasi': [ '4.1.18' ]
410 silly audit }
411 verbose reify failed optional dependency /Users/chengfang/Downloads/make money/shopping/node_modules/lightningcss-win32-x64-msvc
412 silly reify mark deleted [
412 silly reify   '/Users/chengfang/Downloads/make money/shopping/node_modules/lightningcss-win32-x64-msvc'
412 silly reify ]
413 verbose reify failed optional dependency /Users/chengfang/Downloads/make money/shopping/node_modules/lightningcss-win32-arm64-msvc
414 silly reify mark deleted [
414 silly reify   '/Users/chengfang/Downloads/make money/shopping/node_modules/lightningcss-win32-arm64-msvc'
414 silly reify ]
415 verbose reify failed optional dependency /Users/chengfang/Downloads/make money/shopping/node_modules/lightningcss-linux-x64-musl
416 silly reify mark deleted [
416 silly reify   '/Users/chengfang/Downloads/make money/shopping/node_modules/lightningcss-linux-x64-musl'
416 silly reify ]
417 verbose reify failed optional dependency /Users/chengfang/Downloads/make money/shopping/node_modules/lightningcss-linux-x64-gnu
418 silly reify mark deleted [
418 silly reify   '/Users/chengfang/Downloads/make money/shopping/node_modules/lightningcss-linux-x64-gnu'
418 silly reify ]
419 verbose reify failed optional dependency /Users/chengfang/Downloads/make money/shopping/node_modules/lightningcss-linux-arm64-musl
420 silly reify mark deleted [
420 silly reify   '/Users/chengfang/Downloads/make money/shopping/node_modules/lightningcss-linux-arm64-musl'
420 silly reify ]
421 verbose reify failed optional dependency /Users/chengfang/Downloads/make money/shopping/node_modules/lightningcss-linux-arm64-gnu
422 silly reify mark deleted [
422 silly reify   '/Users/chengfang/Downloads/make money/shopping/node_modules/lightningcss-linux-arm64-gnu'
422 silly reify ]
423 verbose reify failed optional dependency /Users/chengfang/Downloads/make money/shopping/node_modules/lightningcss-linux-arm-gnueabihf
424 silly reify mark deleted [
424 silly reify   '/Users/chengfang/Downloads/make money/shopping/node_modules/lightningcss-linux-arm-gnueabihf'
424 silly reify ]
425 verbose reify failed optional dependency /Users/chengfang/Downloads/make money/shopping/node_modules/lightningcss-freebsd-x64
426 silly reify mark deleted [
426 silly reify   '/Users/chengfang/Downloads/make money/shopping/node_modules/lightningcss-freebsd-x64'
426 silly reify ]
427 verbose reify failed optional dependency /Users/chengfang/Downloads/make money/shopping/node_modules/lightningcss-darwin-x64
428 silly reify mark deleted [
428 silly reify   '/Users/chengfang/Downloads/make money/shopping/node_modules/lightningcss-darwin-x64'
428 silly reify ]
429 verbose reify failed optional dependency /Users/chengfang/Downloads/make money/shopping/node_modules/lightningcss-android-arm64
430 silly reify mark deleted [
430 silly reify   '/Users/chengfang/Downloads/make money/shopping/node_modules/lightningcss-android-arm64'
430 silly reify ]
431 verbose reify failed optional dependency /Users/chengfang/Downloads/make money/shopping/node_modules/@unrs/resolver-binding-win32-x64-msvc
432 silly reify mark deleted [
432 silly reify   '/Users/chengfang/Downloads/make money/shopping/node_modules/@unrs/resolver-binding-win32-x64-msvc'
432 silly reify ]
433 verbose reify failed optional dependency /Users/chengfang/Downloads/make money/shopping/node_modules/@unrs/resolver-binding-win32-ia32-msvc
434 silly reify mark deleted [
434 silly reify   '/Users/chengfang/Downloads/make money/shopping/node_modules/@unrs/resolver-binding-win32-ia32-msvc'
434 silly reify ]
435 verbose reify failed optional dependency /Users/chengfang/Downloads/make money/shopping/node_modules/@unrs/resolver-binding-win32-arm64-msvc
436 silly reify mark deleted [
436 silly reify   '/Users/chengfang/Downloads/make money/shopping/node_modules/@unrs/resolver-binding-win32-arm64-msvc'
436 silly reify ]
437 verbose reify failed optional dependency /Users/chengfang/Downloads/make money/shopping/node_modules/@unrs/resolver-binding-wasm32-wasi
438 silly reify mark deleted [
438 silly reify   '/Users/chengfang/Downloads/make money/shopping/node_modules/@unrs/resolver-binding-wasm32-wasi'
438 silly reify ]
439 verbose reify failed optional dependency /Users/chengfang/Downloads/make money/shopping/node_modules/@unrs/resolver-binding-linux-x64-musl
440 silly reify mark deleted [
440 silly reify   '/Users/chengfang/Downloads/make money/shopping/node_modules/@unrs/resolver-binding-linux-x64-musl'
440 silly reify ]
441 verbose reify failed optional dependency /Users/chengfang/Downloads/make money/shopping/node_modules/@unrs/resolver-binding-linux-x64-gnu
442 silly reify mark deleted [
442 silly reify   '/Users/chengfang/Downloads/make money/shopping/node_modules/@unrs/resolver-binding-linux-x64-gnu'
442 silly reify ]
443 verbose reify failed optional dependency /Users/chengfang/Downloads/make money/shopping/node_modules/@unrs/resolver-binding-linux-s390x-gnu
444 silly reify mark deleted [
444 silly reify   '/Users/chengfang/Downloads/make money/shopping/node_modules/@unrs/resolver-binding-linux-s390x-gnu'
444 silly reify ]
445 verbose reify failed optional dependency /Users/chengfang/Downloads/make money/shopping/node_modules/@unrs/resolver-binding-linux-riscv64-musl
446 silly reify mark deleted [
446 silly reify   '/Users/chengfang/Downloads/make money/shopping/node_modules/@unrs/resolver-binding-linux-riscv64-musl'
446 silly reify ]
447 verbose reify failed optional dependency /Users/chengfang/Downloads/make money/shopping/node_modules/@unrs/resolver-binding-linux-riscv64-gnu
448 silly reify mark deleted [
448 silly reify   '/Users/chengfang/Downloads/make money/shopping/node_modules/@unrs/resolver-binding-linux-riscv64-gnu'
448 silly reify ]
449 verbose reify failed optional dependency /Users/chengfang/Downloads/make money/shopping/node_modules/@unrs/resolver-binding-linux-ppc64-gnu
450 silly reify mark deleted [
450 silly reify   '/Users/chengfang/Downloads/make money/shopping/node_modules/@unrs/resolver-binding-linux-ppc64-gnu'
450 silly reify ]
451 verbose reify failed optional dependency /Users/chengfang/Downloads/make money/shopping/node_modules/@unrs/resolver-binding-linux-arm64-musl
452 silly reify mark deleted [
452 silly reify   '/Users/chengfang/Downloads/make money/shopping/node_modules/@unrs/resolver-binding-linux-arm64-musl'
452 silly reify ]
453 verbose reify failed optional dependency /Users/chengfang/Downloads/make money/shopping/node_modules/@unrs/resolver-binding-linux-arm64-gnu
454 silly reify mark deleted [
454 silly reify   '/Users/chengfang/Downloads/make money/shopping/node_modules/@unrs/resolver-binding-linux-arm64-gnu'
454 silly reify ]
455 verbose reify failed optional dependency /Users/chengfang/Downloads/make money/shopping/node_modules/@unrs/resolver-binding-linux-arm-musleabihf
456 silly reify mark deleted [
456 silly reify   '/Users/chengfang/Downloads/make money/shopping/node_modules/@unrs/resolver-binding-linux-arm-musleabihf'
456 silly reify ]
457 verbose reify failed optional dependency /Users/chengfang/Downloads/make money/shopping/node_modules/@unrs/resolver-binding-linux-arm-gnueabihf
458 silly reify mark deleted [
458 silly reify   '/Users/chengfang/Downloads/make money/shopping/node_modules/@unrs/resolver-binding-linux-arm-gnueabihf'
458 silly reify ]
459 verbose reify failed optional dependency /Users/chengfang/Downloads/make money/shopping/node_modules/@unrs/resolver-binding-freebsd-x64
460 silly reify mark deleted [
460 silly reify   '/Users/chengfang/Downloads/make money/shopping/node_modules/@unrs/resolver-binding-freebsd-x64'
460 silly reify ]
461 verbose reify failed optional dependency /Users/chengfang/Downloads/make money/shopping/node_modules/@unrs/resolver-binding-darwin-x64
462 silly reify mark deleted [
462 silly reify   '/Users/chengfang/Downloads/make money/shopping/node_modules/@unrs/resolver-binding-darwin-x64'
462 silly reify ]
463 verbose reify failed optional dependency /Users/chengfang/Downloads/make money/shopping/node_modules/@unrs/resolver-binding-android-arm64
464 silly reify mark deleted [
464 silly reify   '/Users/chengfang/Downloads/make money/shopping/node_modules/@unrs/resolver-binding-android-arm64'
464 silly reify ]
465 verbose reify failed optional dependency /Users/chengfang/Downloads/make money/shopping/node_modules/@unrs/resolver-binding-android-arm-eabi
466 silly reify mark deleted [
466 silly reify   '/Users/chengfang/Downloads/make money/shopping/node_modules/@unrs/resolver-binding-android-arm-eabi'
466 silly reify ]
467 verbose reify failed optional dependency /Users/chengfang/Downloads/make money/shopping/node_modules/@tailwindcss/oxide-win32-x64-msvc
468 silly reify mark deleted [
468 silly reify   '/Users/chengfang/Downloads/make money/shopping/node_modules/@tailwindcss/oxide-win32-x64-msvc'
468 silly reify ]
469 verbose reify failed optional dependency /Users/chengfang/Downloads/make money/shopping/node_modules/@tailwindcss/oxide-win32-arm64-msvc
470 silly reify mark deleted [
470 silly reify   '/Users/chengfang/Downloads/make money/shopping/node_modules/@tailwindcss/oxide-win32-arm64-msvc'
470 silly reify ]
471 verbose reify failed optional dependency /Users/chengfang/Downloads/make money/shopping/node_modules/@tailwindcss/oxide-linux-x64-musl
472 silly reify mark deleted [
472 silly reify   '/Users/chengfang/Downloads/make money/shopping/node_modules/@tailwindcss/oxide-linux-x64-musl'
472 silly reify ]
473 verbose reify failed optional dependency /Users/chengfang/Downloads/make money/shopping/node_modules/@tailwindcss/oxide-linux-x64-gnu
474 silly reify mark deleted [
474 silly reify   '/Users/chengfang/Downloads/make money/shopping/node_modules/@tailwindcss/oxide-linux-x64-gnu'
474 silly reify ]
475 verbose reify failed optional dependency /Users/chengfang/Downloads/make money/shopping/node_modules/@tailwindcss/oxide-linux-arm64-musl
476 silly reify mark deleted [
476 silly reify   '/Users/chengfang/Downloads/make money/shopping/node_modules/@tailwindcss/oxide-linux-arm64-musl'
476 silly reify ]
477 verbose reify failed optional dependency /Users/chengfang/Downloads/make money/shopping/node_modules/@tailwindcss/oxide-linux-arm64-gnu
478 silly reify mark deleted [
478 silly reify   '/Users/chengfang/Downloads/make money/shopping/node_modules/@tailwindcss/oxide-linux-arm64-gnu'
478 silly reify ]
479 verbose reify failed optional dependency /Users/chengfang/Downloads/make money/shopping/node_modules/@tailwindcss/oxide-linux-arm-gnueabihf
480 silly reify mark deleted [
480 silly reify   '/Users/chengfang/Downloads/make money/shopping/node_modules/@tailwindcss/oxide-linux-arm-gnueabihf'
480 silly reify ]
481 verbose reify failed optional dependency /Users/chengfang/Downloads/make money/shopping/node_modules/@tailwindcss/oxide-freebsd-x64
482 silly reify mark deleted [
482 silly reify   '/Users/chengfang/Downloads/make money/shopping/node_modules/@tailwindcss/oxide-freebsd-x64'
482 silly reify ]
483 verbose reify failed optional dependency /Users/chengfang/Downloads/make money/shopping/node_modules/@tailwindcss/oxide-darwin-x64
484 silly reify mark deleted [
484 silly reify   '/Users/chengfang/Downloads/make money/shopping/node_modules/@tailwindcss/oxide-darwin-x64'
484 silly reify ]
485 verbose reify failed optional dependency /Users/chengfang/Downloads/make money/shopping/node_modules/@tailwindcss/oxide-android-arm64
486 silly reify mark deleted [
486 silly reify   '/Users/chengfang/Downloads/make money/shopping/node_modules/@tailwindcss/oxide-android-arm64'
486 silly reify ]
487 verbose reify failed optional dependency /Users/chengfang/Downloads/make money/shopping/node_modules/@next/swc-win32-x64-msvc
488 silly reify mark deleted [
488 silly reify   '/Users/chengfang/Downloads/make money/shopping/node_modules/@next/swc-win32-x64-msvc'
488 silly reify ]
489 verbose reify failed optional dependency /Users/chengfang/Downloads/make money/shopping/node_modules/@next/swc-win32-ia32-msvc
490 silly reify mark deleted [
490 silly reify   '/Users/chengfang/Downloads/make money/shopping/node_modules/@next/swc-win32-ia32-msvc'
490 silly reify ]
491 verbose reify failed optional dependency /Users/chengfang/Downloads/make money/shopping/node_modules/@next/swc-win32-arm64-msvc
492 silly reify mark deleted [
492 silly reify   '/Users/chengfang/Downloads/make money/shopping/node_modules/@next/swc-win32-arm64-msvc'
492 silly reify ]
493 verbose reify failed optional dependency /Users/chengfang/Downloads/make money/shopping/node_modules/@next/swc-linux-x64-musl
494 silly reify mark deleted [
494 silly reify   '/Users/chengfang/Downloads/make money/shopping/node_modules/@next/swc-linux-x64-musl'
494 silly reify ]
495 verbose reify failed optional dependency /Users/chengfang/Downloads/make money/shopping/node_modules/@next/swc-linux-x64-gnu
496 silly reify mark deleted [
496 silly reify   '/Users/chengfang/Downloads/make money/shopping/node_modules/@next/swc-linux-x64-gnu'
496 silly reify ]
497 verbose reify failed optional dependency /Users/chengfang/Downloads/make money/shopping/node_modules/@next/swc-linux-arm64-musl
498 silly reify mark deleted [
498 silly reify   '/Users/chengfang/Downloads/make money/shopping/node_modules/@next/swc-linux-arm64-musl'
498 silly reify ]
499 verbose reify failed optional dependency /Users/chengfang/Downloads/make money/shopping/node_modules/@next/swc-linux-arm64-gnu
500 silly reify mark deleted [
500 silly reify   '/Users/chengfang/Downloads/make money/shopping/node_modules/@next/swc-linux-arm64-gnu'
500 silly reify ]
501 verbose reify failed optional dependency /Users/chengfang/Downloads/make money/shopping/node_modules/@next/swc-darwin-x64
502 silly reify mark deleted [
502 silly reify   '/Users/chengfang/Downloads/make money/shopping/node_modules/@next/swc-darwin-x64'
502 silly reify ]
503 timing reifyNode:node_modules/lightningcss-win32-x64-msvc Completed in 18ms
504 timing reifyNode:node_modules/lightningcss-win32-arm64-msvc Completed in 18ms
505 timing reifyNode:node_modules/lightningcss-linux-x64-musl Completed in 18ms
506 timing reifyNode:node_modules/lightningcss-linux-x64-gnu Completed in 18ms
507 timing reifyNode:node_modules/lightningcss-linux-arm64-musl Completed in 18ms
508 timing reifyNode:node_modules/lightningcss-linux-arm64-gnu Completed in 18ms
509 timing reifyNode:node_modules/lightningcss-linux-arm-gnueabihf Completed in 18ms
510 timing reifyNode:node_modules/lightningcss-freebsd-x64 Completed in 18ms
511 timing reifyNode:node_modules/lightningcss-darwin-x64 Completed in 18ms
512 timing reifyNode:node_modules/lightningcss-android-arm64 Completed in 18ms
513 timing reifyNode:node_modules/@unrs/resolver-binding-win32-x64-msvc Completed in 17ms
514 timing reifyNode:node_modules/@unrs/resolver-binding-win32-ia32-msvc Completed in 18ms
515 timing reifyNode:node_modules/@unrs/resolver-binding-win32-arm64-msvc Completed in 18ms
516 timing reifyNode:node_modules/@unrs/resolver-binding-wasm32-wasi Completed in 18ms
517 timing reifyNode:node_modules/@unrs/resolver-binding-linux-x64-musl Completed in 18ms
518 timing reifyNode:node_modules/@unrs/resolver-binding-linux-x64-gnu Completed in 18ms
519 timing reifyNode:node_modules/@unrs/resolver-binding-linux-s390x-gnu Completed in 18ms
520 timing reifyNode:node_modules/@unrs/resolver-binding-linux-riscv64-musl Completed in 18ms
521 timing reifyNode:node_modules/@unrs/resolver-binding-linux-riscv64-gnu Completed in 18ms
522 timing reifyNode:node_modules/@unrs/resolver-binding-linux-ppc64-gnu Completed in 18ms
523 timing reifyNode:node_modules/@unrs/resolver-binding-linux-arm64-musl Completed in 18ms
524 timing reifyNode:node_modules/@unrs/resolver-binding-linux-arm64-gnu Completed in 18ms
525 timing reifyNode:node_modules/@unrs/resolver-binding-linux-arm-musleabihf Completed in 18ms
526 timing reifyNode:node_modules/@unrs/resolver-binding-linux-arm-gnueabihf Completed in 18ms
527 timing reifyNode:node_modules/@unrs/resolver-binding-freebsd-x64 Completed in 18ms
528 timing reifyNode:node_modules/@unrs/resolver-binding-darwin-x64 Completed in 17ms
529 timing reifyNode:node_modules/@unrs/resolver-binding-android-arm64 Completed in 17ms
530 timing reifyNode:node_modules/@unrs/resolver-binding-android-arm-eabi Completed in 17ms
531 timing reifyNode:node_modules/@tailwindcss/oxide-win32-x64-msvc Completed in 17ms
532 timing reifyNode:node_modules/@tailwindcss/oxide-win32-arm64-msvc Completed in 17ms
533 timing reifyNode:node_modules/@tailwindcss/oxide-linux-x64-musl Completed in 17ms
534 timing reifyNode:node_modules/@tailwindcss/oxide-linux-x64-gnu Completed in 17ms
535 timing reifyNode:node_modules/@tailwindcss/oxide-linux-arm64-musl Completed in 17ms
536 timing reifyNode:node_modules/@tailwindcss/oxide-linux-arm64-gnu Completed in 16ms
537 timing reifyNode:node_modules/@tailwindcss/oxide-linux-arm-gnueabihf Completed in 16ms
538 timing reifyNode:node_modules/@tailwindcss/oxide-freebsd-x64 Completed in 16ms
539 timing reifyNode:node_modules/@tailwindcss/oxide-darwin-x64 Completed in 16ms
540 timing reifyNode:node_modules/@tailwindcss/oxide-android-arm64 Completed in 16ms
541 timing reifyNode:node_modules/@next/swc-win32-x64-msvc Completed in 16ms
542 timing reifyNode:node_modules/@next/swc-win32-ia32-msvc Completed in 15ms
543 timing reifyNode:node_modules/@next/swc-win32-arm64-msvc Completed in 15ms
544 timing reifyNode:node_modules/@next/swc-linux-x64-musl Completed in 15ms
545 timing reifyNode:node_modules/@next/swc-linux-x64-gnu Completed in 15ms
546 timing reifyNode:node_modules/@next/swc-linux-arm64-musl Completed in 15ms
547 timing reifyNode:node_modules/@next/swc-linux-arm64-gnu Completed in 15ms
548 timing reifyNode:node_modules/@next/swc-darwin-x64 Completed in 15ms
549 silly tarball no local data for @smithy/util-hex-encoding@https://registry.npmjs.org/@smithy/util-hex-encoding/-/util-hex-encoding-4.2.0.tgz. Extracting by manifest.
550 silly tarball no local data for strnum@https://registry.npmjs.org/strnum/-/strnum-2.1.2.tgz. Extracting by manifest.
551 silly tarball no local data for @smithy/util-uri-escape@https://registry.npmjs.org/@smithy/util-uri-escape/-/util-uri-escape-4.2.0.tgz. Extracting by manifest.
552 silly tarball no local data for @smithy/is-array-buffer@https://registry.npmjs.org/@smithy/is-array-buffer/-/is-array-buffer-4.2.0.tgz. Extracting by manifest.
553 silly tarball no local data for @smithy/service-error-classification@https://registry.npmjs.org/@smithy/service-error-classification/-/service-error-classification-4.2.8.tgz. Extracting by manifest.
554 silly tarball no local data for @smithy/util-buffer-from@https://registry.npmjs.org/@smithy/util-buffer-from/-/util-buffer-from-4.2.0.tgz. Extracting by manifest.
555 silly tarball no local data for @smithy/uuid@https://registry.npmjs.org/@smithy/uuid/-/uuid-1.1.0.tgz. Extracting by manifest.
556 silly tarball no local data for @smithy/querystring-builder@https://registry.npmjs.org/@smithy/querystring-builder/-/querystring-builder-4.2.8.tgz. Extracting by manifest.
557 silly tarball no local data for fast-xml-parser@https://registry.npmjs.org/fast-xml-parser/-/fast-xml-parser-5.2.5.tgz. Extracting by manifest.
558 silly tarball no local data for @smithy/abort-controller@https://registry.npmjs.org/@smithy/abort-controller/-/abort-controller-4.2.8.tgz. Extracting by manifest.
559 silly tarball no local data for @aws-sdk/util-arn-parser@https://registry.npmjs.org/@aws-sdk/util-arn-parser/-/util-arn-parser-3.968.0.tgz. Extracting by manifest.
560 silly tarball no local data for bowser@https://registry.npmjs.org/bowser/-/bowser-2.13.1.tgz. Extracting by manifest.
561 silly tarball no local data for @aws-sdk/middleware-sdk-s3@https://registry.npmjs.org/@aws-sdk/middleware-sdk-s3/-/middleware-sdk-s3-3.970.0.tgz. Extracting by manifest.
562 silly tarball no local data for @aws/lambda-invoke-store@https://registry.npmjs.org/@aws/lambda-invoke-store/-/lambda-invoke-store-0.2.3.tgz. Extracting by manifest.
563 silly tarball no local data for @smithy/querystring-parser@https://registry.npmjs.org/@smithy/querystring-parser/-/querystring-parser-4.2.8.tgz. Extracting by manifest.
564 silly tarball no local data for @aws-sdk/nested-clients@https://registry.npmjs.org/@aws-sdk/nested-clients/-/nested-clients-3.971.0.tgz. Extracting by manifest.
565 silly tarball no local data for @smithy/util-config-provider@https://registry.npmjs.org/@smithy/util-config-provider/-/util-config-provider-4.2.0.tgz. Extracting by manifest.
566 silly tarball no local data for @aws-sdk/token-providers@https://registry.npmjs.org/@aws-sdk/token-providers/-/token-providers-3.971.0.tgz. Extracting by manifest.
567 silly tarball no local data for @aws-sdk/credential-provider-login@https://registry.npmjs.org/@aws-sdk/credential-provider-login/-/credential-provider-login-3.971.0.tgz. Extracting by manifest.
568 silly tarball no local data for @aws-sdk/client-sso@https://registry.npmjs.org/@aws-sdk/client-sso/-/client-sso-3.971.0.tgz. Extracting by manifest.
569 silly tarball no local data for @smithy/util-stream@https://registry.npmjs.org/@smithy/util-stream/-/util-stream-4.5.10.tgz. Extracting by manifest.
570 silly tarball no local data for @smithy/credential-provider-imds@https://registry.npmjs.org/@smithy/credential-provider-imds/-/credential-provider-imds-4.2.8.tgz. Extracting by manifest.
571 silly tarball no local data for @aws-sdk/credential-provider-ini@https://registry.npmjs.org/@aws-sdk/credential-provider-ini/-/credential-provider-ini-3.971.0.tgz. Extracting by manifest.
572 silly tarball no local data for @aws-sdk/credential-provider-web-identity@https://registry.npmjs.org/@aws-sdk/credential-provider-web-identity/-/credential-provider-web-identity-3.971.0.tgz. Extracting by manifest.
573 silly tarball no local data for @smithy/shared-ini-file-loader@https://registry.npmjs.org/@smithy/shared-ini-file-loader/-/shared-ini-file-loader-4.4.3.tgz. Extracting by manifest.
574 silly tarball no local data for @aws-sdk/credential-provider-http@https://registry.npmjs.org/@aws-sdk/credential-provider-http/-/credential-provider-http-3.970.0.tgz. Extracting by manifest.
575 silly tarball no local data for @aws-sdk/credential-provider-process@https://registry.npmjs.org/@aws-sdk/credential-provider-process/-/credential-provider-process-3.970.0.tgz. Extracting by manifest.
576 silly tarball no local data for @aws-sdk/xml-builder@https://registry.npmjs.org/@aws-sdk/xml-builder/-/xml-builder-3.969.0.tgz. Extracting by manifest.
577 silly tarball no local data for @aws-sdk/credential-provider-sso@https://registry.npmjs.org/@aws-sdk/credential-provider-sso/-/credential-provider-sso-3.971.0.tgz. Extracting by manifest.
578 silly tarball no local data for @smithy/property-provider@https://registry.npmjs.org/@smithy/property-provider/-/property-provider-4.2.8.tgz. Extracting by manifest.
579 silly tarball no local data for @aws-sdk/credential-provider-env@https://registry.npmjs.org/@aws-sdk/credential-provider-env/-/credential-provider-env-3.970.0.tgz. Extracting by manifest.
580 silly tarball no local data for @aws-crypto/util@https://registry.npmjs.org/@aws-crypto/util/-/util-5.2.0.tgz. Extracting by manifest.
581 silly tarball no local data for @smithy/signature-v4@https://registry.npmjs.org/@smithy/signature-v4/-/signature-v4-5.3.8.tgz. Extracting by manifest.
582 silly tarball no local data for @smithy/util-endpoints@https://registry.npmjs.org/@smithy/util-endpoints/-/util-endpoints-3.2.8.tgz. Extracting by manifest.
583 silly tarball no local data for @smithy/util-defaults-mode-node@https://registry.npmjs.org/@smithy/util-defaults-mode-node/-/util-defaults-mode-node-4.2.26.tgz. Extracting by manifest.
584 silly tarball no local data for @aws-crypto/supports-web-crypto@https://registry.npmjs.org/@aws-crypto/supports-web-crypto/-/supports-web-crypto-5.2.0.tgz. Extracting by manifest.
585 silly tarball no local data for @smithy/util-middleware@https://registry.npmjs.org/@smithy/util-middleware/-/util-middleware-4.2.8.tgz. Extracting by manifest.
586 silly tarball no local data for @smithy/util-body-length-node@https://registry.npmjs.org/@smithy/util-body-length-node/-/util-body-length-node-4.2.1.tgz. Extracting by manifest.
587 silly tarball no local data for @smithy/util-retry@https://registry.npmjs.org/@smithy/util-retry/-/util-retry-4.2.8.tgz. Extracting by manifest.
588 silly tarball no local data for @aws-sdk/util-locate-window@https://registry.npmjs.org/@aws-sdk/util-locate-window/-/util-locate-window-3.965.2.tgz. Extracting by manifest.
589 silly tarball no local data for @smithy/util-utf8@https://registry.npmjs.org/@smithy/util-utf8/-/util-utf8-4.2.0.tgz. Extracting by manifest.
590 silly tarball no local data for @smithy/util-base64@https://registry.npmjs.org/@smithy/util-base64/-/util-base64-4.3.0.tgz. Extracting by manifest.
591 silly tarball no local data for @smithy/util-body-length-browser@https://registry.npmjs.org/@smithy/util-body-length-browser/-/util-body-length-browser-4.2.0.tgz. Extracting by manifest.
592 silly tarball no local data for @smithy/url-parser@https://registry.npmjs.org/@smithy/url-parser/-/url-parser-4.2.8.tgz. Extracting by manifest.
593 silly tarball no local data for @smithy/util-defaults-mode-browser@https://registry.npmjs.org/@smithy/util-defaults-mode-browser/-/util-defaults-mode-browser-4.3.23.tgz. Extracting by manifest.
594 silly tarball no local data for @smithy/protocol-http@https://registry.npmjs.org/@smithy/protocol-http/-/protocol-http-5.3.8.tgz. Extracting by manifest.
595 silly tarball no local data for @smithy/types@https://registry.npmjs.org/@smithy/types/-/types-4.12.0.tgz. Extracting by manifest.
596 silly tarball no local data for @smithy/smithy-client@https://registry.npmjs.org/@smithy/smithy-client/-/smithy-client-4.10.9.tgz. Extracting by manifest.
597 silly tarball no local data for @smithy/node-http-handler@https://registry.npmjs.org/@smithy/node-http-handler/-/node-http-handler-4.4.8.tgz. Extracting by manifest.
598 silly tarball no local data for @smithy/middleware-retry@https://registry.npmjs.org/@smithy/middleware-retry/-/middleware-retry-4.4.24.tgz. Extracting by manifest.
599 silly tarball no local data for @smithy/middleware-serde@https://registry.npmjs.org/@smithy/middleware-serde/-/middleware-serde-4.2.9.tgz. Extracting by manifest.
600 silly tarball no local data for @smithy/node-config-provider@https://registry.npmjs.org/@smithy/node-config-provider/-/node-config-provider-4.3.8.tgz. Extracting by manifest.
601 silly tarball no local data for @smithy/middleware-content-length@https://registry.npmjs.org/@smithy/middleware-content-length/-/middleware-content-length-4.2.8.tgz. Extracting by manifest.
602 silly tarball no local data for @smithy/middleware-stack@https://registry.npmjs.org/@smithy/middleware-stack/-/middleware-stack-4.2.8.tgz. Extracting by manifest.
603 silly tarball no local data for @smithy/invalid-dependency@https://registry.npmjs.org/@smithy/invalid-dependency/-/invalid-dependency-4.2.8.tgz. Extracting by manifest.
604 silly tarball no local data for @smithy/hash-node@https://registry.npmjs.org/@smithy/hash-node/-/hash-node-4.2.8.tgz. Extracting by manifest.
605 silly tarball no local data for @smithy/fetch-http-handler@https://registry.npmjs.org/@smithy/fetch-http-handler/-/fetch-http-handler-5.3.9.tgz. Extracting by manifest.
606 silly tarball no local data for @smithy/config-resolver@https://registry.npmjs.org/@smithy/config-resolver/-/config-resolver-4.4.6.tgz. Extracting by manifest.
607 silly tarball no local data for @smithy/core@https://registry.npmjs.org/@smithy/core/-/core-3.20.7.tgz. Extracting by manifest.
608 silly tarball no local data for @aws-sdk/util-endpoints@https://registry.npmjs.org/@aws-sdk/util-endpoints/-/util-endpoints-3.970.0.tgz. Extracting by manifest.
609 silly tarball no local data for @aws-sdk/util-user-agent-node@https://registry.npmjs.org/@aws-sdk/util-user-agent-node/-/util-user-agent-node-3.971.0.tgz. Extracting by manifest.
610 silly tarball no local data for @aws-sdk/signature-v4-multi-region@https://registry.npmjs.org/@aws-sdk/signature-v4-multi-region/-/signature-v4-multi-region-3.970.0.tgz. Extracting by manifest.
611 silly tarball no local data for @aws-sdk/util-user-agent-browser@https://registry.npmjs.org/@aws-sdk/util-user-agent-browser/-/util-user-agent-browser-3.969.0.tgz. Extracting by manifest.
612 silly tarball no local data for @aws-sdk/types@https://registry.npmjs.org/@aws-sdk/types/-/types-3.969.0.tgz. Extracting by manifest.
613 silly tarball no local data for @aws-sdk/middleware-recursion-detection@https://registry.npmjs.org/@aws-sdk/middleware-recursion-detection/-/middleware-recursion-detection-3.969.0.tgz. Extracting by manifest.
614 silly tarball no local data for @aws-sdk/region-config-resolver@https://registry.npmjs.org/@aws-sdk/region-config-resolver/-/region-config-resolver-3.969.0.tgz. Extracting by manifest.
615 silly tarball no local data for @aws-sdk/middleware-host-header@https://registry.npmjs.org/@aws-sdk/middleware-host-header/-/middleware-host-header-3.969.0.tgz. Extracting by manifest.
616 silly tarball no local data for @aws-sdk/middleware-logger@https://registry.npmjs.org/@aws-sdk/middleware-logger/-/middleware-logger-3.969.0.tgz. Extracting by manifest.
617 silly tarball no local data for @aws-crypto/sha256-browser@https://registry.npmjs.org/@aws-crypto/sha256-browser/-/sha256-browser-5.2.0.tgz. Extracting by manifest.
618 silly tarball no local data for @aws-sdk/middleware-user-agent@https://registry.npmjs.org/@aws-sdk/middleware-user-agent/-/middleware-user-agent-3.970.0.tgz. Extracting by manifest.
619 silly tarball no local data for @aws-sdk/client-sesv2@https://registry.npmjs.org/@aws-sdk/client-sesv2/-/client-sesv2-3.971.0.tgz. Extracting by manifest.
620 silly tarball no local data for @aws-sdk/core@https://registry.npmjs.org/@aws-sdk/core/-/core-3.970.0.tgz. Extracting by manifest.
621 silly tarball no local data for @aws-crypto/sha256-js@https://registry.npmjs.org/@aws-crypto/sha256-js/-/sha256-js-5.2.0.tgz. Extracting by manifest.
622 silly tarball no local data for @smithy/middleware-endpoint@https://registry.npmjs.org/@smithy/middleware-endpoint/-/middleware-endpoint-4.4.8.tgz. Extracting by manifest.
623 silly tarball no local data for @aws-sdk/credential-provider-node@https://registry.npmjs.org/@aws-sdk/credential-provider-node/-/credential-provider-node-3.971.0.tgz. Extracting by manifest.
624 silly tarball no local data for @smithy/util-utf8@https://registry.npmjs.org/@smithy/util-utf8/-/util-utf8-2.3.0.tgz. Extracting by manifest.
625 silly tarball no local data for @types/nodemailer@https://registry.npmjs.org/@types/nodemailer/-/nodemailer-7.0.5.tgz. Extracting by manifest.
626 silly tarball no local data for @smithy/is-array-buffer@https://registry.npmjs.org/@smithy/is-array-buffer/-/is-array-buffer-2.2.0.tgz. Extracting by manifest.
627 silly tarball no local data for @smithy/util-buffer-from@https://registry.npmjs.org/@smithy/util-buffer-from/-/util-buffer-from-2.2.0.tgz. Extracting by manifest.
628 silly tarball no local data for @smithy/is-array-buffer@https://registry.npmjs.org/@smithy/is-array-buffer/-/is-array-buffer-2.2.0.tgz. Extracting by manifest.
629 silly tarball no local data for @smithy/util-utf8@https://registry.npmjs.org/@smithy/util-utf8/-/util-utf8-2.3.0.tgz. Extracting by manifest.
630 silly tarball no local data for @smithy/util-buffer-from@https://registry.npmjs.org/@smithy/util-buffer-from/-/util-buffer-from-2.2.0.tgz. Extracting by manifest.
631 http fetch POST 200 https://registry.npmjs.org/-/npm/v1/security/advisories/bulk 203ms
632 timing auditReport:getReport Completed in 209ms
633 silly audit report {
633 silly audit report   glob: [
633 silly audit report     {
633 silly audit report       id: 1109842,
633 silly audit report       url: 'https://github.com/advisories/GHSA-5j98-mcp5-4vw2',
633 silly audit report       title: 'glob CLI: Command injection via -c/--cmd executes matches with shell:true',
633 silly audit report       severity: 'high',
633 silly audit report       vulnerable_versions: '>=10.2.0 <10.5.0',
633 silly audit report       cwe: [Array],
633 silly audit report       cvss: [Object]
633 silly audit report     }
633 silly audit report   ],
633 silly audit report   next: [
633 silly audit report     {
633 silly audit report       id: 1101438,
633 silly audit report       url: 'https://github.com/advisories/GHSA-7m27-7ghc-44w9',
633 silly audit report       title: 'Next.js Allows a Denial of Service (DoS) with Server Actions',
633 silly audit report       severity: 'moderate',
633 silly audit report       vulnerable_versions: '>=14.0.0 <14.2.21',
633 silly audit report       cwe: [Array],
633 silly audit report       cvss: [Object]
633 silly audit report     },
633 silly audit report     {
633 silly audit report       id: 1105461,
633 silly audit report       url: 'https://github.com/advisories/GHSA-3h52-269p-cp9r',
633 silly audit report       title: 'Information exposure in Next.js dev server due to lack of origin verification',
633 silly audit report       severity: 'low',
633 silly audit report       vulnerable_versions: '>=13.0 <14.2.30',
633 silly audit report       cwe: [Array],
633 silly audit report       cvss: [Object]
633 silly audit report     },
633 silly audit report     {
633 silly audit report       id: 1111391,
633 silly audit report       url: 'https://github.com/advisories/GHSA-mwv6-3258-q52c',
633 silly audit report       title: 'Next Vulnerable to Denial of Service with Server Components',
633 silly audit report       severity: 'high',
633 silly audit report       vulnerable_versions: '>=13.3.0 <14.2.34',
633 silly audit report       cwe: [Array],
633 silly audit report       cvss: [Object]
633 silly audit report     },
633 silly audit report     {
633 silly audit report       id: 1107226,
633 silly audit report       url: 'https://github.com/advisories/GHSA-g5qg-72qw-gw5v',
633 silly audit report       title: 'Next.js Affected by Cache Key Confusion for Image Optimization API Routes',
633 silly audit report       severity: 'moderate',
633 silly audit report       vulnerable_versions: '>=0.9.9 <14.2.31',
633 silly audit report       cwe: [Array],
633 silly audit report       cvss: [Object]
633 silly audit report     },
633 silly audit report     {
633 silly audit report       id: 1107512,
633 silly audit report       url: 'https://github.com/advisories/GHSA-4342-x723-ch2f',
633 silly audit report       title: 'Next.js Improper Middleware Redirect Handling Leads to SSRF',
633 silly audit report       severity: 'moderate',
633 silly audit report       vulnerable_versions: '>=0.9.9 <14.2.32',
633 silly audit report       cwe: [Array],
633 silly audit report       cvss: [Object]
633 silly audit report     },
633 silly audit report     {
633 silly audit report       id: 1107513,
633 silly audit report       url: 'https://github.com/advisories/GHSA-xv57-4mr9-wg8v',
633 silly audit report       title: 'Next.js Content Injection Vulnerability for Image Optimization',
633 silly audit report       severity: 'moderate',
633 silly audit report       vulnerable_versions: '>=0.9.9 <14.2.31',
633 silly audit report       cwe: [Array],
633 silly audit report       cvss: [Object]
633 silly audit report     },
633 silly audit report     {
633 silly audit report       id: 1112182,
633 silly audit report       url: 'https://github.com/advisories/GHSA-5j59-xgg2-r9c4',
633 silly audit report       title: 'Next has a Denial of Service with Server Components - Incomplete Fix Follow-Up',
633 silly audit report       severity: 'high',
633 silly audit report       vulnerable_versions: '>=13.3.1-canary.0 <14.2.35',
633 silly audit report       cwe: [Array],
633 silly audit report       cvss: [Object]
633 silly audit report     },
633 silly audit report     {
633 silly audit report       id: 1108291,
633 silly audit report       url: 'https://github.com/advisories/GHSA-qpjv-v59x-3qc4',
633 silly audit report       title: 'Next.js Race Condition to Cache Poisoning',
633 silly audit report       severity: 'low',
633 silly audit report       vulnerable_versions: '>=0.9.9 <14.2.24',
633 silly audit report       cwe: [Array],
633 silly audit report       cvss: [Object]
633 silly audit report     },
633 silly audit report     {
633 silly audit report       id: 1108953,
633 silly audit report       url: 'https://github.com/advisories/GHSA-f82v-jwr5-mffw',
633 silly audit report       title: 'Authorization Bypass in Next.js Middleware',
633 silly audit report       severity: 'critical',
633 silly audit report       vulnerable_versions: '>=14.0.0 <14.2.25',
633 silly audit report       cwe: [Array],
633 silly audit report       cvss: [Object]
633 silly audit report     }
633 silly audit report   ]
633 silly audit report }
634 timing metavuln:cache:get:security-advisory:glob:NTB2XjbDOgk4lkd8PZ3tUAm1F3E/ohGF6rl9/3LEO7Z0FDzSR5nWwzd3nUENA3NCNdyeR+35DOC12wPml2IV+g== Completed in 4ms
635 timing metavuln:cache:get:security-advisory:next:NpdQYf+4OaOvlNiZgkhHLNCcOTe84gjeay11sdJQ2HSe2hRovddeIJqZfGwiLh+ns7klO1J2oxhVS+ou+h9gmw== Completed in 3ms
636 timing metavuln:cache:get:security-advisory:next:kXDE+ksbJYUI4TFImWPb/49o4hwXXT1nqPUeSTV/SE/IB3qFFazOXmXgn5PPbKkz9ewVGi6qMNNgGfrNX4hqIg== Completed in 4ms
637 timing metavuln:cache:get:security-advisory:next:+SMXIcdP7mb700j3lAUXRoUbwPUmDwsGMfkqi8EBxAInsFmBr7fDz7ceH3WCcBFoF44s9qJcAZp3YRfZSyk8qw== Completed in 4ms
638 timing metavuln:cache:get:security-advisory:next:n5a9KQ6qrNT6JQ44Rf2Xtzz6WJl955smjsX9drReW2YE8Ijlcs8Nw86TABEapCU3g0czO4BxXFB5ulSPlPgU9w== Completed in 4ms
639 timing metavuln:cache:get:security-advisory:next:m1juSglhJQv6nr2Qd3fhaBRO3xSWDkIwePr5Y8MKgwiMDtGjVAtSoOHMXp3f9z6nPLepu8CsJK3YosBO7hEskA== Completed in 4ms
640 timing metavuln:cache:get:security-advisory:next:WQCkHVGQkg6zsfYbmLOI+zBNEYhu4v1g6kXs5vVSFeehybhiXOKxuSPsV71Q4mBoY+gct03Ww794KjXwXHvGWA== Completed in 5ms
641 timing metavuln:cache:get:security-advisory:next:WrVaG6WkSvpCYPPQKNUv2SLuXz5XL9xKn9KHPtqw/Y+V4JFUbfvGu7iPZR/4d1/dHzlII2csAkP3UXbKSPpZTA== Completed in 5ms
642 timing metavuln:cache:get:security-advisory:next:VmINk4sjQ5jqxRvJ2axYcaD3FqreNBMC4jAobfjDjUAn5dOOUzgsn/LLTyEYZvi7HDGR/ppGR9Jxp8UWVvHDIw== Completed in 5ms
643 timing metavuln:cache:get:security-advisory:next:3YEnowU0F/efIZFkDoFxQZjNq2qcmakBCRjEbrgPcrnqNOUxoJgvhg+PrXGQZbW/4yvsmMJX4gbpxuAhPD8bvg== Completed in 6ms
644 http fetch GET 200 https://registry.npmjs.org/@smithy/service-error-classification/-/service-error-classification-4.2.8.tgz 226ms (cache miss)
645 http fetch GET 200 https://registry.npmjs.org/strnum/-/strnum-2.1.2.tgz 229ms (cache miss)
646 http fetch GET 200 https://registry.npmjs.org/@aws/lambda-invoke-store/-/lambda-invoke-store-0.2.3.tgz 188ms (cache miss)
647 http fetch GET 200 https://registry.npmjs.org/@smithy/uuid/-/uuid-1.1.0.tgz 220ms (cache miss)
648 http fetch GET 200 https://registry.npmjs.org/@smithy/querystring-builder/-/querystring-builder-4.2.8.tgz 220ms (cache miss)
649 timing reifyNode:node_modules/@smithy/querystring-builder Completed in 266ms
650 timing reifyNode:node_modules/@aws/lambda-invoke-store Completed in 265ms
651 http fetch GET 200 https://registry.npmjs.org/@smithy/util-buffer-from/-/util-buffer-from-4.2.0.tgz 229ms (cache miss)
652 http fetch GET 200 https://registry.npmjs.org/@aws-sdk/util-arn-parser/-/util-arn-parser-3.968.0.tgz 214ms (cache miss)
653 timing reifyNode:node_modules/@aws-sdk/util-arn-parser Completed in 266ms
654 timing reifyNode:node_modules/@smithy/util-buffer-from Completed in 267ms
655 timing reifyNode:node_modules/strnum Completed in 268ms
656 http fetch GET 200 https://registry.npmjs.org/@smithy/querystring-parser/-/querystring-parser-4.2.8.tgz 193ms (cache miss)
657 timing reifyNode:node_modules/@smithy/service-error-classification Completed in 267ms
658 timing reifyNode:node_modules/@smithy/querystring-parser Completed in 268ms
659 http fetch GET 200 https://registry.npmjs.org/@smithy/abort-controller/-/abort-controller-4.2.8.tgz 222ms (cache miss)
660 http fetch GET 200 https://registry.npmjs.org/@smithy/util-uri-escape/-/util-uri-escape-4.2.0.tgz 234ms (cache miss)
661 timing reifyNode:node_modules/@smithy/abort-controller Completed in 268ms
662 http fetch GET 200 https://registry.npmjs.org/bowser/-/bowser-2.13.1.tgz 205ms (cache miss)
663 timing reifyNode:node_modules/@smithy/util-uri-escape Completed in 269ms
664 timing reifyNode:node_modules/bowser Completed in 269ms
665 timing reifyNode:node_modules/@smithy/uuid Completed in 270ms
666 http fetch GET 200 https://registry.npmjs.org/@aws-sdk/token-providers/-/token-providers-3.971.0.tgz 250ms (cache miss)
667 http fetch GET 200 https://registry.npmjs.org/@aws-sdk/credential-provider-web-identity/-/credential-provider-web-identity-3.971.0.tgz 230ms (cache miss)
668 http fetch GET 200 https://registry.npmjs.org/@aws-sdk/credential-provider-login/-/credential-provider-login-3.971.0.tgz 285ms (cache miss)
669 http fetch GET 200 https://registry.npmjs.org/@smithy/is-array-buffer/-/is-array-buffer-4.2.0.tgz 335ms (cache miss)
670 timing reifyNode:node_modules/@aws-sdk/credential-provider-login Completed in 371ms
671 timing reifyNode:node_modules/@smithy/is-array-buffer Completed in 375ms
672 http fetch GET 200 https://registry.npmjs.org/@smithy/util-hex-encoding/-/util-hex-encoding-4.2.0.tgz 346ms (cache miss)
673 timing reifyNode:node_modules/@smithy/util-hex-encoding Completed in 380ms
674 http fetch GET 200 https://registry.npmjs.org/@aws-sdk/credential-provider-http/-/credential-provider-http-3.970.0.tgz 262ms (cache miss)
675 http fetch GET 200 https://registry.npmjs.org/@aws-sdk/credential-provider-process/-/credential-provider-process-3.970.0.tgz 263ms (cache miss)
676 timing reifyNode:node_modules/@aws-sdk/credential-provider-web-identity Completed in 391ms
677 http fetch GET 200 https://registry.npmjs.org/@smithy/util-config-provider/-/util-config-provider-4.2.0.tgz 328ms (cache miss)
678 http fetch GET 200 https://registry.npmjs.org/@aws-crypto/util/-/util-5.2.0.tgz 260ms (cache miss)
679 http fetch GET 200 https://registry.npmjs.org/@aws-sdk/credential-provider-env/-/credential-provider-env-3.970.0.tgz 260ms (cache miss)
680 http fetch GET 200 https://registry.npmjs.org/@aws-sdk/credential-provider-sso/-/credential-provider-sso-3.971.0.tgz 281ms (cache miss)
681 timing reifyNode:node_modules/@aws-sdk/credential-provider-env Completed in 419ms
682 http fetch GET 200 https://registry.npmjs.org/@aws-sdk/util-locate-window/-/util-locate-window-3.965.2.tgz 272ms (cache miss)
683 http fetch GET 200 https://registry.npmjs.org/@smithy/util-utf8/-/util-utf8-4.2.0.tgz 272ms (cache miss)
684 http fetch GET 200 https://registry.npmjs.org/@smithy/util-middleware/-/util-middleware-4.2.8.tgz 288ms (cache miss)
685 timing reifyNode:node_modules/@smithy/util-config-provider Completed in 436ms
686 timing reifyNode:node_modules/@aws-sdk/credential-provider-process Completed in 435ms
687 http fetch GET 200 https://registry.npmjs.org/@smithy/util-defaults-mode-node/-/util-defaults-mode-node-4.2.26.tgz 295ms (cache miss)
688 http fetch GET 200 https://registry.npmjs.org/@smithy/util-base64/-/util-base64-4.3.0.tgz 286ms (cache miss)
689 timing reifyNode:node_modules/@aws-sdk/util-locate-window Completed in 444ms
690 http fetch GET 200 https://registry.npmjs.org/@aws-sdk/middleware-sdk-s3/-/middleware-sdk-s3-3.970.0.tgz 380ms (cache miss)
691 timing reifyNode:node_modules/@smithy/util-middleware Completed in 457ms
692 http fetch GET 200 https://registry.npmjs.org/@smithy/url-parser/-/url-parser-4.2.8.tgz 304ms (cache miss)
693 timing reifyNode:node_modules/@smithy/util-defaults-mode-node Completed in 466ms
694 timing reifyNode:node_modules/@aws-sdk/middleware-sdk-s3 Completed in 479ms
695 http fetch GET 200 https://registry.npmjs.org/@smithy/middleware-retry/-/middleware-retry-4.4.24.tgz 329ms (cache miss)
696 timing reifyNode:node_modules/@smithy/url-parser Completed in 492ms
697 http fetch GET 200 https://registry.npmjs.org/@smithy/util-defaults-mode-browser/-/util-defaults-mode-browser-4.3.23.tgz 343ms (cache miss)
698 http fetch GET 200 https://registry.npmjs.org/@smithy/middleware-serde/-/middleware-serde-4.2.9.tgz 341ms (cache miss)
699 timing reifyNode:node_modules/@aws-sdk/token-providers Completed in 538ms
700 http fetch GET 200 https://registry.npmjs.org/@aws-sdk/xml-builder/-/xml-builder-3.969.0.tgz 436ms (cache miss)
701 http fetch GET 200 https://registry.npmjs.org/@smithy/property-provider/-/property-provider-4.2.8.tgz 443ms (cache miss)
702 http fetch GET 200 https://registry.npmjs.org/@aws-sdk/credential-provider-ini/-/credential-provider-ini-3.971.0.tgz 506ms (cache miss)
703 http fetch GET 200 https://registry.npmjs.org/@aws-crypto/supports-web-crypto/-/supports-web-crypto-5.2.0.tgz 454ms (cache miss)
704 timing reifyNode:node_modules/@aws-sdk/xml-builder Completed in 605ms
705 timing reifyNode:node_modules/@smithy/property-provider Completed in 617ms
706 timing reifyNode:node_modules/@aws-crypto/supports-web-crypto Completed in 616ms
707 timing reifyNode:node_modules/@aws-sdk/credential-provider-ini Completed in 625ms
708 timing reifyNode:node_modules/@smithy/util-utf8 Completed in 625ms
709 http fetch GET 200 https://registry.npmjs.org/@smithy/hash-node/-/hash-node-4.2.8.tgz 469ms (cache miss)
710 timing reifyNode:node_modules/@smithy/hash-node Completed in 632ms
711 http fetch GET 200 https://registry.npmjs.org/@smithy/middleware-content-length/-/middleware-content-length-4.2.8.tgz 472ms (cache miss)
712 http fetch GET 200 https://registry.npmjs.org/@smithy/config-resolver/-/config-resolver-4.4.6.tgz 477ms (cache miss)
713 timing reifyNode:node_modules/@smithy/middleware-content-length Completed in 647ms
714 timing reifyNode:node_modules/@smithy/middleware-serde Completed in 649ms
715 http fetch GET 200 https://registry.npmjs.org/@smithy/util-body-length-browser/-/util-body-length-browser-4.2.0.tgz 498ms (cache miss)
716 http fetch GET 200 https://registry.npmjs.org/@aws-sdk/signature-v4-multi-region/-/signature-v4-multi-region-3.970.0.tgz 487ms (cache miss)
717 http fetch GET 200 https://registry.npmjs.org/@aws-sdk/util-user-agent-browser/-/util-user-agent-browser-3.969.0.tgz 484ms (cache miss)
718 http fetch GET 200 https://registry.npmjs.org/@aws-sdk/util-user-agent-node/-/util-user-agent-node-3.971.0.tgz 488ms (cache miss)
719 timing reifyNode:node_modules/@smithy/util-defaults-mode-browser Completed in 656ms
720 http fetch GET 200 https://registry.npmjs.org/@aws-sdk/util-endpoints/-/util-endpoints-3.970.0.tgz 495ms (cache miss)
721 http fetch GET 200 https://registry.npmjs.org/glob 465ms (cache revalidated)
722 timing metavuln:packument:glob Completed in 467ms
723 timing metavuln:load:security-advisory:glob:1109842 Completed in 1ms
724 timing metavuln:calculate:security-advisory:glob:1109842 Completed in 468ms
725 timing reifyNode:node_modules/@aws-sdk/credential-provider-sso Completed in 677ms
726 timing reifyNode:node_modules/@smithy/util-body-length-browser Completed in 684ms
727 http fetch GET 200 https://registry.npmjs.org/@aws-sdk/middleware-recursion-detection/-/middleware-recursion-detection-3.969.0.tgz 523ms (cache miss)
728 http fetch GET 200 https://registry.npmjs.org/@aws-sdk/credential-provider-node/-/credential-provider-node-3.971.0.tgz 520ms (cache miss)
729 http fetch GET 200 https://registry.npmjs.org/@aws-sdk/middleware-user-agent/-/middleware-user-agent-3.970.0.tgz 524ms (cache miss)
730 http fetch GET 200 https://registry.npmjs.org/@smithy/invalid-dependency/-/invalid-dependency-4.2.8.tgz 535ms (cache miss)
731 http fetch GET 200 https://registry.npmjs.org/@aws-sdk/middleware-host-header/-/middleware-host-header-3.969.0.tgz 527ms (cache miss)
732 http fetch GET 200 https://registry.npmjs.org/@aws-sdk/region-config-resolver/-/region-config-resolver-3.969.0.tgz 528ms (cache miss)
733 http fetch GET 200 https://registry.npmjs.org/@smithy/util-body-length-node/-/util-body-length-node-4.2.1.tgz 553ms (cache miss)
734 http fetch GET 200 https://registry.npmjs.org/@aws-sdk/middleware-logger/-/middleware-logger-3.969.0.tgz 528ms (cache miss)
735 http fetch GET 200 https://registry.npmjs.org/@smithy/util-utf8/-/util-utf8-2.3.0.tgz 526ms (cache miss)
736 timing reifyNode:node_modules/@smithy/util-base64 Completed in 702ms
737 http fetch GET 200 https://registry.npmjs.org/@smithy/is-array-buffer/-/is-array-buffer-2.2.0.tgz 527ms (cache miss)
738 http fetch GET 200 https://registry.npmjs.org/@smithy/middleware-stack/-/middleware-stack-4.2.8.tgz 540ms (cache miss)
739 timing reifyNode:node_modules/@aws-sdk/middleware-host-header Completed in 703ms
740 timing reifyNode:node_modules/@aws-crypto/util/node_modules/@smithy/is-array-buffer Completed in 712ms
741 timing reifyNode:node_modules/@smithy/invalid-dependency Completed in 710ms
742 http fetch GET 200 https://registry.npmjs.org/@smithy/fetch-http-handler/-/fetch-http-handler-5.3.9.tgz 548ms (cache miss)
743 timing reifyNode:node_modules/@aws-sdk/middleware-logger Completed in 711ms
744 http fetch GET 200 https://registry.npmjs.org/@smithy/util-buffer-from/-/util-buffer-from-2.2.0.tgz 538ms (cache miss)
745 timing reifyNode:node_modules/@aws-crypto/sha256-browser/node_modules/@smithy/util-buffer-from Completed in 712ms
746 timing reifyNode:node_modules/@smithy/util-body-length-node Completed in 714ms
747 timing reifyNode:node_modules/@smithy/middleware-stack Completed in 715ms
748 http fetch GET 200 https://registry.npmjs.org/@smithy/is-array-buffer/-/is-array-buffer-2.2.0.tgz 541ms (cache miss)
749 timing reifyNode:node_modules/@aws-crypto/sha256-browser/node_modules/@smithy/is-array-buffer Completed in 715ms
750 timing reifyNode:node_modules/@aws-sdk/signature-v4-multi-region Completed in 717ms
751 http fetch GET 200 https://registry.npmjs.org/@smithy/node-config-provider/-/node-config-provider-4.3.8.tgz 561ms (cache miss)
752 timing reifyNode:node_modules/@smithy/fetch-http-handler Completed in 720ms
753 timing reifyNode:node_modules/@aws-crypto/util Completed in 726ms
754 http fetch GET 200 https://registry.npmjs.org/@smithy/util-buffer-from/-/util-buffer-from-2.2.0.tgz 540ms (cache miss)
755 timing reifyNode:node_modules/@aws-crypto/util/node_modules/@smithy/util-buffer-from Completed in 726ms
756 timing reifyNode:node_modules/@aws-sdk/credential-provider-http Completed in 728ms
757 timing reifyNode:node_modules/@aws-sdk/util-user-agent-browser Completed in 728ms
758 http fetch GET 200 https://registry.npmjs.org/@smithy/util-retry/-/util-retry-4.2.8.tgz 582ms (cache miss)
759 timing reifyNode:node_modules/@smithy/node-config-provider Completed in 729ms
760 timing reifyNode:node_modules/@aws-sdk/util-user-agent-node Completed in 730ms
761 timing reifyNode:node_modules/@smithy/util-retry Completed in 751ms
762 http fetch GET 200 https://registry.npmjs.org/@smithy/protocol-http/-/protocol-http-5.3.8.tgz 602ms (cache miss)
763 timing reifyNode:node_modules/@aws-sdk/credential-provider-node Completed in 767ms
764 timing reifyNode:node_modules/@smithy/protocol-http Completed in 772ms
765 timing reifyNode:node_modules/@aws-sdk/middleware-recursion-detection Completed in 772ms
766 timing reifyNode:node_modules/@aws-sdk/middleware-user-agent Completed in 772ms
767 http fetch GET 200 https://registry.npmjs.org/@smithy/shared-ini-file-loader/-/shared-ini-file-loader-4.4.3.tgz 658ms (cache miss)
768 timing reifyNode:node_modules/@smithy/shared-ini-file-loader Completed in 783ms
769 http fetch GET 200 https://registry.npmjs.org/fast-xml-parser/-/fast-xml-parser-5.2.5.tgz 740ms (cache miss)
770 timing reifyNode:node_modules/@aws-crypto/util/node_modules/@smithy/util-utf8 Completed in 784ms
771 timing reifyNode:node_modules/fast-xml-parser Completed in 790ms
772 http fetch GET 200 https://registry.npmjs.org/@smithy/util-utf8/-/util-utf8-2.3.0.tgz 615ms (cache miss)
773 http fetch GET 200 https://registry.npmjs.org/@smithy/signature-v4/-/signature-v4-5.3.8.tgz 663ms (cache miss)
774 timing reifyNode:node_modules/@aws-crypto/sha256-browser/node_modules/@smithy/util-utf8 Completed in 804ms
775 http fetch GET 200 https://registry.npmjs.org/@smithy/credential-provider-imds/-/credential-provider-imds-4.2.8.tgz 737ms (cache miss)
776 timing reifyNode:node_modules/@smithy/signature-v4 Completed in 843ms
777 http fetch GET 200 https://registry.npmjs.org/@smithy/util-stream/-/util-stream-4.5.10.tgz 755ms (cache miss)
778 timing reifyNode:node_modules/@smithy/credential-provider-imds Completed in 847ms
779 timing reifyNode:node_modules/@smithy/util-stream Completed in 858ms
780 timing reifyNode:node_modules/@smithy/middleware-retry Completed in 857ms
781 timing reifyNode:node_modules/@aws-sdk/region-config-resolver Completed in 868ms
782 http fetch GET 200 https://registry.npmjs.org/@aws-crypto/sha256-browser/-/sha256-browser-5.2.0.tgz 698ms (cache miss)
783 timing reifyNode:node_modules/@aws-crypto/sha256-browser Completed in 1005ms
784 http fetch GET 200 https://registry.npmjs.org/@aws-crypto/sha256-js/-/sha256-js-5.2.0.tgz 913ms (cache miss)
785 timing reifyNode:node_modules/@aws-crypto/sha256-js Completed in 1097ms
786 http fetch GET 200 https://registry.npmjs.org/@smithy/node-http-handler/-/node-http-handler-4.4.8.tgz 973ms (cache miss)
787 timing reifyNode:node_modules/@smithy/node-http-handler Completed in 1161ms
788 http fetch GET 200 https://registry.npmjs.org/@smithy/middleware-endpoint/-/middleware-endpoint-4.4.8.tgz 1133ms (cache miss)
789 timing reifyNode:node_modules/@aws-sdk/util-endpoints Completed in 1341ms
790 timing reifyNode:node_modules/@smithy/middleware-endpoint Completed in 1342ms
791 http fetch GET 200 https://registry.npmjs.org/@smithy/smithy-client/-/smithy-client-4.10.9.tgz 1193ms (cache miss)
792 timing reifyNode:node_modules/@smithy/smithy-client Completed in 1358ms
793 http fetch GET 200 https://registry.npmjs.org/@aws-sdk/client-sso/-/client-sso-3.971.0.tgz 1312ms (cache miss)
794 http fetch GET 200 https://registry.npmjs.org/@types/nodemailer/-/nodemailer-7.0.5.tgz 1225ms (cache miss)
795 timing reifyNode:node_modules/@aws-sdk/client-sso Completed in 1402ms
796 timing reifyNode:node_modules/@types/nodemailer Completed in 1400ms
797 timing reifyNode:node_modules/@smithy/config-resolver Completed in 1421ms
798 http fetch GET 200 https://registry.npmjs.org/@aws-sdk/types/-/types-3.969.0.tgz 1263ms (cache miss)
799 timing reifyNode:node_modules/@aws-sdk/types Completed in 1437ms
800 http fetch GET 200 https://registry.npmjs.org/@smithy/util-endpoints/-/util-endpoints-3.2.8.tgz 1370ms (cache miss)
801 timing reifyNode:node_modules/@smithy/util-endpoints Completed in 1514ms
802 http fetch GET 200 https://registry.npmjs.org/@smithy/types/-/types-4.12.0.tgz 1424ms (cache miss)
803 timing reifyNode:node_modules/@smithy/types Completed in 1580ms
804 http fetch GET 200 https://registry.npmjs.org/@aws-sdk/core/-/core-3.970.0.tgz 1485ms (cache miss)
805 timing reifyNode:node_modules/@aws-sdk/core Completed in 1663ms
806 http fetch GET 200 https://registry.npmjs.org/@smithy/core/-/core-3.20.7.tgz 1579ms (cache miss)
807 timing reifyNode:node_modules/@smithy/core Completed in 1743ms
808 http fetch GET 200 https://registry.npmjs.org/@aws-sdk/nested-clients/-/nested-clients-3.971.0.tgz 1695ms (cache miss)
809 timing reifyNode:node_modules/@aws-sdk/nested-clients Completed in 1770ms
810 http fetch GET 200 https://registry.npmjs.org/@aws-sdk/client-sesv2/-/client-sesv2-3.971.0.tgz 1613ms (cache miss)
811 timing reifyNode:node_modules/@aws-sdk/client-sesv2 Completed in 1786ms
812 timing reify:unpack Completed in 1791ms
813 timing reify:unretire Completed in 0ms
814 timing build:queue Completed in 2ms
815 timing build:link:node_modules/fast-xml-parser Completed in 2ms
816 timing build:link Completed in 2ms
817 timing build:deps Completed in 4ms
818 timing build Completed in 4ms
819 timing reify:build Completed in 4ms
820 timing reify:trash Completed in 2ms
821 timing reify:save Completed in 100ms
822 http fetch GET 200 https://registry.npmjs.org/next 2097ms (cache updated)
823 timing metavuln:packument:next Completed in 2359ms
824 timing metavuln:load:security-advisory:next:1101438 Completed in 37ms
825 timing metavuln:load:security-advisory:next:1105461 Completed in 34ms
826 timing metavuln:load:security-advisory:next:1111391 Completed in 27ms
827 timing metavuln:load:security-advisory:next:1107226 Completed in 32ms
828 timing metavuln:load:security-advisory:next:1107512 Completed in 33ms
829 timing metavuln:load:security-advisory:next:1107513 Completed in 28ms
830 timing metavuln:load:security-advisory:next:1112182 Completed in 25ms
831 timing metavuln:load:security-advisory:next:1108291 Completed in 29ms
832 timing metavuln:load:security-advisory:next:1108953 Completed in 26ms
833 timing metavuln:cache:put:security-advisory:next:VmINk4sjQ5jqxRvJ2axYcaD3FqreNBMC4jAobfjDjUAn5dOOUzgsn/LLTyEYZvi7HDGR/ppGR9Jxp8UWVvHDIw== Completed in 132ms
834 timing metavuln:calculate:security-advisory:next:1107513 Completed in 2688ms
835 timing metavuln:cache:put:security-advisory:next:3YEnowU0F/efIZFkDoFxQZjNq2qcmakBCRjEbrgPcrnqNOUxoJgvhg+PrXGQZbW/4yvsmMJX4gbpxuAhPD8bvg== Completed in 78ms
836 timing metavuln:calculate:security-advisory:next:1108291 Completed in 2689ms
837 timing metavuln:cache:put:security-advisory:next:m1juSglhJQv6nr2Qd3fhaBRO3xSWDkIwePr5Y8MKgwiMDtGjVAtSoOHMXp3f9z6nPLepu8CsJK3YosBO7hEskA== Completed in 108ms
838 timing metavuln:calculate:security-advisory:next:1112182 Completed in 2689ms
839 timing metavuln:cache:put:security-advisory:next:+SMXIcdP7mb700j3lAUXRoUbwPUmDwsGMfkqi8EBxAInsFmBr7fDz7ceH3WCcBFoF44s9qJcAZp3YRfZSyk8qw== Completed in 163ms
840 timing metavuln:calculate:security-advisory:next:1107512 Completed in 2689ms
841 timing metavuln:cache:put:security-advisory:next:NpdQYf+4OaOvlNiZgkhHLNCcOTe84gjeay11sdJQ2HSe2hRovddeIJqZfGwiLh+ns7klO1J2oxhVS+ou+h9gmw== Completed in 293ms
842 timing metavuln:calculate:security-advisory:next:1101438 Completed in 2689ms
843 timing metavuln:cache:put:security-advisory:next:n5a9KQ6qrNT6JQ44Rf2Xtzz6WJl955smjsX9drReW2YE8Ijlcs8Nw86TABEapCU3g0czO4BxXFB5ulSPlPgU9w== Completed in 46ms
844 timing metavuln:calculate:security-advisory:next:1108953 Completed in 2690ms
845 timing metavuln:cache:put:security-advisory:next:kXDE+ksbJYUI4TFImWPb/49o4hwXXT1nqPUeSTV/SE/IB3qFFazOXmXgn5PPbKkz9ewVGi6qMNNgGfrNX4hqIg== Completed in 230ms
846 timing metavuln:calculate:security-advisory:next:1111391 Completed in 2690ms
847 timing metavuln:cache:put:security-advisory:next:WQCkHVGQkg6zsfYbmLOI+zBNEYhu4v1g6kXs5vVSFeehybhiXOKxuSPsV71Q4mBoY+gct03Ww794KjXwXHvGWA== Completed in 199ms
848 timing metavuln:calculate:security-advisory:next:1107226 Completed in 2691ms
849 timing metavuln:cache:put:security-advisory:next:WrVaG6WkSvpCYPPQKNUv2SLuXz5XL9xKn9KHPtqw/Y+V4JFUbfvGu7iPZR/4d1/dHzlII2csAkP3UXbKSPpZTA== Completed in 259ms
850 timing metavuln:calculate:security-advisory:next:1105461 Completed in 2691ms
851 timing metavuln:cache:get:security-advisory:@next/eslint-plugin-next:PvOLmaLvBa62/MSwOoeVcFtG41ceA4r3c/+CRslQCFHIqz2IKPEVFqVWr5T0jcFHrN6kR5E5FbNMo23kCF9gdg== Completed in 3ms
852 http fetch GET 200 https://registry.npmjs.org/@next%2feslint-plugin-next 110ms (cache updated)
853 timing metavuln:packument:@next/eslint-plugin-next Completed in 123ms
854 timing metavuln:load:security-advisory:@next/eslint-plugin-next:NTB2XjbDOgk4lkd8PZ3tUAm1F3E/ohGF6rl9/3LEO7Z0FDzSR5nWwzd3nUENA3NCNdyeR+35DOC12wPml2IV+g== Completed in 151ms
855 timing metavuln:cache:put:security-advisory:@next/eslint-plugin-next:PvOLmaLvBa62/MSwOoeVcFtG41ceA4r3c/+CRslQCFHIqz2IKPEVFqVWr5T0jcFHrN6kR5E5FbNMo23kCF9gdg== Completed in 7ms
856 timing metavuln:calculate:security-advisory:@next/eslint-plugin-next:NTB2XjbDOgk4lkd8PZ3tUAm1F3E/ohGF6rl9/3LEO7Z0FDzSR5nWwzd3nUENA3NCNdyeR+35DOC12wPml2IV+g== Completed in 281ms
857 timing metavuln:cache:get:security-advisory:next-auth:VmjwJPp1utFIzR6BZWpcRGY41iefwxjgKHJ0YS0pX40lxnpwnBajChMZ/rkQuBRpjYhh2Cyu3HLYvlhFjEeWdA== Completed in 49ms
858 http fetch GET 200 https://registry.npmjs.org/next-auth 106ms (cache revalidated)
859 timing metavuln:packument:next-auth Completed in 133ms
860 timing metavuln:load:security-advisory:next-auth:NpdQYf+4OaOvlNiZgkhHLNCcOTe84gjeay11sdJQ2HSe2hRovddeIJqZfGwiLh+ns7klO1J2oxhVS+ou+h9gmw== Completed in 177ms
861 timing metavuln:cache:put:security-advisory:next-auth:VmjwJPp1utFIzR6BZWpcRGY41iefwxjgKHJ0YS0pX40lxnpwnBajChMZ/rkQuBRpjYhh2Cyu3HLYvlhFjEeWdA== Completed in 3ms
862 timing metavuln:calculate:security-advisory:next-auth:NpdQYf+4OaOvlNiZgkhHLNCcOTe84gjeay11sdJQ2HSe2hRovddeIJqZfGwiLh+ns7klO1J2oxhVS+ou+h9gmw== Completed in 314ms
863 timing metavuln:cache:get:security-advisory:eslint-config-next:volOrje9bMc3dFnnsdrvpxPiUdLeCov80INEmkNw6JaX2GvepJi9bsm+RGK6makQSL3N/126SYrBcGcbXdAW0g== Completed in 3ms
864 http fetch GET 200 https://registry.npmjs.org/eslint-config-next 86ms (cache updated)
865 timing metavuln:packument:eslint-config-next Completed in 98ms
866 timing metavuln:load:security-advisory:eslint-config-next:PvOLmaLvBa62/MSwOoeVcFtG41ceA4r3c/+CRslQCFHIqz2IKPEVFqVWr5T0jcFHrN6kR5E5FbNMo23kCF9gdg== Completed in 2148ms
867 timing metavuln:cache:put:security-advisory:eslint-config-next:volOrje9bMc3dFnnsdrvpxPiUdLeCov80INEmkNw6JaX2GvepJi9bsm+RGK6makQSL3N/126SYrBcGcbXdAW0g== Completed in 25ms
868 timing metavuln:calculate:security-advisory:eslint-config-next:PvOLmaLvBa62/MSwOoeVcFtG41ceA4r3c/+CRslQCFHIqz2IKPEVFqVWr5T0jcFHrN6kR5E5FbNMo23kCF9gdg== Completed in 2274ms
869 timing auditReport:init Completed in 5573ms
870 timing reify:audit Completed in 5783ms
871 timing reify Completed in 7643ms
872 silly ADD node_modules/strnum
873 silly ADD node_modules/@smithy/querystring-parser
874 silly ADD node_modules/@smithy/util-hex-encoding
875 silly ADD node_modules/@smithy/is-array-buffer
876 silly ADD node_modules/@smithy/util-uri-escape
877 silly ADD node_modules/@smithy/abort-controller
878 silly ADD node_modules/@smithy/service-error-classification
879 silly ADD node_modules/@smithy/util-buffer-from
880 silly ADD node_modules/@smithy/querystring-builder
881 silly ADD node_modules/@smithy/uuid
882 silly ADD node_modules/fast-xml-parser
883 silly ADD node_modules/bowser
884 silly ADD node_modules/@smithy/util-config-provider
885 silly ADD node_modules/@aws-sdk/util-arn-parser
886 silly ADD node_modules/@aws-sdk/middleware-sdk-s3
887 silly ADD node_modules/@aws/lambda-invoke-store
888 silly ADD node_modules/@aws-sdk/token-providers
889 silly ADD node_modules/@aws-sdk/client-sso
890 silly ADD node_modules/@aws-sdk/nested-clients
891 silly ADD node_modules/@aws-sdk/credential-provider-login
892 silly ADD node_modules/@smithy/util-stream
893 silly ADD node_modules/@smithy/shared-ini-file-loader
894 silly ADD node_modules/@smithy/credential-provider-imds
895 silly ADD node_modules/@aws-sdk/credential-provider-web-identity
896 silly ADD node_modules/@aws-sdk/credential-provider-sso
897 silly ADD node_modules/@aws-sdk/credential-provider-process
898 silly ADD node_modules/@aws-sdk/credential-provider-ini
899 silly ADD node_modules/@aws-sdk/credential-provider-http
900 silly ADD node_modules/@aws-sdk/credential-provider-env
901 silly ADD node_modules/@smithy/signature-v4
902 silly ADD node_modules/@smithy/property-provider
903 silly ADD node_modules/@aws-sdk/xml-builder
904 silly ADD node_modules/@aws-sdk/util-locate-window
905 silly ADD node_modules/@aws-crypto/util
906 silly ADD node_modules/@aws-crypto/util/node_modules/@smithy/is-array-buffer
907 silly ADD node_modules/@aws-crypto/util/node_modules/@smithy/util-buffer-from
908 silly ADD node_modules/@aws-crypto/util/node_modules/@smithy/util-utf8
909 silly ADD node_modules/@aws-crypto/supports-web-crypto
910 silly ADD node_modules/@smithy/util-utf8
911 silly ADD node_modules/@smithy/util-retry
912 silly ADD node_modules/@smithy/util-middleware
913 silly ADD node_modules/@smithy/util-endpoints
914 silly ADD node_modules/@smithy/util-defaults-mode-node
915 silly ADD node_modules/@smithy/util-defaults-mode-browser
916 silly ADD node_modules/@smithy/util-body-length-node
917 silly ADD node_modules/@smithy/util-body-length-browser
918 silly ADD node_modules/@smithy/util-base64
919 silly ADD node_modules/@smithy/url-parser
920 silly ADD node_modules/@smithy/types
921 silly ADD node_modules/@smithy/smithy-client
922 silly ADD node_modules/@smithy/protocol-http
923 silly ADD node_modules/@smithy/node-http-handler
924 silly ADD node_modules/@smithy/node-config-provider
925 silly ADD node_modules/@smithy/middleware-stack
926 silly ADD node_modules/@smithy/middleware-serde
927 silly ADD node_modules/@smithy/middleware-retry
928 silly ADD node_modules/@smithy/middleware-endpoint
929 silly ADD node_modules/@smithy/middleware-content-length
930 silly ADD node_modules/@smithy/invalid-dependency
931 silly ADD node_modules/@smithy/hash-node
932 silly ADD node_modules/@smithy/fetch-http-handler
933 silly ADD node_modules/@smithy/core
934 silly ADD node_modules/@smithy/config-resolver
935 silly ADD node_modules/@aws-sdk/util-user-agent-node
936 silly ADD node_modules/@aws-sdk/util-user-agent-browser
937 silly ADD node_modules/@aws-sdk/util-endpoints
938 silly ADD node_modules/@aws-sdk/types
939 silly ADD node_modules/@aws-sdk/signature-v4-multi-region
940 silly ADD node_modules/@aws-sdk/region-config-resolver
941 silly ADD node_modules/@aws-sdk/middleware-user-agent
942 silly ADD node_modules/@aws-sdk/middleware-recursion-detection
943 silly ADD node_modules/@aws-sdk/middleware-logger
944 silly ADD node_modules/@aws-sdk/middleware-host-header
945 silly ADD node_modules/@aws-sdk/credential-provider-node
946 silly ADD node_modules/@aws-sdk/core
947 silly ADD node_modules/@aws-crypto/sha256-js
948 silly ADD node_modules/@aws-crypto/sha256-browser
949 silly ADD node_modules/@aws-crypto/sha256-browser/node_modules/@smithy/is-array-buffer
950 silly ADD node_modules/@aws-crypto/sha256-browser/node_modules/@smithy/util-buffer-from
951 silly ADD node_modules/@aws-crypto/sha256-browser/node_modules/@smithy/util-utf8
952 silly ADD node_modules/@aws-sdk/client-sesv2
953 silly ADD node_modules/@types/nodemailer
954 silly ADD
955 silly ADD
956 silly ADD
957 silly ADD
958 silly ADD
959 silly ADD
960 silly ADD
961 silly ADD
962 silly ADD
963 silly ADD
964 silly ADD
965 silly ADD
966 silly ADD
967 silly ADD
968 silly ADD
969 silly ADD
970 silly ADD
971 silly ADD
972 silly ADD
973 silly ADD
974 silly ADD
975 silly ADD
976 silly ADD
977 silly ADD
978 silly ADD
979 silly ADD
980 silly ADD
981 silly ADD
982 silly ADD
983 silly ADD
984 silly ADD
985 silly ADD
986 silly ADD
987 silly ADD
988 silly ADD
989 silly ADD
990 silly ADD
991 silly ADD
992 silly ADD
993 silly ADD
994 silly ADD
995 silly ADD
996 silly ADD
997 silly ADD
998 silly ADD
999 silly ADD
1000 silly ADD
1001 timing command:install Completed in 7850ms
1002 verbose exit 0
1003 timing npm Completed in 7991ms
1004 info ok
