0 verbose cli /usr/local/bin/node /usr/local/bin/npm
1 info using npm@9.8.1
2 info using node@v18.18.2
3 timing npm:load:whichnode Completed in 1ms
4 timing config:load:defaults Completed in 0ms
5 timing config:load:file:/usr/local/lib/node_modules/npm/npmrc Completed in 1ms
6 timing config:load:builtin Completed in 2ms
7 timing config:load:cli Completed in 1ms
8 timing config:load:env Completed in 0ms
9 timing config:load:file:/Users/chengfang/Downloads/make money/shopping/.npmrc Completed in 0ms
10 timing config:load:project Completed in 2ms
11 timing config:load:file:/Users/chengfang/.npmrc Completed in 0ms
12 timing config:load:user Completed in 0ms
13 timing config:load:file:/usr/local/etc/npmrc Completed in 0ms
14 timing config:load:global Completed in 0ms
15 timing config:load:setEnvs Completed in 0ms
16 timing config:load Completed in 6ms
17 timing npm:load:configload Completed in 6ms
18 timing config:load:flatten Completed in 1ms
19 timing npm:load:mkdirpcache Completed in 0ms
20 timing npm:load:mkdirplogs Completed in 0ms
21 verbose title npm install next@14.2.16 react@18.3.1 react-dom@18.3.1 eslint-config-next@14.2.16 eslint@8.57.0 @types/react@18 @types/react-dom@18 typescript @types/node lucide-react prisma @prisma/client @supabase/supabase-js ethers next-auth bcryptjs clsx tailwind-merge postcss autoprefixer tailwindcss
22 verbose argv "install" "--cache" ".npm-cache" "next@14.2.16" "react@18.3.1" "react-dom@18.3.1" "eslint-config-next@14.2.16" "eslint@8.57.0" "@types/react@18" "@types/react-dom@18" "typescript" "@types/node" "lucide-react" "prisma" "@prisma/client" "@supabase/supabase-js" "ethers" "next-auth" "bcryptjs" "clsx" "tailwind-merge" "postcss" "autoprefixer" "tailwindcss" "--save-exact"
23 timing npm:load:setTitle Completed in 6ms
24 timing npm:load:display Completed in 0ms
25 verbose logfile logs-max:10 dir:/Users/chengfang/Downloads/make money/shopping/.npm-cache/_logs/2026-01-19T22_06_51_641Z-
26 verbose logfile /Users/chengfang/Downloads/make money/shopping/.npm-cache/_logs/2026-01-19T22_06_51_641Z-debug-0.log
27 timing npm:load:logFile Completed in 5ms
28 timing npm:load:timers Completed in 0ms
29 timing npm:load:configScope Completed in 0ms
30 timing npm:load Completed in 27ms
31 timing arborist:ctor Completed in 0ms
32 timing arborist:ctor Completed in 0ms
33 silly logfile done cleaning log files
34 timing idealTree:init Completed in 11ms
35 timing idealTree:userRequests Completed in 3ms
36 silly idealTree buildDeps
37 silly fetch manifest @prisma/client@^5.22.0
38 http fetch GET 200 https://registry.npmjs.org/@prisma%2fclient 39ms (cache hit)
39 silly fetch manifest prisma@^5.22.0
40 http fetch GET 200 https://registry.npmjs.org/prisma 25ms (cache hit)
41 silly fetch manifest @supabase/supabase-js@^2.90.1
42 http fetch GET 200 https://registry.npmjs.org/@supabase%2fsupabase-js 4ms (cache hit)
43 silly fetch manifest bcryptjs@^3.0.3
44 http fetch GET 200 https://registry.npmjs.org/bcryptjs 1ms (cache hit)
45 silly fetch manifest clsx@^2.1.1
46 http fetch GET 200 https://registry.npmjs.org/clsx 2ms (cache hit)
47 silly fetch manifest ethers@^6.16.0
48 http fetch GET 200 https://registry.npmjs.org/ethers 2ms (cache hit)
49 silly fetch manifest lucide-react@^0.562.0
50 http fetch GET 200 https://registry.npmjs.org/lucide-react 3ms (cache hit)
51 silly fetch manifest react@18.3.1
52 http fetch GET 200 https://registry.npmjs.org/react 4ms (cache hit)
53 silly fetch manifest next@14.2.16
54 http fetch GET 200 https://registry.npmjs.org/next 29ms (cache hit)
55 silly fetch manifest @opentelemetry/api@^1.1.0
56 http fetch GET 200 https://registry.npmjs.org/@opentelemetry%2fapi 4ms (cache hit)
57 silly fetch manifest @playwright/test@^1.41.2
58 http fetch GET 200 https://registry.npmjs.org/@playwright%2ftest 5ms (cache hit)
59 silly fetch manifest react-dom@18.3.1
60 http fetch GET 200 https://registry.npmjs.org/react-dom 5ms (cache hit)
61 silly fetch manifest sass@^1.3.0
62 http fetch GET 200 https://registry.npmjs.org/sass 3ms (cache hit)
63 silly fetch manifest next-auth@^4.24.13
64 http fetch GET 200 https://registry.npmjs.org/next-auth 3ms (cache hit)
65 silly fetch manifest @auth/core@0.34.3
66 http fetch GET 200 https://registry.npmjs.org/@auth%2fcore 5ms (cache hit)
67 silly fetch manifest @simplewebauthn/browser@^9.0.1
68 http fetch GET 200 https://registry.npmjs.org/@simplewebauthn%2fbrowser 2ms (cache hit)
69 silly fetch manifest @simplewebauthn/server@^9.0.2
70 http fetch GET 200 https://registry.npmjs.org/@simplewebauthn%2fserver 5ms (cache hit)
71 silly fetch manifest nodemailer@^7
72 http fetch GET 200 https://registry.npmjs.org/nodemailer 2ms (cache hit)
73 silly fetch manifest tailwind-merge@^3.4.0
74 http fetch GET 200 https://registry.npmjs.org/tailwind-merge 3ms (cache hit)
75 silly fetch manifest postcss@*
76 http fetch GET 200 https://registry.npmjs.org/postcss 2ms (cache hit)
77 silly fetch manifest autoprefixer@*
78 http fetch GET 200 https://registry.npmjs.org/autoprefixer 1ms (cache hit)
79 silly fetch manifest @tailwindcss/postcss@^4
80 http fetch GET 200 https://registry.npmjs.org/@tailwindcss%2fpostcss 3ms (cache hit)
81 silly fetch manifest @types/node@^20
82 http fetch GET 200 https://registry.npmjs.org/@types%2fnode 4ms (cache hit)
83 silly fetch manifest @types/react@18
84 http fetch GET 200 https://registry.npmjs.org/@types%2freact 3ms (cache hit)
85 silly fetch manifest @types/react-dom@18
86 http fetch GET 200 https://registry.npmjs.org/@types%2freact-dom 4ms (cache hit)
87 silly fetch manifest eslint@8.57.0
88 http fetch GET 200 https://registry.npmjs.org/eslint 5ms (cache hit)
89 silly fetch manifest eslint-config-next@14.2.16
90 http fetch GET 200 https://registry.npmjs.org/eslint-config-next 6ms (cache hit)
91 silly fetch manifest typescript@^5
92 http fetch GET 200 https://registry.npmjs.org/typescript 98ms (cache revalidated)
93 silly fetch manifest tailwindcss@^4
94 http fetch GET 200 https://registry.npmjs.org/tailwindcss 39ms (cache revalidated)
95 silly placeDep ROOT @prisma/client@5.22.0 OK for: shopping@0.1.0 want: ^5.22.0
96 silly placeDep ROOT @supabase/supabase-js@2.90.1 OK for: shopping@0.1.0 want: ^2.90.1
97 silly fetch manifest @supabase/auth-js@2.90.1
98 silly fetch manifest @supabase/storage-js@2.90.1
99 silly fetch manifest @supabase/realtime-js@2.90.1
100 silly fetch manifest @supabase/functions-js@2.90.1
101 silly fetch manifest @supabase/postgrest-js@2.90.1
102 silly placeDep ROOT @tailwindcss/postcss@4.1.18 OK for: shopping@0.1.0 want: ^4
103 silly fetch manifest postcss@^8.4.41
104 silly fetch manifest tailwindcss@4.1.18
105 silly fetch manifest @alloc/quick-lru@^5.2.0
106 silly fetch manifest @tailwindcss/node@4.1.18
107 silly fetch manifest @tailwindcss/oxide@4.1.18
108 silly placeDep ROOT @types/node@20.19.30 OK for: shopping@0.1.0 want: ^20
109 silly fetch manifest undici-types@~6.21.0
110 silly placeDep ROOT @types/react@18.3.27 OK for: shopping@0.1.0 want: 18
111 silly fetch manifest csstype@^3.2.2
112 silly fetch manifest @types/prop-types@*
113 silly placeDep ROOT @types/react-dom@18.3.7 OK for: shopping@0.1.0 want: 18
114 silly placeDep ROOT autoprefixer@10.4.23 OK for: shopping@0.1.0 want: *
115 silly placeDep ROOT postcss@8.5.6 OK for: autoprefixer@10.4.23 want: ^8.1.0
116 silly fetch manifest browserslist@^4.28.1
117 silly fetch manifest caniuse-lite@^1.0.30001760
118 silly fetch manifest fraction.js@^5.3.4
119 silly fetch manifest picocolors@^1.1.1
120 silly fetch manifest postcss-value-parser@^4.2.0
121 silly fetch manifest nanoid@^3.3.11
122 silly fetch manifest source-map-js@^1.2.1
123 silly placeDep ROOT bcryptjs@3.0.3 OK for: shopping@0.1.0 want: ^3.0.3
124 silly placeDep ROOT clsx@2.1.1 OK for: shopping@0.1.0 want: ^2.1.1
125 silly placeDep ROOT eslint@8.57.0 OK for: shopping@0.1.0 want: 8.57.0
126 silly fetch manifest ajv@^6.12.4
127 silly fetch manifest levn@^0.4.1
128 silly fetch manifest chalk@^4.0.0
129 silly fetch manifest debug@^4.3.2
130 silly fetch manifest espree@^9.6.1
131 silly fetch manifest ignore@^5.2.0
132 silly fetch manifest esquery@^1.4.2
133 silly fetch manifest esutils@^2.0.2
134 silly fetch manifest find-up@^5.0.0
135 silly fetch manifest globals@^13.19.0
136 silly fetch manifest is-glob@^4.0.0
137 silly fetch manifest js-yaml@^4.1.0
138 silly fetch manifest doctrine@^3.0.0
139 silly fetch manifest graphemer@^1.4.0
140 silly fetch manifest minimatch@^3.1.2
141 silly fetch manifest @eslint/js@8.57.0
142 silly fetch manifest optionator@^0.9.3
143 silly fetch manifest strip-ansi@^6.0.1
144 silly fetch manifest text-table@^0.2.0
145 silly fetch manifest cross-spawn@^7.0.2
146 silly fetch manifest glob-parent@^6.0.2
147 silly fetch manifest imurmurhash@^0.1.4
148 silly fetch manifest eslint-scope@^7.2.2
149 silly fetch manifest lodash.merge@^4.6.2
150 silly fetch manifest is-path-inside@^3.0.3
151 silly fetch manifest fast-deep-equal@^3.1.3
152 silly fetch manifest natural-compare@^1.4.0
153 silly fetch manifest @eslint/eslintrc@^2.1.4
154 silly fetch manifest @nodelib/fs.walk@^1.2.8
155 silly fetch manifest file-entry-cache@^6.0.1
156 silly fetch manifest eslint-visitor-keys@^3.4.3
157 silly fetch manifest escape-string-regexp@^4.0.0
158 silly fetch manifest @ungap/structured-clone@^1.2.0
159 silly fetch manifest @eslint-community/regexpp@^4.6.1
160 silly fetch manifest @humanwhocodes/config-array@^0.11.14
161 silly fetch manifest @eslint-community/eslint-utils@^4.2.0
162 silly fetch manifest @humanwhocodes/module-importer@^1.0.1
163 silly fetch manifest json-stable-stringify-without-jsonify@^1.0.1
164 silly placeDep ROOT eslint-config-next@14.2.16 OK for: shopping@0.1.0 want: 14.2.16
165 silly fetch manifest eslint-plugin-react@^7.33.2
166 silly fetch manifest eslint-plugin-import@^2.28.1
167 silly fetch manifest eslint-plugin-jsx-a11y@^6.7.1
168 silly fetch manifest @rushstack/eslint-patch@^1.3.3
169 silly fetch manifest @next/eslint-plugin-next@14.2.16
170 silly fetch manifest @typescript-eslint/parser@^5.4.2 || ^6.0.0 || ^7.0.0 || ^8.0.0
171 silly fetch manifest eslint-plugin-react-hooks@^4.5.0 || 5.0.0-canary-7118f5dd7-20230705
172 silly fetch manifest eslint-import-resolver-node@^0.3.6
173 silly fetch manifest @typescript-eslint/eslint-plugin@^5.4.2 || ^6.0.0 || ^7.0.0 || ^8.0.0
174 silly fetch manifest eslint-import-resolver-typescript@^3.5.2
175 silly placeDep ROOT ethers@6.16.0 OK for: shopping@0.1.0 want: ^6.16.0
176 silly fetch manifest ws@8.17.1
177 silly fetch manifest tslib@2.7.0
178 silly fetch manifest aes-js@4.0.0-beta.5
179 silly fetch manifest @types/node@22.7.5
180 silly fetch manifest @noble/curves@1.2.0
181 silly fetch manifest @noble/hashes@1.3.2
182 silly fetch manifest @adraffy/ens-normalize@1.10.1
183 silly placeDep ROOT lucide-react@0.562.0 OK for: shopping@0.1.0 want: ^0.562.0
184 silly placeDep ROOT react@18.3.1 OK for: lucide-react@0.562.0 want: ^16.5.1 || ^17.0.0 || ^18.0.0 || ^19.0.0
185 silly fetch manifest loose-envify@^1.1.0
186 silly placeDep ROOT next@14.2.16 OK for: shopping@0.1.0 want: 14.2.16
187 silly placeDep ROOT react-dom@18.3.1 OK for: next@14.2.16 want: ^18.2.0
188 silly fetch manifest busboy@1.6.0
189 silly fetch manifest postcss@8.4.31
190 silly fetch manifest @next/env@14.2.16
191 silly fetch manifest styled-jsx@5.1.1
192 silly fetch manifest graceful-fs@^4.2.11
193 silly fetch manifest @swc/helpers@0.5.5
194 silly fetch manifest caniuse-lite@^1.0.30001579
195 silly fetch manifest @next/swc-darwin-x64@14.2.16
196 silly fetch manifest @next/swc-darwin-arm64@14.2.16
197 silly fetch manifest @next/swc-linux-x64-gnu@14.2.16
198 silly fetch manifest @next/swc-linux-x64-musl@14.2.16
199 silly fetch manifest @next/swc-win32-x64-msvc@14.2.16
200 silly fetch manifest @next/swc-linux-arm64-gnu@14.2.16
201 silly fetch manifest @next/swc-win32-ia32-msvc@14.2.16
202 silly fetch manifest @next/swc-linux-arm64-musl@14.2.16
203 silly fetch manifest @next/swc-win32-arm64-msvc@14.2.16
204 silly fetch manifest scheduler@^0.23.2
205 silly placeDep ROOT next-auth@4.24.13 OK for: shopping@0.1.0 want: ^4.24.13
206 silly fetch manifest @babel/runtime@^7.20.13
207 silly fetch manifest @panva/hkdf@^1.0.2
208 silly fetch manifest cookie@^0.7.0
209 silly fetch manifest jose@^4.15.5
210 silly fetch manifest oauth@^0.9.15
211 silly fetch manifest openid-client@^5.4.0
212 silly fetch manifest preact@^10.6.3
213 silly fetch manifest preact-render-to-string@^5.1.19
214 silly fetch manifest uuid@^8.3.2
215 silly placeDep ROOT postcss@8.5.6 REPLACE for: shopping@0.1.0 want: *
216 silly placeDep ROOT prisma@5.22.0 OK for: shopping@0.1.0 want: ^5.22.0
217 silly fetch manifest @prisma/engines@5.22.0
218 silly fetch manifest fsevents@2.3.3
219 silly placeDep ROOT react@18.3.1 REPLACE for: shopping@0.1.0 want: 18.3.1
220 silly placeDep ROOT react-dom@18.3.1 REPLACE for: shopping@0.1.0 want: 18.3.1
221 silly placeDep ROOT tailwind-merge@3.4.0 OK for: shopping@0.1.0 want: ^3.4.0
222 silly placeDep ROOT tailwindcss@4.1.18 OK for: shopping@0.1.0 want: ^4
223 silly placeDep ROOT typescript@5.9.3 OK for: shopping@0.1.0 want: ^5
224 http fetch GET 200 https://registry.npmjs.org/@supabase%2ffunctions-js 116ms (cache hit)
225 http fetch GET 200 https://registry.npmjs.org/@supabase%2frealtime-js 118ms (cache hit)
226 http fetch GET 200 https://registry.npmjs.org/@supabase%2fstorage-js 119ms (cache hit)
227 http fetch GET 200 https://registry.npmjs.org/@supabase%2fauth-js 120ms (cache hit)
228 http fetch GET 200 https://registry.npmjs.org/@supabase%2fpostgrest-js 120ms (cache hit)
229 http fetch GET 200 https://registry.npmjs.org/aes-js 96ms (cache hit)
230 http fetch GET 200 https://registry.npmjs.org/@adraffy%2fens-normalize 95ms (cache hit)
231 http fetch GET 200 https://registry.npmjs.org/@noble%2fhashes 96ms (cache hit)
232 http fetch GET 200 https://registry.npmjs.org/ws 97ms (cache hit)
233 http fetch GET 200 https://registry.npmjs.org/cookie 88ms (cache hit)
234 http fetch GET 200 https://registry.npmjs.org/@noble%2fcurves 98ms (cache hit)
235 http fetch GET 200 https://registry.npmjs.org/uuid 88ms (cache hit)
236 http fetch GET 200 https://registry.npmjs.org/@babel%2fruntime 91ms (cache hit)
237 http fetch GET 200 https://registry.npmjs.org/openid-client 91ms (cache hit)
238 http fetch GET 200 https://registry.npmjs.org/@panva%2fhkdf 94ms (cache hit)
239 http fetch GET 200 https://registry.npmjs.org/preact 94ms (cache hit)
240 http fetch GET 200 https://registry.npmjs.org/oauth 98ms (cache hit)
241 http fetch GET 200 https://registry.npmjs.org/preact-render-to-string 97ms (cache hit)
242 http fetch GET 200 https://registry.npmjs.org/jose 100ms (cache hit)
243 http fetch GET 200 https://registry.npmjs.org/@prisma%2fengines 114ms (cache hit)
244 http fetch GET 200 https://registry.npmjs.org/fsevents 145ms (cache hit)
245 http fetch GET 200 https://registry.npmjs.org/source-map-js 196ms (cache revalidated)
246 http fetch GET 200 https://registry.npmjs.org/picocolors 198ms (cache revalidated)
247 http fetch GET 200 https://registry.npmjs.org/@tailwindcss%2fnode 202ms (cache revalidated)
248 http fetch GET 200 https://registry.npmjs.org/nanoid 199ms (cache revalidated)
249 http fetch GET 200 https://registry.npmjs.org/espree 197ms (cache revalidated)
250 http fetch GET 200 https://registry.npmjs.org/chalk 199ms (cache revalidated)
251 http fetch GET 200 https://registry.npmjs.org/ajv 201ms (cache revalidated)
252 http fetch GET 200 https://registry.npmjs.org/ignore 203ms (cache revalidated)
253 http fetch GET 200 https://registry.npmjs.org/text-table 198ms (cache miss)
254 http fetch GET 200 https://registry.npmjs.org/graphemer 201ms (cache miss)
255 http fetch GET 200 https://registry.npmjs.org/is-path-inside 198ms (cache miss)
256 http fetch GET 200 https://registry.npmjs.org/strip-ansi 200ms (cache miss)
257 http fetch GET 200 https://registry.npmjs.org/postcss-value-parser 211ms (cache miss)
258 http fetch GET 200 https://registry.npmjs.org/@ungap%2fstructured-clone 195ms (cache miss)
259 http fetch GET 200 https://registry.npmjs.org/@types%2fprop-types 215ms (cache miss)
260 http fetch GET 200 https://registry.npmjs.org/fraction.js 212ms (cache miss)
261 http fetch GET 200 https://registry.npmjs.org/busboy 187ms (cache miss)
262 http fetch GET 200 https://registry.npmjs.org/@rushstack%2feslint-patch 197ms (cache miss)
263 http fetch GET 200 https://registry.npmjs.org/find-up 212ms (cache revalidated)
264 http fetch GET 200 https://registry.npmjs.org/js-yaml 209ms (cache revalidated)
265 http fetch GET 200 https://registry.npmjs.org/@humanwhocodes%2fconfig-array 202ms (cache miss)
266 http fetch GET 200 https://registry.npmjs.org/eslint-visitor-keys 204ms (cache revalidated)
267 http fetch GET 200 https://registry.npmjs.org/undici-types 225ms (cache revalidated)
268 http fetch GET 200 https://registry.npmjs.org/csstype 226ms (cache revalidated)
269 http fetch GET 200 https://registry.npmjs.org/globals 219ms (cache revalidated)
270 http fetch GET 200 https://registry.npmjs.org/optionator 217ms (cache revalidated)
271 http fetch GET 200 https://registry.npmjs.org/is-glob 222ms (cache revalidated)
272 http fetch GET 200 https://registry.npmjs.org/caniuse-lite 229ms (cache revalidated)
273 http fetch GET 200 https://registry.npmjs.org/levn 230ms (cache revalidated)
274 http fetch GET 200 https://registry.npmjs.org/cross-spawn 222ms (cache revalidated)
275 http fetch GET 200 https://registry.npmjs.org/glob-parent 235ms (cache revalidated)
276 http fetch GET 200 https://registry.npmjs.org/@eslint%2feslintrc 233ms (cache revalidated)
277 http fetch GET 200 https://registry.npmjs.org/esquery 244ms (cache revalidated)
278 http fetch GET 200 https://registry.npmjs.org/file-entry-cache 236ms (cache revalidated)
279 http fetch GET 200 https://registry.npmjs.org/eslint-scope 241ms (cache revalidated)
280 http fetch GET 200 https://registry.npmjs.org/fast-deep-equal 241ms (cache revalidated)
281 http fetch GET 200 https://registry.npmjs.org/doctrine 245ms (cache revalidated)
282 http fetch GET 200 https://registry.npmjs.org/escape-string-regexp 241ms (cache revalidated)
283 http fetch GET 200 https://registry.npmjs.org/imurmurhash 248ms (cache revalidated)
284 http fetch GET 200 https://registry.npmjs.org/browserslist 263ms (cache revalidated)
285 http fetch GET 200 https://registry.npmjs.org/debug 262ms (cache revalidated)
286 http fetch GET 200 https://registry.npmjs.org/minimatch 256ms (cache revalidated)
287 http fetch GET 200 https://registry.npmjs.org/@nodelib%2ffs.walk 262ms (cache revalidated)
288 http fetch GET 200 https://registry.npmjs.org/json-stable-stringify-without-jsonify 263ms (cache revalidated)
289 http fetch GET 200 https://registry.npmjs.org/eslint-plugin-import 263ms (cache revalidated)
290 http fetch GET 200 https://registry.npmjs.org/@eslint-community%2feslint-utils 270ms (cache revalidated)
291 http fetch GET 200 https://registry.npmjs.org/eslint-plugin-react 270ms (cache revalidated)
292 http fetch GET 200 https://registry.npmjs.org/@tailwindcss%2foxide 295ms (cache revalidated)
293 http fetch GET 200 https://registry.npmjs.org/eslint-plugin-jsx-a11y 278ms (cache revalidated)
294 http fetch GET 200 https://registry.npmjs.org/@typescript-eslint%2fparser 284ms (cache revalidated)
295 http fetch GET 200 https://registry.npmjs.org/eslint-import-resolver-node 318ms (cache revalidated)
296 http fetch GET 200 https://registry.npmjs.org/@eslint-community%2fregexpp 322ms (cache revalidated)
297 http fetch GET 200 https://registry.npmjs.org/tslib 317ms (cache revalidated)
298 http fetch GET 200 https://registry.npmjs.org/esutils 335ms (cache revalidated)
299 http fetch GET 200 https://registry.npmjs.org/styled-jsx 315ms (cache revalidated)
300 http fetch GET 200 https://registry.npmjs.org/@eslint%2fjs 331ms (cache revalidated)
301 http fetch GET 200 https://registry.npmjs.org/@humanwhocodes%2fmodule-importer 324ms (cache revalidated)
302 http fetch GET 200 https://registry.npmjs.org/eslint-import-resolver-typescript 321ms (cache revalidated)
303 http fetch GET 200 https://registry.npmjs.org/lodash.merge 331ms (cache revalidated)
304 http fetch GET 200 https://registry.npmjs.org/natural-compare 330ms (cache revalidated)
305 http fetch GET 200 https://registry.npmjs.org/@typescript-eslint%2feslint-plugin 330ms (cache revalidated)
306 http fetch GET 200 https://registry.npmjs.org/@next%2feslint-plugin-next 358ms (cache revalidated)
307 http fetch GET 200 https://registry.npmjs.org/caniuse-lite 420ms (cache revalidated)
308 http fetch GET 200 https://registry.npmjs.org/scheduler 427ms (cache revalidated)
309 http fetch GET 200 https://registry.npmjs.org/graceful-fs 446ms (cache revalidated)
310 http fetch GET 200 https://registry.npmjs.org/loose-envify 449ms (cache revalidated)
311 http fetch GET 200 https://registry.npmjs.org/@next%2fswc-darwin-x64 451ms (cache revalidated)
312 http fetch GET 200 https://registry.npmjs.org/@next%2fswc-linux-x64-gnu 461ms (cache revalidated)
313 http fetch GET 200 https://registry.npmjs.org/@swc%2fhelpers 471ms (cache revalidated)
314 http fetch GET 200 https://registry.npmjs.org/@next%2fswc-linux-arm64-musl 470ms (cache revalidated)
315 http fetch GET 200 https://registry.npmjs.org/@next%2fswc-win32-x64-msvc 481ms (cache revalidated)
316 http fetch GET 200 https://registry.npmjs.org/@next%2fswc-linux-x64-musl 496ms (cache revalidated)
317 http fetch GET 200 https://registry.npmjs.org/@next%2fswc-linux-arm64-gnu 504ms (cache revalidated)
318 http fetch GET 200 https://registry.npmjs.org/@next%2fswc-darwin-arm64 513ms (cache revalidated)
319 http fetch GET 200 https://registry.npmjs.org/eslint-plugin-react-hooks 546ms (cache revalidated)
320 http fetch GET 200 https://registry.npmjs.org/@next%2fenv 586ms (cache revalidated)
321 http fetch GET 200 https://registry.npmjs.org/@alloc%2fquick-lru 627ms (cache revalidated)
322 http fetch GET 200 https://registry.npmjs.org/@next%2fswc-win32-arm64-msvc 595ms (cache revalidated)
323 http fetch GET 200 https://registry.npmjs.org/@next%2fswc-win32-ia32-msvc 609ms (cache miss)
324 timing idealTree:#root Completed in 1570ms
325 timing idealTree:node_modules/@prisma/client Completed in 0ms
326 silly placeDep ROOT @supabase/auth-js@2.90.1 OK for: @supabase/supabase-js@2.90.1 want: 2.90.1
327 silly fetch manifest tslib@2.8.1
328 silly placeDep ROOT @supabase/functions-js@2.90.1 OK for: @supabase/supabase-js@2.90.1 want: 2.90.1
329 silly placeDep ROOT @supabase/postgrest-js@2.90.1 OK for: @supabase/supabase-js@2.90.1 want: 2.90.1
330 silly placeDep ROOT @supabase/realtime-js@2.90.1 OK for: @supabase/supabase-js@2.90.1 want: 2.90.1
331 silly fetch manifest ws@^8.18.2
332 silly fetch manifest @types/ws@^8.18.1
333 silly fetch manifest @types/phoenix@^1.6.6
334 silly placeDep ROOT @supabase/storage-js@2.90.1 OK for: @supabase/supabase-js@2.90.1 want: 2.90.1
335 silly fetch manifest iceberg-js@^0.8.1
336 http fetch GET 200 https://registry.npmjs.org/@types%2fws 4ms (cache hit)
337 http fetch GET 200 https://registry.npmjs.org/iceberg-js 4ms (cache hit)
338 http fetch GET 200 https://registry.npmjs.org/@types%2fphoenix 6ms (cache hit)
339 timing idealTree:node_modules/@supabase/supabase-js Completed in 13ms
340 silly placeDep ROOT tslib@2.8.1 OK for: @supabase/auth-js@2.90.1 want: 2.8.1
341 timing idealTree:node_modules/@supabase/auth-js Completed in 1ms
342 timing idealTree:node_modules/@supabase/functions-js Completed in 0ms
343 timing idealTree:node_modules/@supabase/postgrest-js Completed in 0ms
344 silly fetch manifest bufferutil@^4.0.1
345 http fetch GET 200 https://registry.npmjs.org/bufferutil 1ms (cache hit)
346 silly fetch manifest utf-8-validate@>=5.0.2
347 http fetch GET 200 https://registry.npmjs.org/utf-8-validate 1ms (cache hit)
348 silly placeDep ROOT @types/phoenix@1.6.7 OK for: @supabase/realtime-js@2.90.1 want: ^1.6.6
349 silly placeDep ROOT @types/ws@8.18.1 OK for: @supabase/realtime-js@2.90.1 want: ^8.18.1
350 silly placeDep ROOT ws@8.19.0 OK for: @supabase/realtime-js@2.90.1 want: ^8.18.2
351 timing idealTree:node_modules/@supabase/realtime-js Completed in 4ms
352 silly placeDep ROOT iceberg-js@0.8.1 OK for: @supabase/storage-js@2.90.1 want: ^0.8.1
353 timing idealTree:node_modules/@supabase/storage-js Completed in 1ms
354 silly placeDep ROOT @alloc/quick-lru@5.2.0 OK for: @tailwindcss/postcss@4.1.18 want: ^5.2.0
355 silly placeDep ROOT @tailwindcss/node@4.1.18 OK for: @tailwindcss/postcss@4.1.18 want: 4.1.18
356 silly fetch manifest jiti@^2.6.1
357 silly fetch manifest lightningcss@1.30.2
358 silly fetch manifest magic-string@^0.30.21
359 silly fetch manifest enhanced-resolve@^5.18.3
360 silly fetch manifest @jridgewell/remapping@^2.3.4
361 silly placeDep ROOT @tailwindcss/oxide@4.1.18 OK for: @tailwindcss/postcss@4.1.18 want: 4.1.18
362 silly fetch manifest @tailwindcss/oxide-darwin-x64@4.1.18
363 silly fetch manifest @tailwindcss/oxide-freebsd-x64@4.1.18
364 silly fetch manifest @tailwindcss/oxide-wasm32-wasi@4.1.18
365 silly fetch manifest @tailwindcss/oxide-darwin-arm64@4.1.18
366 silly fetch manifest @tailwindcss/oxide-android-arm64@4.1.18
367 silly fetch manifest @tailwindcss/oxide-linux-x64-gnu@4.1.18
368 silly fetch manifest @tailwindcss/oxide-linux-x64-musl@4.1.18
369 silly fetch manifest @tailwindcss/oxide-win32-x64-msvc@4.1.18
370 silly fetch manifest @tailwindcss/oxide-linux-arm64-gnu@4.1.18
371 silly fetch manifest @tailwindcss/oxide-linux-arm64-musl@4.1.18
372 silly fetch manifest @tailwindcss/oxide-win32-arm64-msvc@4.1.18
373 silly fetch manifest @tailwindcss/oxide-linux-arm-gnueabihf@4.1.18
374 http fetch GET 200 https://registry.npmjs.org/jiti 17ms (cache hit)
375 http fetch GET 200 https://registry.npmjs.org/magic-string 41ms (cache revalidated)
376 http fetch GET 200 https://registry.npmjs.org/lightningcss 43ms (cache revalidated)
377 http fetch GET 200 https://registry.npmjs.org/@jridgewell%2fremapping 43ms (cache revalidated)
378 http fetch GET 200 https://registry.npmjs.org/@tailwindcss%2foxide-linux-x64-gnu 50ms (cache revalidated)
379 http fetch GET 200 https://registry.npmjs.org/@tailwindcss%2foxide-darwin-arm64 56ms (cache revalidated)
380 http fetch GET 200 https://registry.npmjs.org/@tailwindcss%2foxide-darwin-x64 73ms (cache revalidated)
381 http fetch GET 200 https://registry.npmjs.org/@tailwindcss%2foxide-wasm32-wasi 88ms (cache revalidated)
382 http fetch GET 200 https://registry.npmjs.org/@tailwindcss%2foxide-win32-x64-msvc 90ms (cache revalidated)
383 http fetch GET 200 https://registry.npmjs.org/enhanced-resolve 100ms (cache revalidated)
384 http fetch GET 200 https://registry.npmjs.org/@tailwindcss%2foxide-android-arm64 99ms (cache revalidated)
385 http fetch GET 200 https://registry.npmjs.org/@tailwindcss%2foxide-linux-arm64-gnu 105ms (cache revalidated)
386 http fetch GET 200 https://registry.npmjs.org/@tailwindcss%2foxide-linux-x64-musl 110ms (cache revalidated)
387 http fetch GET 200 https://registry.npmjs.org/@tailwindcss%2foxide-linux-arm-gnueabihf 118ms (cache revalidated)
388 http fetch GET 200 https://registry.npmjs.org/@tailwindcss%2foxide-win32-arm64-msvc 148ms (cache revalidated)
389 http fetch GET 200 https://registry.npmjs.org/@tailwindcss%2foxide-linux-arm64-musl 161ms (cache revalidated)
390 http fetch GET 200 https://registry.npmjs.org/@tailwindcss%2foxide-freebsd-x64 188ms (cache revalidated)
391 timing idealTree:node_modules/@tailwindcss/postcss Completed in 195ms
392 timing idealTree:node_modules/@alloc/quick-lru Completed in 0ms
393 silly placeDep ROOT @jridgewell/remapping@2.3.5 OK for: @tailwindcss/node@4.1.18 want: ^2.3.4
394 silly fetch manifest @jridgewell/gen-mapping@^0.3.5
395 silly fetch manifest @jridgewell/trace-mapping@^0.3.24
396 silly placeDep ROOT enhanced-resolve@5.18.4 OK for: @tailwindcss/node@4.1.18 want: ^5.18.3
397 silly fetch manifest graceful-fs@^4.2.4
398 silly fetch manifest tapable@^2.2.0
399 silly placeDep ROOT jiti@2.6.1 OK for: @tailwindcss/node@4.1.18 want: ^2.6.1
400 silly placeDep ROOT lightningcss@1.30.2 OK for: @tailwindcss/node@4.1.18 want: 1.30.2
401 silly fetch manifest detect-libc@^2.0.3
402 silly fetch manifest lightningcss-darwin-x64@1.30.2
403 silly fetch manifest lightningcss-linux-x64-gnu@1.30.2
404 silly fetch manifest lightningcss-win32-x64-msvc@1.30.2
405 silly fetch manifest lightningcss-win32-arm64-msvc@1.30.2
406 silly fetch manifest lightningcss-darwin-arm64@1.30.2
407 silly fetch manifest lightningcss-linux-arm64-gnu@1.30.2
408 silly fetch manifest lightningcss-linux-arm-gnueabihf@1.30.2
409 silly fetch manifest lightningcss-linux-arm64-musl@1.30.2
410 silly fetch manifest lightningcss-linux-x64-musl@1.30.2
411 silly fetch manifest lightningcss-freebsd-x64@1.30.2
412 silly fetch manifest lightningcss-android-arm64@1.30.2
413 silly placeDep ROOT magic-string@0.30.21 OK for: @tailwindcss/node@4.1.18 want: ^0.30.21
414 silly fetch manifest @jridgewell/sourcemap-codec@^1.5.5
415 silly placeDep ROOT source-map-js@1.2.1 OK for: @tailwindcss/node@4.1.18 want: ^1.2.1
416 http fetch GET 200 https://registry.npmjs.org/lightningcss-linux-x64-gnu 48ms (cache revalidated)
417 http fetch GET 200 https://registry.npmjs.org/tapable 50ms (cache revalidated)
418 http fetch GET 200 https://registry.npmjs.org/lightningcss-win32-x64-msvc 49ms (cache revalidated)
419 http fetch GET 200 https://registry.npmjs.org/lightningcss-linux-x64-musl 48ms (cache revalidated)
420 http fetch GET 200 https://registry.npmjs.org/lightningcss-android-arm64 56ms (cache revalidated)
421 http fetch GET 200 https://registry.npmjs.org/lightningcss-darwin-x64 58ms (cache revalidated)
422 http fetch GET 200 https://registry.npmjs.org/detect-libc 58ms (cache revalidated)
423 http fetch GET 200 https://registry.npmjs.org/lightningcss-linux-arm-gnueabihf 56ms (cache revalidated)
424 http fetch GET 200 https://registry.npmjs.org/lightningcss-freebsd-x64 73ms (cache revalidated)
425 http fetch GET 200 https://registry.npmjs.org/@jridgewell%2fgen-mapping 87ms (cache revalidated)
426 http fetch GET 200 https://registry.npmjs.org/@jridgewell%2ftrace-mapping 91ms (cache revalidated)
427 http fetch GET 200 https://registry.npmjs.org/lightningcss-linux-arm64-musl 89ms (cache revalidated)
428 http fetch GET 200 https://registry.npmjs.org/lightningcss-linux-arm64-gnu 90ms (cache revalidated)
429 http fetch GET 200 https://registry.npmjs.org/lightningcss-darwin-arm64 90ms (cache revalidated)
430 http fetch GET 200 https://registry.npmjs.org/@jridgewell%2fsourcemap-codec 91ms (cache revalidated)
431 http fetch GET 200 https://registry.npmjs.org/lightningcss-win32-arm64-msvc 978ms (cache revalidated)
432 timing idealTree:node_modules/@tailwindcss/node Completed in 982ms
433 silly placeDep ROOT @jridgewell/gen-mapping@0.3.13 OK for: @jridgewell/remapping@2.3.5 want: ^0.3.5
434 silly fetch manifest @jridgewell/sourcemap-codec@^1.5.0
435 silly placeDep ROOT @jridgewell/trace-mapping@0.3.31 OK for: @jridgewell/remapping@2.3.5 want: ^0.3.24
436 silly fetch manifest @jridgewell/resolve-uri@^3.1.0
437 silly fetch manifest @jridgewell/sourcemap-codec@^1.4.14
438 http fetch GET 200 https://registry.npmjs.org/@jridgewell%2fresolve-uri 223ms (cache revalidated)
439 timing idealTree:node_modules/@jridgewell/remapping Completed in 225ms
440 silly placeDep ROOT @jridgewell/sourcemap-codec@1.5.5 OK for: @jridgewell/gen-mapping@0.3.13 want: ^1.5.0
441 timing idealTree:node_modules/@jridgewell/gen-mapping Completed in 1ms
442 timing idealTree:node_modules/@jridgewell/sourcemap-codec Completed in 0ms
443 silly placeDep ROOT @jridgewell/resolve-uri@3.1.2 OK for: @jridgewell/trace-mapping@0.3.31 want: ^3.1.0
444 timing idealTree:node_modules/@jridgewell/trace-mapping Completed in 0ms
445 timing idealTree:node_modules/@jridgewell/resolve-uri Completed in 0ms
446 silly placeDep ROOT @tailwindcss/oxide-android-arm64@4.1.18 OK for: @tailwindcss/oxide@4.1.18 want: 4.1.18
447 silly placeDep ROOT @tailwindcss/oxide-darwin-arm64@4.1.18 OK for: @tailwindcss/oxide@4.1.18 want: 4.1.18
448 silly placeDep ROOT @tailwindcss/oxide-darwin-x64@4.1.18 OK for: @tailwindcss/oxide@4.1.18 want: 4.1.18
449 silly placeDep ROOT @tailwindcss/oxide-freebsd-x64@4.1.18 OK for: @tailwindcss/oxide@4.1.18 want: 4.1.18
450 silly placeDep ROOT @tailwindcss/oxide-linux-arm-gnueabihf@4.1.18 OK for: @tailwindcss/oxide@4.1.18 want: 4.1.18
451 silly placeDep ROOT @tailwindcss/oxide-linux-arm64-gnu@4.1.18 OK for: @tailwindcss/oxide@4.1.18 want: 4.1.18
452 silly placeDep ROOT @tailwindcss/oxide-linux-arm64-musl@4.1.18 OK for: @tailwindcss/oxide@4.1.18 want: 4.1.18
453 silly placeDep ROOT @tailwindcss/oxide-linux-x64-gnu@4.1.18 OK for: @tailwindcss/oxide@4.1.18 want: 4.1.18
454 silly placeDep ROOT @tailwindcss/oxide-linux-x64-musl@4.1.18 OK for: @tailwindcss/oxide@4.1.18 want: 4.1.18
455 silly placeDep ROOT @tailwindcss/oxide-wasm32-wasi@4.1.18 OK for: @tailwindcss/oxide@4.1.18 want: 4.1.18
456 silly placeDep ROOT @tailwindcss/oxide-win32-arm64-msvc@4.1.18 OK for: @tailwindcss/oxide@4.1.18 want: 4.1.18
457 silly placeDep ROOT @tailwindcss/oxide-win32-x64-msvc@4.1.18 OK for: @tailwindcss/oxide@4.1.18 want: 4.1.18
458 timing idealTree:node_modules/@tailwindcss/oxide Completed in 4ms
459 timing idealTree:node_modules/@tailwindcss/oxide-android-arm64 Completed in 0ms
460 timing idealTree:node_modules/@tailwindcss/oxide-darwin-arm64 Completed in 0ms
461 timing idealTree:node_modules/@tailwindcss/oxide-darwin-x64 Completed in 0ms
462 timing idealTree:node_modules/@tailwindcss/oxide-freebsd-x64 Completed in 0ms
463 timing idealTree:node_modules/@tailwindcss/oxide-linux-arm-gnueabihf Completed in 0ms
464 timing idealTree:node_modules/@tailwindcss/oxide-linux-arm64-gnu Completed in 0ms
465 timing idealTree:node_modules/@tailwindcss/oxide-linux-arm64-musl Completed in 0ms
466 timing idealTree:node_modules/@tailwindcss/oxide-linux-x64-gnu Completed in 0ms
467 timing idealTree:node_modules/@tailwindcss/oxide-linux-x64-musl Completed in 0ms
468 timing idealTree:node_modules/@tailwindcss/oxide-wasm32-wasi Completed in 0ms
469 timing idealTree:node_modules/@tailwindcss/oxide-win32-arm64-msvc Completed in 0ms
470 timing idealTree:node_modules/@tailwindcss/oxide-win32-x64-msvc Completed in 0ms
471 silly placeDep ROOT undici-types@6.21.0 OK for: @types/node@20.19.30 want: ~6.21.0
472 timing idealTree:node_modules/@types/node Completed in 0ms
473 timing idealTree:node_modules/@types/phoenix Completed in 0ms
474 silly placeDep ROOT @types/prop-types@15.7.15 OK for: @types/react@18.3.27 want: *
475 silly placeDep ROOT csstype@3.2.3 OK for: @types/react@18.3.27 want: ^3.2.2
476 timing idealTree:node_modules/@types/react Completed in 1ms
477 timing idealTree:node_modules/@types/prop-types Completed in 0ms
478 timing idealTree:node_modules/@types/react-dom Completed in 0ms
479 timing idealTree:node_modules/@types/ws Completed in 0ms
480 silly placeDep ROOT browserslist@4.28.1 OK for: autoprefixer@10.4.23 want: ^4.28.1
481 silly fetch manifest baseline-browser-mapping@^2.9.0
482 silly fetch manifest caniuse-lite@^1.0.30001759
483 silly fetch manifest electron-to-chromium@^1.5.263
484 silly fetch manifest node-releases@^2.0.27
485 silly fetch manifest update-browserslist-db@^1.2.0
486 silly placeDep ROOT caniuse-lite@1.0.30001765 OK for: autoprefixer@10.4.23 want: ^1.0.30001760
487 silly placeDep ROOT fraction.js@5.3.4 OK for: autoprefixer@10.4.23 want: ^5.3.4
488 silly placeDep ROOT picocolors@1.1.1 OK for: autoprefixer@10.4.23 want: ^1.1.1
489 silly placeDep ROOT postcss-value-parser@4.2.0 OK for: autoprefixer@10.4.23 want: ^4.2.0
490 http fetch GET 200 https://registry.npmjs.org/node-releases 37ms (cache revalidated)
491 http fetch GET 200 https://registry.npmjs.org/baseline-browser-mapping 39ms (cache revalidated)
492 http fetch GET 200 https://registry.npmjs.org/electron-to-chromium 41ms (cache revalidated)
493 http fetch GET 200 https://registry.npmjs.org/update-browserslist-db 49ms (cache revalidated)
494 timing idealTree:node_modules/autoprefixer Completed in 53ms
495 timing idealTree:node_modules/bcryptjs Completed in 0ms
496 silly fetch manifest browserslist@>= 4.21.0
497 silly placeDep ROOT baseline-browser-mapping@2.9.15 OK for: browserslist@4.28.1 want: ^2.9.0
498 silly placeDep ROOT electron-to-chromium@1.5.267 OK for: browserslist@4.28.1 want: ^1.5.263
499 silly placeDep ROOT node-releases@2.0.27 OK for: browserslist@4.28.1 want: ^2.0.27
500 silly placeDep ROOT update-browserslist-db@1.2.3 OK for: browserslist@4.28.1 want: ^1.2.0
501 silly fetch manifest escalade@^3.2.0
502 http fetch GET 200 https://registry.npmjs.org/escalade 32ms (cache revalidated)
503 timing idealTree:node_modules/browserslist Completed in 36ms
504 timing idealTree:node_modules/baseline-browser-mapping Completed in 0ms
505 timing idealTree:node_modules/caniuse-lite Completed in 0ms
506 timing idealTree:node_modules/clsx Completed in 0ms
507 timing idealTree:node_modules/csstype Completed in 0ms
508 timing idealTree:node_modules/electron-to-chromium Completed in 0ms
509 silly placeDep ROOT graceful-fs@4.2.11 OK for: enhanced-resolve@5.18.4 want: ^4.2.4
510 silly placeDep ROOT tapable@2.3.0 OK for: enhanced-resolve@5.18.4 want: ^2.2.0
511 timing idealTree:node_modules/enhanced-resolve Completed in 1ms
512 silly fetch manifest eslint@^6.0.0 || ^7.0.0 || >=8.0.0
513 silly fetch manifest jiti@*
514 silly placeDep ROOT @eslint-community/eslint-utils@4.9.1 OK for: eslint@8.57.0 want: ^4.2.0
515 silly placeDep ROOT @eslint-community/regexpp@4.12.2 OK for: eslint@8.57.0 want: ^4.6.1
516 silly placeDep ROOT @eslint/eslintrc@2.1.4 OK for: eslint@8.57.0 want: ^2.1.4
517 silly fetch manifest espree@^9.6.0
518 silly fetch manifest import-fresh@^3.2.1
519 silly fetch manifest strip-json-comments@^3.1.1
520 silly placeDep ROOT @eslint/js@8.57.0 OK for: eslint@8.57.0 want: 8.57.0
521 silly placeDep ROOT @humanwhocodes/config-array@0.11.14 OK for: eslint@8.57.0 want: ^0.11.14
522 silly fetch manifest debug@^4.3.1
523 silly fetch manifest minimatch@^3.0.5
524 silly fetch manifest @humanwhocodes/object-schema@^2.0.2
525 silly placeDep ROOT @humanwhocodes/module-importer@1.0.1 OK for: eslint@8.57.0 want: ^1.0.1
526 silly placeDep ROOT @nodelib/fs.walk@1.2.8 OK for: eslint@8.57.0 want: ^1.2.8
527 silly fetch manifest fastq@^1.6.0
528 silly fetch manifest @nodelib/fs.scandir@2.1.5
529 silly placeDep ROOT @ungap/structured-clone@1.3.0 OK for: eslint@8.57.0 want: ^1.2.0
530 silly placeDep ROOT ajv@6.12.6 OK for: eslint@8.57.0 want: ^6.12.4
531 silly fetch manifest uri-js@^4.2.2
532 silly fetch manifest fast-deep-equal@^3.1.1
533 silly fetch manifest json-schema-traverse@^0.4.1
534 silly fetch manifest fast-json-stable-stringify@^2.0.0
535 silly placeDep ROOT chalk@4.1.2 OK for: eslint@8.57.0 want: ^4.0.0
536 silly fetch manifest ansi-styles@^4.1.0
537 silly fetch manifest supports-color@^7.1.0
538 silly placeDep ROOT cross-spawn@7.0.6 OK for: eslint@8.57.0 want: ^7.0.2
539 silly fetch manifest which@^2.0.1
540 silly fetch manifest path-key@^3.1.0
541 silly fetch manifest shebang-command@^2.0.0
542 silly placeDep ROOT debug@4.4.3 OK for: eslint@8.57.0 want: ^4.3.2
543 silly fetch manifest ms@^2.1.3
544 silly placeDep ROOT doctrine@3.0.0 OK for: eslint@8.57.0 want: ^3.0.0
545 silly placeDep ROOT escape-string-regexp@4.0.0 OK for: eslint@8.57.0 want: ^4.0.0
546 silly placeDep ROOT eslint-scope@7.2.2 OK for: eslint@8.57.0 want: ^7.2.2
547 silly fetch manifest esrecurse@^4.3.0
548 silly fetch manifest estraverse@^5.2.0
549 silly placeDep ROOT eslint-visitor-keys@3.4.3 OK for: eslint@8.57.0 want: ^3.4.3
550 silly placeDep ROOT espree@9.6.1 OK for: eslint@8.57.0 want: ^9.6.1
551 silly fetch manifest acorn@^8.9.0
552 silly fetch manifest acorn-jsx@^5.3.2
553 silly placeDep ROOT esquery@1.7.0 OK for: eslint@8.57.0 want: ^1.4.2
554 silly fetch manifest estraverse@^5.1.0
555 silly placeDep ROOT esutils@2.0.3 OK for: eslint@8.57.0 want: ^2.0.2
556 silly placeDep ROOT fast-deep-equal@3.1.3 OK for: eslint@8.57.0 want: ^3.1.3
557 silly placeDep ROOT file-entry-cache@6.0.1 OK for: eslint@8.57.0 want: ^6.0.1
558 silly fetch manifest flat-cache@^3.0.4
559 silly placeDep ROOT find-up@5.0.0 OK for: eslint@8.57.0 want: ^5.0.0
560 silly fetch manifest locate-path@^6.0.0
561 silly fetch manifest path-exists@^4.0.0
562 silly placeDep ROOT glob-parent@6.0.2 OK for: eslint@8.57.0 want: ^6.0.2
563 silly fetch manifest is-glob@^4.0.3
564 silly placeDep ROOT globals@13.24.0 OK for: eslint@8.57.0 want: ^13.19.0
565 silly fetch manifest type-fest@^0.20.2
566 silly placeDep ROOT graphemer@1.4.0 OK for: eslint@8.57.0 want: ^1.4.0
567 silly placeDep ROOT ignore@5.3.2 OK for: eslint@8.57.0 want: ^5.2.0
568 silly placeDep ROOT imurmurhash@0.1.4 OK for: eslint@8.57.0 want: ^0.1.4
569 silly placeDep ROOT is-glob@4.0.3 OK for: eslint@8.57.0 want: ^4.0.0
570 silly fetch manifest is-extglob@^2.1.1
571 silly placeDep ROOT is-path-inside@3.0.3 OK for: eslint@8.57.0 want: ^3.0.3
572 silly placeDep ROOT js-yaml@4.1.1 OK for: eslint@8.57.0 want: ^4.1.0
573 silly fetch manifest argparse@^2.0.1
574 silly placeDep ROOT json-stable-stringify-without-jsonify@1.0.1 OK for: eslint@8.57.0 want: ^1.0.1
575 silly placeDep ROOT levn@0.4.1 OK for: eslint@8.57.0 want: ^0.4.1
576 silly fetch manifest prelude-ls@^1.2.1
577 silly fetch manifest type-check@~0.4.0
578 silly placeDep ROOT lodash.merge@4.6.2 OK for: eslint@8.57.0 want: ^4.6.2
579 silly placeDep ROOT minimatch@3.1.2 OK for: eslint@8.57.0 want: ^3.1.2
580 silly fetch manifest brace-expansion@^1.1.7
581 silly placeDep ROOT natural-compare@1.4.0 OK for: eslint@8.57.0 want: ^1.4.0
582 silly placeDep ROOT optionator@0.9.4 OK for: eslint@8.57.0 want: ^0.9.3
583 silly fetch manifest deep-is@^0.1.3
584 silly fetch manifest word-wrap@^1.2.5
585 silly fetch manifest type-check@^0.4.0
586 silly fetch manifest fast-levenshtein@^2.0.6
587 silly placeDep ROOT strip-ansi@6.0.1 OK for: eslint@8.57.0 want: ^6.0.1
588 silly fetch manifest ansi-regex@^5.0.1
589 silly placeDep ROOT text-table@0.2.0 OK for: eslint@8.57.0 want: ^0.2.0
590 http fetch GET 200 https://registry.npmjs.org/type-fest 26ms (cache hit)
591 http fetch GET 200 https://registry.npmjs.org/ansi-regex 33ms (cache miss)
592 http fetch GET 200 https://registry.npmjs.org/shebang-command 55ms (cache revalidated)
593 http fetch GET 200 https://registry.npmjs.org/import-fresh 62ms (cache revalidated)
594 http fetch GET 200 https://registry.npmjs.org/ansi-styles 57ms (cache revalidated)
595 http fetch GET 200 https://registry.npmjs.org/fast-json-stable-stringify 60ms (cache revalidated)
596 http fetch GET 200 https://registry.npmjs.org/fastq 62ms (cache revalidated)
597 http fetch GET 200 https://registry.npmjs.org/esrecurse 59ms (cache revalidated)
598 http fetch GET 200 https://registry.npmjs.org/acorn 57ms (cache revalidated)
599 http fetch GET 200 https://registry.npmjs.org/uri-js 63ms (cache revalidated)
600 http fetch GET 200 https://registry.npmjs.org/@humanwhocodes%2fobject-schema 66ms (cache miss)
601 http fetch GET 200 https://registry.npmjs.org/strip-json-comments 71ms (cache revalidated)
602 http fetch GET 200 https://registry.npmjs.org/estraverse 64ms (cache revalidated)
603 http fetch GET 200 https://registry.npmjs.org/json-schema-traverse 71ms (cache revalidated)
604 http fetch GET 200 https://registry.npmjs.org/@nodelib%2ffs.scandir 74ms (cache revalidated)
605 http fetch GET 200 https://registry.npmjs.org/acorn-jsx 72ms (cache revalidated)
606 http fetch GET 200 https://registry.npmjs.org/brace-expansion 69ms (cache revalidated)
607 http fetch GET 200 https://registry.npmjs.org/type-check 71ms (cache revalidated)
608 http fetch GET 200 https://registry.npmjs.org/type-check 70ms (cache revalidated)
609 http fetch GET 200 https://registry.npmjs.org/estraverse 79ms (cache revalidated)
610 http fetch GET 200 https://registry.npmjs.org/locate-path 76ms (cache revalidated)
611 http fetch GET 200 https://registry.npmjs.org/deep-is 72ms (cache revalidated)
612 http fetch GET 200 https://registry.npmjs.org/prelude-ls 73ms (cache revalidated)
613 http fetch GET 200 https://registry.npmjs.org/supports-color 87ms (cache revalidated)
614 http fetch GET 200 https://registry.npmjs.org/flat-cache 89ms (cache revalidated)
615 http fetch GET 200 https://registry.npmjs.org/ms 93ms (cache revalidated)
616 http fetch GET 200 https://registry.npmjs.org/word-wrap 89ms (cache revalidated)
617 http fetch GET 200 https://registry.npmjs.org/is-extglob 97ms (cache revalidated)
618 http fetch GET 200 https://registry.npmjs.org/path-exists 99ms (cache revalidated)
619 http fetch GET 200 https://registry.npmjs.org/path-key 106ms (cache revalidated)
620 http fetch GET 200 https://registry.npmjs.org/fast-levenshtein 94ms (cache revalidated)
621 http fetch GET 200 https://registry.npmjs.org/which 106ms (cache revalidated)
622 http fetch GET 200 https://registry.npmjs.org/argparse 99ms (cache revalidated)
623 timing idealTree:node_modules/eslint Completed in 124ms
624 timing idealTree:node_modules/@eslint-community/eslint-utils Completed in 1ms
625 timing idealTree:node_modules/@eslint-community/regexpp Completed in 0ms
626 silly placeDep ROOT import-fresh@3.3.1 OK for: @eslint/eslintrc@2.1.4 want: ^3.2.1
627 silly fetch manifest parent-module@^1.0.0
628 silly fetch manifest resolve-from@^4.0.0
629 silly placeDep ROOT strip-json-comments@3.1.1 OK for: @eslint/eslintrc@2.1.4 want: ^3.1.1
630 http fetch GET 200 https://registry.npmjs.org/resolve-from 30ms (cache revalidated)
631 http fetch GET 200 https://registry.npmjs.org/parent-module 31ms (cache revalidated)
632 timing idealTree:node_modules/@eslint/eslintrc Completed in 31ms
633 timing idealTree:node_modules/@eslint/js Completed in 0ms
634 silly placeDep ROOT @humanwhocodes/object-schema@2.0.3 OK for: @humanwhocodes/config-array@0.11.14 want: ^2.0.2
635 timing idealTree:node_modules/@humanwhocodes/config-array Completed in 1ms
636 timing idealTree:node_modules/@humanwhocodes/module-importer Completed in 0ms
637 timing idealTree:node_modules/@humanwhocodes/object-schema Completed in 0ms
638 silly placeDep ROOT @nodelib/fs.scandir@2.1.5 OK for: @nodelib/fs.walk@1.2.8 want: 2.1.5
639 silly fetch manifest run-parallel@^1.1.9
640 silly fetch manifest @nodelib/fs.stat@2.0.5
641 silly placeDep ROOT fastq@1.20.1 OK for: @nodelib/fs.walk@1.2.8 want: ^1.6.0
642 silly fetch manifest reusify@^1.0.4
643 http fetch GET 200 https://registry.npmjs.org/reusify 42ms (cache revalidated)
644 http fetch GET 200 https://registry.npmjs.org/@nodelib%2ffs.stat 44ms (cache revalidated)
645 http fetch GET 200 https://registry.npmjs.org/run-parallel 47ms (cache revalidated)
646 timing idealTree:node_modules/@nodelib/fs.walk Completed in 49ms
647 silly placeDep ROOT @nodelib/fs.stat@2.0.5 OK for: @nodelib/fs.scandir@2.1.5 want: 2.0.5
648 silly placeDep ROOT run-parallel@1.2.0 OK for: @nodelib/fs.scandir@2.1.5 want: ^1.1.9
649 silly fetch manifest queue-microtask@^1.2.2
650 http fetch GET 200 https://registry.npmjs.org/queue-microtask 29ms (cache revalidated)
651 timing idealTree:node_modules/@nodelib/fs.scandir Completed in 31ms
652 timing idealTree:node_modules/@nodelib/fs.stat Completed in 0ms
653 timing idealTree:node_modules/@ungap/structured-clone Completed in 0ms
654 silly placeDep ROOT fast-json-stable-stringify@2.1.0 OK for: ajv@6.12.6 want: ^2.0.0
655 silly placeDep ROOT json-schema-traverse@0.4.1 OK for: ajv@6.12.6 want: ^0.4.1
656 silly placeDep ROOT uri-js@4.4.1 OK for: ajv@6.12.6 want: ^4.2.2
657 silly fetch manifest punycode@^2.1.0
658 http fetch GET 200 https://registry.npmjs.org/punycode 42ms (cache revalidated)
659 timing idealTree:node_modules/ajv Completed in 44ms
660 silly placeDep ROOT ansi-styles@4.3.0 OK for: chalk@4.1.2 want: ^4.1.0
661 silly fetch manifest color-convert@^2.0.1
662 silly placeDep ROOT supports-color@7.2.0 OK for: chalk@4.1.2 want: ^7.1.0
663 silly fetch manifest has-flag@^4.0.0
664 http fetch GET 200 https://registry.npmjs.org/has-flag 30ms (cache revalidated)
665 http fetch GET 200 https://registry.npmjs.org/color-convert 31ms (cache revalidated)
666 timing idealTree:node_modules/chalk Completed in 31ms
667 silly placeDep ROOT color-convert@2.0.1 OK for: ansi-styles@4.3.0 want: ^2.0.1
668 silly fetch manifest color-name@~1.1.4
669 http fetch GET 200 https://registry.npmjs.org/color-name 31ms (cache revalidated)
670 timing idealTree:node_modules/ansi-styles Completed in 31ms
671 silly placeDep ROOT color-name@1.1.4 OK for: color-convert@2.0.1 want: ~1.1.4
672 timing idealTree:node_modules/color-convert Completed in 1ms
673 timing idealTree:node_modules/color-name Completed in 0ms
674 silly placeDep ROOT path-key@3.1.1 OK for: cross-spawn@7.0.6 want: ^3.1.0
675 silly placeDep ROOT shebang-command@2.0.0 OK for: cross-spawn@7.0.6 want: ^2.0.0
676 silly fetch manifest shebang-regex@^3.0.0
677 silly placeDep ROOT which@2.0.2 OK for: cross-spawn@7.0.6 want: ^2.0.1
678 silly fetch manifest isexe@^2.0.0
679 http fetch GET 200 https://registry.npmjs.org/isexe 28ms (cache revalidated)
680 http fetch GET 200 https://registry.npmjs.org/shebang-regex 37ms (cache revalidated)
681 timing idealTree:node_modules/cross-spawn Completed in 39ms
682 silly placeDep ROOT ms@2.1.3 OK for: debug@4.4.3 want: ^2.1.3
683 timing idealTree:node_modules/debug Completed in 0ms
684 timing idealTree:node_modules/doctrine Completed in 0ms
685 timing idealTree:node_modules/escape-string-regexp Completed in 0ms
686 silly fetch manifest eslint@^7.23.0 || ^8.0.0
687 silly fetch manifest typescript@>=3.3.1
688 silly fetch manifest eslint-plugin-import-x@*
689 http fetch GET 200 https://registry.npmjs.org/eslint-plugin-import-x 199ms (cache revalidated)
690 silly fetch manifest @typescript-eslint/utils@^8.0.0
691 http fetch GET 200 https://registry.npmjs.org/@typescript-eslint%2futils 50ms (cache revalidated)
692 silly placeDep ROOT @next/eslint-plugin-next@14.2.16 OK for: eslint-config-next@14.2.16 want: 14.2.16
693 silly fetch manifest glob@10.3.10
694 silly placeDep ROOT @rushstack/eslint-patch@1.15.0 OK for: eslint-config-next@14.2.16 want: ^1.3.3
695 silly placeDep ROOT @typescript-eslint/eslint-plugin@8.53.1 OK for: eslint-config-next@14.2.16 want: ^5.4.2 || ^6.0.0 || ^7.0.0 || ^8.0.0
696 silly placeDep ROOT @typescript-eslint/parser@8.53.1 OK for: @typescript-eslint/eslint-plugin@8.53.1 want: ^8.53.1
697 silly fetch manifest ignore@^7.0.5
698 silly fetch manifest ts-api-utils@^2.4.0
699 silly fetch manifest @typescript-eslint/utils@8.53.1
700 silly fetch manifest @typescript-eslint/type-utils@8.53.1
701 silly fetch manifest @typescript-eslint/visitor-keys@8.53.1
702 silly fetch manifest @typescript-eslint/scope-manager@8.53.1
703 silly fetch manifest @typescript-eslint/types@8.53.1
704 silly fetch manifest @typescript-eslint/typescript-estree@8.53.1
705 silly placeDep ROOT eslint-import-resolver-node@0.3.9 OK for: eslint-config-next@14.2.16 want: ^0.3.6
706 silly fetch manifest debug@^3.2.7
707 silly fetch manifest is-core-module@^2.13.0
708 silly fetch manifest resolve@^1.22.4
709 silly placeDep ROOT eslint-import-resolver-typescript@3.10.1 OK for: eslint-config-next@14.2.16 want: ^3.5.2
710 silly fetch manifest tinyglobby@^0.2.13
711 silly fetch manifest stable-hash@^0.0.5
712 silly fetch manifest get-tsconfig@^4.10.0
713 silly fetch manifest is-bun-module@^2.0.0
714 silly fetch manifest unrs-resolver@^1.6.2
715 silly fetch manifest @nolyfill/is-core-module@1.0.39
716 silly placeDep ROOT eslint-plugin-import@2.32.0 OK for: eslint-config-next@14.2.16 want: ^2.28.1
717 silly fetch manifest @rtsao/scc@^1.1.0
718 silly fetch manifest array-includes@^3.1.9
719 silly fetch manifest array.prototype.findlastindex@^1.2.6
720 silly fetch manifest array.prototype.flat@^1.3.3
721 silly fetch manifest array.prototype.flatmap@^1.3.3
722 silly fetch manifest doctrine@^2.1.0
723 silly fetch manifest eslint-module-utils@^2.12.1
724 silly fetch manifest hasown@^2.0.2
725 silly fetch manifest is-core-module@^2.16.1
726 silly fetch manifest object.fromentries@^2.0.8
727 silly fetch manifest object.groupby@^1.0.3
728 silly fetch manifest object.values@^1.2.1
729 silly fetch manifest semver@^6.3.1
730 silly fetch manifest string.prototype.trimend@^1.0.9
731 silly fetch manifest tsconfig-paths@^3.15.0
732 silly placeDep ROOT eslint-plugin-jsx-a11y@6.10.2 OK for: eslint-config-next@14.2.16 want: ^6.7.1
733 silly fetch manifest aria-query@^5.3.2
734 silly fetch manifest array-includes@^3.1.8
735 silly fetch manifest array.prototype.flatmap@^1.3.2
736 silly fetch manifest ast-types-flow@^0.0.8
737 silly fetch manifest axe-core@^4.10.0
738 silly fetch manifest axobject-query@^4.1.0
739 silly fetch manifest damerau-levenshtein@^1.0.8
740 silly fetch manifest emoji-regex@^9.2.2
741 silly fetch manifest jsx-ast-utils@^3.3.5
742 silly fetch manifest language-tags@^1.0.9
743 silly fetch manifest safe-regex-test@^1.0.3
744 silly fetch manifest string.prototype.includes@^2.0.1
745 silly placeDep ROOT eslint-plugin-react@7.37.5 OK for: eslint-config-next@14.2.16 want: ^7.33.2
746 silly fetch manifest array.prototype.findlast@^1.2.5
747 silly fetch manifest array.prototype.tosorted@^1.1.4
748 silly fetch manifest es-iterator-helpers@^1.2.1
749 silly fetch manifest estraverse@^5.3.0
750 silly fetch manifest jsx-ast-utils@^2.4.1 || ^3.0.0
751 silly fetch manifest object.entries@^1.1.9
752 silly fetch manifest prop-types@^15.8.1
753 silly fetch manifest resolve@^2.0.0-next.5
754 silly fetch manifest string.prototype.matchall@^4.0.12
755 silly fetch manifest string.prototype.repeat@^1.0.0
756 silly placeDep ROOT eslint-plugin-react-hooks@5.0.0-canary-7118f5dd7-20230705 OK for: eslint-config-next@14.2.16 want: ^4.5.0 || 5.0.0-canary-7118f5dd7-20230705
757 http fetch GET 200 https://registry.npmjs.org/glob 95ms (cache miss)
758 http fetch GET 200 https://registry.npmjs.org/resolve 89ms (cache revalidated)
759 http fetch GET 200 https://registry.npmjs.org/is-core-module 90ms (cache revalidated)
760 http fetch GET 200 https://registry.npmjs.org/is-bun-module 101ms (cache revalidated)
761 http fetch GET 200 https://registry.npmjs.org/object.fromentries 96ms (cache revalidated)
762 http fetch GET 200 https://registry.npmjs.org/@nolyfill%2fis-core-module 101ms (cache revalidated)
763 http fetch GET 200 https://registry.npmjs.org/array.prototype.flat 99ms (cache revalidated)
764 http fetch GET 200 https://registry.npmjs.org/stable-hash 103ms (cache revalidated)
765 http fetch GET 200 https://registry.npmjs.org/hasown 99ms (cache revalidated)
766 http fetch GET 200 https://registry.npmjs.org/ts-api-utils 113ms (cache revalidated)
767 http fetch GET 200 https://registry.npmjs.org/tinyglobby 106ms (cache revalidated)
768 http fetch GET 200 https://registry.npmjs.org/is-core-module 101ms (cache revalidated)
769 http fetch GET 200 https://registry.npmjs.org/@typescript-eslint%2ftypes 114ms (cache revalidated)
770 http fetch GET 200 https://registry.npmjs.org/@typescript-eslint%2ftype-utils 143ms (cache revalidated)
771 http fetch GET 200 https://registry.npmjs.org/@typescript-eslint%2ftypescript-estree 164ms (cache revalidated)
772 http fetch GET 200 https://registry.npmjs.org/ast-types-flow 180ms (cache revalidated)
773 http fetch GET 200 https://registry.npmjs.org/string.prototype.trimend 185ms (cache revalidated)
774 http fetch GET 200 https://registry.npmjs.org/unrs-resolver 194ms (cache revalidated)
775 http fetch GET 200 https://registry.npmjs.org/tsconfig-paths 184ms (cache revalidated)
776 http fetch GET 200 https://registry.npmjs.org/array.prototype.flatmap 182ms (cache revalidated)
777 http fetch GET 200 https://registry.npmjs.org/axe-core 185ms (cache revalidated)
778 http fetch GET 200 https://registry.npmjs.org/jsx-ast-utils 204ms (cache revalidated)
779 http fetch GET 200 https://registry.npmjs.org/@rtsao%2fscc 218ms (cache revalidated)
780 http fetch GET 200 https://registry.npmjs.org/get-tsconfig 221ms (cache revalidated)
781 http fetch GET 200 https://registry.npmjs.org/eslint-module-utils 217ms (cache revalidated)
782 http fetch GET 200 https://registry.npmjs.org/language-tags 206ms (cache revalidated)
783 http fetch GET 200 https://registry.npmjs.org/aria-query 209ms (cache revalidated)
784 http fetch GET 200 https://registry.npmjs.org/@typescript-eslint%2fvisitor-keys 235ms (cache revalidated)
785 http fetch GET 200 https://registry.npmjs.org/array-includes 242ms (cache revalidated)
786 http fetch GET 200 https://registry.npmjs.org/object.groupby 252ms (cache revalidated)
787 http fetch GET 200 https://registry.npmjs.org/string.prototype.includes 267ms (cache revalidated)
788 http fetch GET 200 https://registry.npmjs.org/array.prototype.flatmap 280ms (cache revalidated)
789 http fetch GET 200 https://registry.npmjs.org/axobject-query 269ms (cache revalidated)
790 http fetch GET 200 https://registry.npmjs.org/damerau-levenshtein 269ms (cache revalidated)
791 http fetch GET 200 https://registry.npmjs.org/object.values 280ms (cache revalidated)
792 http fetch GET 200 https://registry.npmjs.org/string.prototype.repeat 266ms (cache revalidated)
793 http fetch GET 200 https://registry.npmjs.org/jsx-ast-utils 267ms (cache revalidated)
794 http fetch GET 200 https://registry.npmjs.org/es-iterator-helpers 267ms (cache revalidated)
795 http fetch GET 200 https://registry.npmjs.org/array.prototype.findlastindex 283ms (cache revalidated)
796 http fetch GET 200 https://registry.npmjs.org/array.prototype.tosorted 270ms (cache revalidated)
797 http fetch GET 200 https://registry.npmjs.org/array.prototype.findlast 270ms (cache revalidated)
798 http fetch GET 200 https://registry.npmjs.org/safe-regex-test 271ms (cache revalidated)
799 http fetch GET 200 https://registry.npmjs.org/emoji-regex 272ms (cache revalidated)
800 http fetch GET 200 https://registry.npmjs.org/semver 282ms (cache revalidated)
801 http fetch GET 200 https://registry.npmjs.org/@typescript-eslint%2fscope-manager 301ms (cache revalidated)
802 http fetch GET 200 https://registry.npmjs.org/array-includes 315ms (cache revalidated)
803 http fetch GET 200 https://registry.npmjs.org/object.entries 300ms (cache revalidated)
804 http fetch GET 200 https://registry.npmjs.org/resolve 299ms (cache revalidated)
805 http fetch GET 200 https://registry.npmjs.org/prop-types 301ms (cache revalidated)
806 http fetch GET 200 https://registry.npmjs.org/string.prototype.matchall 304ms (cache revalidated)
807 timing idealTree:node_modules/eslint-config-next Completed in 612ms
808 silly placeDep ROOT glob@10.3.10 OK for: @next/eslint-plugin-next@14.2.16 want: 10.3.10
809 silly fetch manifest minipass@^5.0.0 || ^6.0.2 || ^7.0.0
810 silly fetch manifest jackspeak@^2.3.5
811 silly fetch manifest minimatch@^9.0.1
812 silly fetch manifest path-scurry@^1.10.1
813 silly fetch manifest foreground-child@^3.1.0
814 http fetch GET 200 https://registry.npmjs.org/foreground-child 3ms (cache hit)
815 http fetch GET 200 https://registry.npmjs.org/path-scurry 33ms (cache miss)
816 http fetch GET 200 https://registry.npmjs.org/jackspeak 35ms (cache miss)
817 http fetch GET 200 https://registry.npmjs.org/minipass 72ms (cache miss)
818 timing idealTree:node_modules/@next/eslint-plugin-next Completed in 74ms
819 timing idealTree:node_modules/@rushstack/eslint-patch Completed in 0ms
820 silly fetch manifest typescript@>=4.8.4 <6.0.0
821 silly fetch manifest eslint@^8.57.0 || ^9.0.0
822 silly placeDep ROOT @typescript-eslint/scope-manager@8.53.1 OK for: @typescript-eslint/eslint-plugin@8.53.1 want: 8.53.1
823 silly placeDep ROOT @typescript-eslint/type-utils@8.53.1 OK for: @typescript-eslint/eslint-plugin@8.53.1 want: 8.53.1
824 silly placeDep ROOT @typescript-eslint/utils@8.53.1 OK for: @typescript-eslint/eslint-plugin@8.53.1 want: 8.53.1
825 silly placeDep ROOT @typescript-eslint/visitor-keys@8.53.1 OK for: @typescript-eslint/eslint-plugin@8.53.1 want: 8.53.1
826 silly fetch manifest eslint-visitor-keys@^4.2.1
827 silly placeDep node_modules/@typescript-eslint/eslint-plugin ignore@7.0.5 OK for: @typescript-eslint/eslint-plugin@8.53.1 want: ^7.0.5
828 silly placeDep ROOT ts-api-utils@2.4.0 OK for: @typescript-eslint/eslint-plugin@8.53.1 want: ^2.4.0
829 timing idealTree:node_modules/@typescript-eslint/eslint-plugin Completed in 5ms
830 silly placeDep ROOT @typescript-eslint/types@8.53.1 OK for: @typescript-eslint/parser@8.53.1 want: 8.53.1
831 silly placeDep ROOT @typescript-eslint/typescript-estree@8.53.1 OK for: @typescript-eslint/parser@8.53.1 want: 8.53.1
832 silly fetch manifest semver@^7.7.3
833 silly fetch manifest minimatch@^9.0.5
834 silly fetch manifest tinyglobby@^0.2.15
835 silly fetch manifest @typescript-eslint/tsconfig-utils@8.53.1
836 silly fetch manifest @typescript-eslint/project-service@8.53.1
837 http fetch GET 200 https://registry.npmjs.org/@typescript-eslint%2fproject-service 57ms (cache revalidated)
838 http fetch GET 200 https://registry.npmjs.org/@typescript-eslint%2ftsconfig-utils 59ms (cache revalidated)
839 timing idealTree:node_modules/@typescript-eslint/parser Completed in 63ms
840 timing idealTree:node_modules/@typescript-eslint/scope-manager Completed in 0ms
841 timing idealTree:node_modules/@typescript-eslint/type-utils Completed in 0ms
842 timing idealTree:node_modules/@typescript-eslint/types Completed in 0ms
843 silly placeDep ROOT @typescript-eslint/project-service@8.53.1 OK for: @typescript-eslint/typescript-estree@8.53.1 want: 8.53.1
844 silly fetch manifest @typescript-eslint/tsconfig-utils@^8.53.1
845 silly placeDep ROOT @typescript-eslint/tsconfig-utils@8.53.1 OK for: @typescript-eslint/typescript-estree@8.53.1 want: 8.53.1
846 silly placeDep node_modules/@typescript-eslint/typescript-estree minimatch@9.0.5 OK for: @typescript-eslint/typescript-estree@8.53.1 want: ^9.0.5
847 silly fetch manifest brace-expansion@^2.0.1
848 silly placeDep ROOT semver@7.7.3 OK for: @typescript-eslint/typescript-estree@8.53.1 want: ^7.7.3
849 silly placeDep ROOT tinyglobby@0.2.15 OK for: @typescript-eslint/typescript-estree@8.53.1 want: ^0.2.15
850 silly fetch manifest fdir@^6.5.0
851 silly fetch manifest picomatch@^4.0.3
852 http fetch GET 200 https://registry.npmjs.org/picomatch 38ms (cache revalidated)
853 http fetch GET 200 https://registry.npmjs.org/fdir 47ms (cache revalidated)
854 timing idealTree:node_modules/@typescript-eslint/typescript-estree Completed in 51ms
855 timing idealTree:node_modules/@typescript-eslint/project-service Completed in 0ms
856 timing idealTree:node_modules/@typescript-eslint/tsconfig-utils Completed in 0ms
857 timing idealTree:node_modules/@typescript-eslint/utils Completed in 0ms
858 silly placeDep node_modules/@typescript-eslint/visitor-keys eslint-visitor-keys@4.2.1 OK for: @typescript-eslint/visitor-keys@8.53.1 want: ^4.2.1
859 timing idealTree:node_modules/@typescript-eslint/visitor-keys Completed in 0ms
860 silly placeDep node_modules/eslint-import-resolver-node debug@3.2.7 OK for: eslint-import-resolver-node@0.3.9 want: ^3.2.7
861 silly placeDep ROOT is-core-module@2.16.1 OK for: eslint-import-resolver-node@0.3.9 want: ^2.13.0
862 silly placeDep ROOT resolve@1.22.11 OK for: eslint-import-resolver-node@0.3.9 want: ^1.22.4
863 silly fetch manifest path-parse@^1.0.7
864 silly fetch manifest supports-preserve-symlinks-flag@^1.0.0
865 http fetch GET 200 https://registry.npmjs.org/path-parse 52ms (cache revalidated)
866 http fetch GET 200 https://registry.npmjs.org/supports-preserve-symlinks-flag 55ms (cache revalidated)
867 timing idealTree:node_modules/eslint-import-resolver-node Completed in 57ms
868 silly placeDep ROOT @nolyfill/is-core-module@1.0.39 OK for: eslint-import-resolver-typescript@3.10.1 want: 1.0.39
869 silly placeDep ROOT get-tsconfig@4.13.0 OK for: eslint-import-resolver-typescript@3.10.1 want: ^4.10.0
870 silly fetch manifest resolve-pkg-maps@^1.0.0
871 silly placeDep ROOT is-bun-module@2.0.0 OK for: eslint-import-resolver-typescript@3.10.1 want: ^2.0.0
872 silly placeDep ROOT stable-hash@0.0.5 OK for: eslint-import-resolver-typescript@3.10.1 want: ^0.0.5
873 silly placeDep ROOT unrs-resolver@1.11.1 OK for: eslint-import-resolver-typescript@3.10.1 want: ^1.6.2
874 silly fetch manifest napi-postinstall@^0.3.0
875 silly fetch manifest @unrs/resolver-binding-win32-x64-msvc@1.11.1
876 silly fetch manifest @unrs/resolver-binding-win32-arm64-msvc@1.11.1
877 silly fetch manifest @unrs/resolver-binding-win32-ia32-msvc@1.11.1
878 silly fetch manifest @unrs/resolver-binding-linux-x64-gnu@1.11.1
879 silly fetch manifest @unrs/resolver-binding-linux-x64-musl@1.11.1
880 silly fetch manifest @unrs/resolver-binding-freebsd-x64@1.11.1
881 silly fetch manifest @unrs/resolver-binding-android-arm64@1.11.1
882 silly fetch manifest @unrs/resolver-binding-linux-arm64-gnu@1.11.1
883 silly fetch manifest @unrs/resolver-binding-linux-arm64-musl@1.11.1
884 silly fetch manifest @unrs/resolver-binding-android-arm-eabi@1.11.1
885 silly fetch manifest @unrs/resolver-binding-linux-arm-gnueabihf@1.11.1
886 silly fetch manifest @unrs/resolver-binding-linux-arm-musleabihf@1.11.1
887 silly fetch manifest @unrs/resolver-binding-linux-ppc64-gnu@1.11.1
888 silly fetch manifest @unrs/resolver-binding-linux-riscv64-gnu@1.11.1
889 silly fetch manifest @unrs/resolver-binding-linux-riscv64-musl@1.11.1
890 silly fetch manifest @unrs/resolver-binding-linux-s390x-gnu@1.11.1
891 silly fetch manifest @unrs/resolver-binding-darwin-x64@1.11.1
892 silly fetch manifest @unrs/resolver-binding-darwin-arm64@1.11.1
893 silly fetch manifest @unrs/resolver-binding-wasm32-wasi@1.11.1
894 http fetch GET 200 https://registry.npmjs.org/napi-postinstall 79ms (cache revalidated)
895 http fetch GET 200 https://registry.npmjs.org/@unrs%2fresolver-binding-linux-riscv64-musl 94ms (cache revalidated)
896 http fetch GET 200 https://registry.npmjs.org/@unrs%2fresolver-binding-linux-arm64-musl 96ms (cache revalidated)
897 http fetch GET 200 https://registry.npmjs.org/@unrs%2fresolver-binding-wasm32-wasi 91ms (cache revalidated)
898 http fetch GET 200 https://registry.npmjs.org/@unrs%2fresolver-binding-freebsd-x64 98ms (cache revalidated)
899 http fetch GET 200 https://registry.npmjs.org/@unrs%2fresolver-binding-win32-ia32-msvc 99ms (cache revalidated)
900 http fetch GET 200 https://registry.npmjs.org/@unrs%2fresolver-binding-linux-ppc64-gnu 97ms (cache revalidated)
901 http fetch GET 200 https://registry.npmjs.org/@unrs%2fresolver-binding-linux-x64-musl 122ms (cache revalidated)
902 http fetch GET 200 https://registry.npmjs.org/@unrs%2fresolver-binding-android-arm-eabi 121ms (cache revalidated)
903 http fetch GET 200 https://registry.npmjs.org/@unrs%2fresolver-binding-android-arm64 122ms (cache revalidated)
904 http fetch GET 200 https://registry.npmjs.org/@unrs%2fresolver-binding-linux-arm-gnueabihf 121ms (cache revalidated)
905 http fetch GET 200 https://registry.npmjs.org/@unrs%2fresolver-binding-win32-x64-msvc 123ms (cache revalidated)
906 http fetch GET 200 https://registry.npmjs.org/@unrs%2fresolver-binding-linux-arm64-gnu 127ms (cache revalidated)
907 http fetch GET 200 https://registry.npmjs.org/resolve-pkg-maps 130ms (cache revalidated)
908 http fetch GET 200 https://registry.npmjs.org/@unrs%2fresolver-binding-darwin-arm64 134ms (cache revalidated)
909 http fetch GET 200 https://registry.npmjs.org/@unrs%2fresolver-binding-linux-x64-gnu 141ms (cache revalidated)
910 http fetch GET 200 https://registry.npmjs.org/@unrs%2fresolver-binding-darwin-x64 142ms (cache revalidated)
911 http fetch GET 200 https://registry.npmjs.org/@unrs%2fresolver-binding-linux-arm-musleabihf 144ms (cache revalidated)
912 http fetch GET 200 https://registry.npmjs.org/@unrs%2fresolver-binding-linux-riscv64-gnu 144ms (cache revalidated)
913 http fetch GET 200 https://registry.npmjs.org/@unrs%2fresolver-binding-win32-arm64-msvc 177ms (cache revalidated)
914 http fetch GET 200 https://registry.npmjs.org/@unrs%2fresolver-binding-linux-s390x-gnu 187ms (cache revalidated)
915 timing idealTree:node_modules/eslint-import-resolver-typescript Completed in 193ms
916 timing idealTree:node_modules/@nolyfill/is-core-module Completed in 0ms
917 silly placeDep ROOT @rtsao/scc@1.1.0 OK for: eslint-plugin-import@2.32.0 want: ^1.1.0
918 silly placeDep ROOT array-includes@3.1.9 OK for: eslint-plugin-import@2.32.0 want: ^3.1.9
919 silly fetch manifest call-bind@^1.0.8
920 silly fetch manifest call-bound@^1.0.4
921 silly fetch manifest define-properties@^1.2.1
922 silly fetch manifest es-abstract@^1.24.0
923 silly fetch manifest es-object-atoms@^1.1.1
924 silly fetch manifest get-intrinsic@^1.3.0
925 silly fetch manifest is-string@^1.1.1
926 silly fetch manifest math-intrinsics@^1.1.0
927 silly placeDep ROOT array.prototype.findlastindex@1.2.6 OK for: eslint-plugin-import@2.32.0 want: ^1.2.6
928 silly fetch manifest es-abstract@^1.23.9
929 silly fetch manifest es-errors@^1.3.0
930 silly fetch manifest es-shim-unscopables@^1.1.0
931 silly placeDep ROOT array.prototype.flat@1.3.3 OK for: eslint-plugin-import@2.32.0 want: ^1.3.3
932 silly fetch manifest es-abstract@^1.23.5
933 silly fetch manifest es-shim-unscopables@^1.0.2
934 silly placeDep ROOT array.prototype.flatmap@1.3.3 OK for: eslint-plugin-import@2.32.0 want: ^1.3.3
935 silly placeDep node_modules/eslint-plugin-import debug@3.2.7 OK for: eslint-plugin-import@2.32.0 want: ^3.2.7
936 silly placeDep node_modules/eslint-plugin-import doctrine@2.1.0 OK for: eslint-plugin-import@2.32.0 want: ^2.1.0
937 silly placeDep ROOT eslint-module-utils@2.12.1 OK for: eslint-plugin-import@2.32.0 want: ^2.12.1
938 silly placeDep ROOT hasown@2.0.2 OK for: eslint-plugin-import@2.32.0 want: ^2.0.2
939 silly fetch manifest function-bind@^1.1.2
940 silly placeDep ROOT object.fromentries@2.0.8 OK for: eslint-plugin-import@2.32.0 want: ^2.0.8
941 silly fetch manifest call-bind@^1.0.7
942 silly fetch manifest es-abstract@^1.23.2
943 silly fetch manifest es-object-atoms@^1.0.0
944 silly placeDep ROOT object.groupby@1.0.3 OK for: eslint-plugin-import@2.32.0 want: ^1.0.3
945 silly placeDep ROOT object.values@1.2.1 OK for: eslint-plugin-import@2.32.0 want: ^1.2.1
946 silly fetch manifest call-bound@^1.0.3
947 silly placeDep node_modules/eslint-plugin-import semver@6.3.1 OK for: eslint-plugin-import@2.32.0 want: ^6.3.1
948 silly placeDep ROOT string.prototype.trimend@1.0.9 OK for: eslint-plugin-import@2.32.0 want: ^1.0.9
949 silly fetch manifest call-bound@^1.0.2
950 silly placeDep ROOT tsconfig-paths@3.15.0 OK for: eslint-plugin-import@2.32.0 want: ^3.15.0
951 silly fetch manifest json5@^1.0.2
952 silly fetch manifest minimist@^1.2.6
953 silly fetch manifest strip-bom@^3.0.0
954 silly fetch manifest @types/json5@^0.0.29
955 http fetch GET 200 https://registry.npmjs.org/is-string 55ms (cache revalidated)
956 http fetch GET 200 https://registry.npmjs.org/call-bind 57ms (cache revalidated)
957 http fetch GET 200 https://registry.npmjs.org/call-bound 57ms (cache revalidated)
958 http fetch GET 200 https://registry.npmjs.org/get-intrinsic 56ms (cache revalidated)
959 http fetch GET 200 https://registry.npmjs.org/es-abstract 53ms (cache revalidated)
960 http fetch GET 200 https://registry.npmjs.org/es-abstract 59ms (cache revalidated)
961 http fetch GET 200 https://registry.npmjs.org/call-bind 52ms (cache revalidated)
962 http fetch GET 200 https://registry.npmjs.org/es-abstract 59ms (cache revalidated)
963 http fetch GET 200 https://registry.npmjs.org/define-properties 62ms (cache revalidated)
964 http fetch GET 200 https://registry.npmjs.org/call-bound 51ms (cache revalidated)
965 http fetch GET 200 https://registry.npmjs.org/es-object-atoms 62ms (cache revalidated)
966 http fetch GET 200 https://registry.npmjs.org/es-object-atoms 77ms (cache revalidated)
967 http fetch GET 200 https://registry.npmjs.org/math-intrinsics 87ms (cache revalidated)
968 http fetch GET 200 https://registry.npmjs.org/strip-bom 76ms (cache revalidated)
969 http fetch GET 200 https://registry.npmjs.org/json5 76ms (cache revalidated)
970 http fetch GET 200 https://registry.npmjs.org/es-shim-unscopables 84ms (cache revalidated)
971 http fetch GET 200 https://registry.npmjs.org/es-abstract 119ms (cache revalidated)
972 http fetch GET 200 https://registry.npmjs.org/function-bind 120ms (cache revalidated)
973 http fetch GET 200 https://registry.npmjs.org/minimist 117ms (cache revalidated)
974 http fetch GET 200 https://registry.npmjs.org/es-shim-unscopables 127ms (cache revalidated)
975 http fetch GET 200 https://registry.npmjs.org/es-errors 128ms (cache revalidated)
976 http fetch GET 200 https://registry.npmjs.org/call-bound 121ms (cache revalidated)
977 http fetch GET 200 https://registry.npmjs.org/@types%2fjson5 118ms (cache revalidated)
978 timing idealTree:node_modules/eslint-plugin-import Completed in 134ms
979 timing idealTree:node_modules/@rtsao/scc Completed in 0ms
980 silly placeDep ROOT call-bind@1.0.8 OK for: array-includes@3.1.9 want: ^1.0.8
981 silly fetch manifest call-bind-apply-helpers@^1.0.0
982 silly fetch manifest es-define-property@^1.0.0
983 silly fetch manifest get-intrinsic@^1.2.4
984 silly fetch manifest set-function-length@^1.2.2
985 silly placeDep ROOT call-bound@1.0.4 OK for: array-includes@3.1.9 want: ^1.0.4
986 silly fetch manifest call-bind-apply-helpers@^1.0.2
987 silly placeDep ROOT define-properties@1.2.1 OK for: array-includes@3.1.9 want: ^1.2.1
988 silly fetch manifest define-data-property@^1.0.1
989 silly fetch manifest has-property-descriptors@^1.0.0
990 silly fetch manifest object-keys@^1.1.1
991 silly placeDep ROOT es-abstract@1.24.1 OK for: array-includes@3.1.9 want: ^1.24.0
992 silly fetch manifest array-buffer-byte-length@^1.0.2
993 silly fetch manifest arraybuffer.prototype.slice@^1.0.4
994 silly fetch manifest available-typed-arrays@^1.0.7
995 silly fetch manifest data-view-buffer@^1.0.2
996 silly fetch manifest data-view-byte-length@^1.0.2
997 silly fetch manifest data-view-byte-offset@^1.0.1
998 silly fetch manifest es-define-property@^1.0.1
999 silly fetch manifest es-set-tostringtag@^2.1.0
1000 silly fetch manifest es-to-primitive@^1.3.0
1001 silly fetch manifest function.prototype.name@^1.1.8
1002 silly fetch manifest get-proto@^1.0.1
1003 silly fetch manifest get-symbol-description@^1.1.0
1004 silly fetch manifest globalthis@^1.0.4
1005 silly fetch manifest gopd@^1.2.0
1006 silly fetch manifest has-property-descriptors@^1.0.2
1007 silly fetch manifest has-proto@^1.2.0
1008 silly fetch manifest has-symbols@^1.1.0
1009 silly fetch manifest internal-slot@^1.1.0
1010 silly fetch manifest is-array-buffer@^3.0.5
1011 silly fetch manifest is-callable@^1.2.7
1012 silly fetch manifest is-data-view@^1.0.2
1013 silly fetch manifest is-negative-zero@^2.0.3
1014 silly fetch manifest is-regex@^1.2.1
1015 silly fetch manifest is-set@^2.0.3
1016 silly fetch manifest is-shared-array-buffer@^1.0.4
1017 silly fetch manifest is-typed-array@^1.1.15
1018 silly fetch manifest is-weakref@^1.1.1
1019 silly fetch manifest object-inspect@^1.13.4
1020 silly fetch manifest object.assign@^4.1.7
1021 silly fetch manifest own-keys@^1.0.1
1022 silly fetch manifest regexp.prototype.flags@^1.5.4
1023 silly fetch manifest safe-array-concat@^1.1.3
1024 silly fetch manifest safe-push-apply@^1.0.0
1025 silly fetch manifest safe-regex-test@^1.1.0
1026 silly fetch manifest set-proto@^1.0.0
1027 silly fetch manifest stop-iteration-iterator@^1.1.0
1028 silly fetch manifest string.prototype.trim@^1.2.10
1029 silly fetch manifest string.prototype.trimstart@^1.0.8
1030 silly fetch manifest typed-array-buffer@^1.0.3
1031 silly fetch manifest typed-array-byte-length@^1.0.3
1032 silly fetch manifest typed-array-byte-offset@^1.0.4
1033 silly fetch manifest typed-array-length@^1.0.7
1034 silly fetch manifest unbox-primitive@^1.1.0
1035 silly fetch manifest which-typed-array@^1.1.19
1036 silly placeDep ROOT es-object-atoms@1.1.1 OK for: array-includes@3.1.9 want: ^1.1.1
1037 silly placeDep ROOT get-intrinsic@1.3.0 OK for: array-includes@3.1.9 want: ^1.3.0
1038 silly placeDep ROOT is-string@1.1.1 OK for: array-includes@3.1.9 want: ^1.1.1
1039 silly fetch manifest has-tostringtag@^1.0.2
1040 silly placeDep ROOT math-intrinsics@1.1.0 OK for: array-includes@3.1.9 want: ^1.1.0
1041 http fetch GET 200 https://registry.npmjs.org/es-define-property 90ms (cache revalidated)
1042 http fetch GET 200 https://registry.npmjs.org/has-symbols 86ms (cache revalidated)
1043 http fetch GET 200 https://registry.npmjs.org/function.prototype.name 89ms (cache revalidated)
1044 http fetch GET 200 https://registry.npmjs.org/has-proto 86ms (cache revalidated)
1045 http fetch GET 200 https://registry.npmjs.org/es-define-property 94ms (cache revalidated)
1046 http fetch GET 200 https://registry.npmjs.org/has-property-descriptors 93ms (cache revalidated)
1047 http fetch GET 200 https://registry.npmjs.org/call-bind-apply-helpers 95ms (cache revalidated)
1048 http fetch GET 200 https://registry.npmjs.org/define-data-property 95ms (cache revalidated)
1049 http fetch GET 200 https://registry.npmjs.org/globalthis 90ms (cache revalidated)
1050 http fetch GET 200 https://registry.npmjs.org/arraybuffer.prototype.slice 95ms (cache revalidated)
1051 http fetch GET 200 https://registry.npmjs.org/internal-slot 89ms (cache revalidated)
1052 http fetch GET 200 https://registry.npmjs.org/get-proto 93ms (cache revalidated)
1053 http fetch GET 200 https://registry.npmjs.org/data-view-buffer 94ms (cache revalidated)
1054 http fetch GET 200 https://registry.npmjs.org/set-function-length 103ms (cache revalidated)
1055 http fetch GET 200 https://registry.npmjs.org/array-buffer-byte-length 109ms (cache revalidated)
1056 http fetch GET 200 https://registry.npmjs.org/call-bind-apply-helpers 120ms (cache revalidated)
1057 http fetch GET 200 https://registry.npmjs.org/available-typed-arrays 118ms (cache revalidated)
1058 http fetch GET 200 https://registry.npmjs.org/is-array-buffer 113ms (cache revalidated)
1059 http fetch GET 200 https://registry.npmjs.org/has-property-descriptors 115ms (cache revalidated)
1060 http fetch GET 200 https://registry.npmjs.org/object-keys 123ms (cache revalidated)
1061 http fetch GET 200 https://registry.npmjs.org/es-to-primitive 121ms (cache revalidated)
1062 http fetch GET 200 https://registry.npmjs.org/is-data-view 119ms (cache revalidated)
1063 http fetch GET 200 https://registry.npmjs.org/safe-push-apply 117ms (cache revalidated)
1064 http fetch GET 200 https://registry.npmjs.org/is-weakref 120ms (cache revalidated)
1065 http fetch GET 200 https://registry.npmjs.org/object-inspect 119ms (cache revalidated)
1066 http fetch GET 200 https://registry.npmjs.org/own-keys 122ms (cache revalidated)
1067 http fetch GET 200 https://registry.npmjs.org/get-symbol-description 128ms (cache revalidated)
1068 http fetch GET 200 https://registry.npmjs.org/is-set 125ms (cache revalidated)
1069 http fetch GET 200 https://registry.npmjs.org/is-callable 126ms (cache revalidated)
1070 http fetch GET 200 https://registry.npmjs.org/is-negative-zero 127ms (cache revalidated)
1071 http fetch GET 200 https://registry.npmjs.org/stop-iteration-iterator 128ms (cache revalidated)
1072 http fetch GET 200 https://registry.npmjs.org/gopd 133ms (cache revalidated)
1073 http fetch GET 200 https://registry.npmjs.org/string.prototype.trimstart 130ms (cache revalidated)
1074 http fetch GET 200 https://registry.npmjs.org/string.prototype.trim 133ms (cache revalidated)
1075 http fetch GET 200 https://registry.npmjs.org/is-regex 145ms (cache revalidated)
1076 http fetch GET 200 https://registry.npmjs.org/regexp.prototype.flags 144ms (cache revalidated)
1077 http fetch GET 200 https://registry.npmjs.org/data-view-byte-offset 152ms (cache revalidated)
1078 http fetch GET 200 https://registry.npmjs.org/is-shared-array-buffer 145ms (cache revalidated)
1079 http fetch GET 200 https://registry.npmjs.org/safe-array-concat 147ms (cache revalidated)
1080 http fetch GET 200 https://registry.npmjs.org/typed-array-byte-offset 146ms (cache revalidated)
1081 http fetch GET 200 https://registry.npmjs.org/object.assign 148ms (cache revalidated)
1082 http fetch GET 200 https://registry.npmjs.org/typed-array-length 146ms (cache revalidated)
1083 http fetch GET 200 https://registry.npmjs.org/typed-array-buffer 148ms (cache revalidated)
1084 http fetch GET 200 https://registry.npmjs.org/data-view-byte-length 160ms (cache revalidated)
1085 http fetch GET 200 https://registry.npmjs.org/is-typed-array 156ms (cache revalidated)
1086 http fetch GET 200 https://registry.npmjs.org/which-typed-array 159ms (cache revalidated)
1087 http fetch GET 200 https://registry.npmjs.org/unbox-primitive 162ms (cache revalidated)
1088 http fetch GET 200 https://registry.npmjs.org/has-tostringtag 157ms (cache revalidated)
1089 http fetch GET 200 https://registry.npmjs.org/set-proto 166ms (cache revalidated)
1090 http fetch GET 200 https://registry.npmjs.org/typed-array-byte-length 167ms (cache revalidated)
1091 http fetch GET 200 https://registry.npmjs.org/es-set-tostringtag 180ms (cache revalidated)
1092 timing idealTree:node_modules/array-includes Completed in 196ms
1093 silly placeDep ROOT es-errors@1.3.0 OK for: array.prototype.findlastindex@1.2.6 want: ^1.3.0
1094 silly placeDep ROOT es-shim-unscopables@1.1.0 OK for: array.prototype.findlastindex@1.2.6 want: ^1.1.0
1095 timing idealTree:node_modules/array.prototype.findlastindex Completed in 1ms
1096 timing idealTree:node_modules/array.prototype.flat Completed in 0ms
1097 timing idealTree:node_modules/array.prototype.flatmap Completed in 0ms
1098 silly placeDep ROOT call-bind-apply-helpers@1.0.2 OK for: call-bind@1.0.8 want: ^1.0.0
1099 silly placeDep ROOT es-define-property@1.0.1 OK for: call-bind@1.0.8 want: ^1.0.0
1100 silly placeDep ROOT set-function-length@1.2.2 OK for: call-bind@1.0.8 want: ^1.2.2
1101 silly fetch manifest define-data-property@^1.1.4
1102 silly fetch manifest gopd@^1.0.1
1103 timing idealTree:node_modules/call-bind Completed in 1ms
1104 silly placeDep ROOT function-bind@1.1.2 OK for: call-bind-apply-helpers@1.0.2 want: ^1.1.2
1105 timing idealTree:node_modules/call-bind-apply-helpers Completed in 1ms
1106 timing idealTree:node_modules/call-bound Completed in 0ms
1107 silly placeDep ROOT define-data-property@1.1.4 OK for: define-properties@1.2.1 want: ^1.0.1
1108 silly placeDep ROOT has-property-descriptors@1.0.2 OK for: define-properties@1.2.1 want: ^1.0.0
1109 silly placeDep ROOT object-keys@1.1.1 OK for: define-properties@1.2.1 want: ^1.1.1
1110 timing idealTree:node_modules/define-properties Completed in 1ms
1111 silly placeDep ROOT gopd@1.2.0 OK for: define-data-property@1.1.4 want: ^1.0.1
1112 timing idealTree:node_modules/define-data-property Completed in 0ms
1113 silly placeDep ROOT array-buffer-byte-length@1.0.2 OK for: es-abstract@1.24.1 want: ^1.0.2
1114 silly placeDep ROOT arraybuffer.prototype.slice@1.0.4 OK for: es-abstract@1.24.1 want: ^1.0.4
1115 silly fetch manifest is-array-buffer@^3.0.4
1116 silly placeDep ROOT available-typed-arrays@1.0.7 OK for: es-abstract@1.24.1 want: ^1.0.7
1117 silly fetch manifest possible-typed-array-names@^1.0.0
1118 silly placeDep ROOT data-view-buffer@1.0.2 OK for: es-abstract@1.24.1 want: ^1.0.2
1119 silly placeDep ROOT data-view-byte-length@1.0.2 OK for: es-abstract@1.24.1 want: ^1.0.2
1120 silly placeDep ROOT data-view-byte-offset@1.0.1 OK for: es-abstract@1.24.1 want: ^1.0.1
1121 silly fetch manifest is-data-view@^1.0.1
1122 silly placeDep ROOT es-set-tostringtag@2.1.0 OK for: es-abstract@1.24.1 want: ^2.1.0
1123 silly placeDep ROOT es-to-primitive@1.3.0 OK for: es-abstract@1.24.1 want: ^1.3.0
1124 silly fetch manifest is-date-object@^1.0.5
1125 silly fetch manifest is-symbol@^1.0.4
1126 silly placeDep ROOT function.prototype.name@1.1.8 OK for: es-abstract@1.24.1 want: ^1.1.8
1127 silly fetch manifest functions-have-names@^1.2.3
1128 silly placeDep ROOT get-proto@1.0.1 OK for: es-abstract@1.24.1 want: ^1.0.1
1129 silly fetch manifest dunder-proto@^1.0.1
1130 silly placeDep ROOT get-symbol-description@1.1.0 OK for: es-abstract@1.24.1 want: ^1.1.0
1131 silly placeDep ROOT globalthis@1.0.4 OK for: es-abstract@1.24.1 want: ^1.0.4
1132 silly placeDep ROOT has-proto@1.2.0 OK for: es-abstract@1.24.1 want: ^1.2.0
1133 silly fetch manifest dunder-proto@^1.0.0
1134 silly placeDep ROOT has-symbols@1.1.0 OK for: es-abstract@1.24.1 want: ^1.1.0
1135 silly placeDep ROOT internal-slot@1.1.0 OK for: es-abstract@1.24.1 want: ^1.1.0
1136 silly fetch manifest side-channel@^1.1.0
1137 silly placeDep ROOT is-array-buffer@3.0.5 OK for: es-abstract@1.24.1 want: ^3.0.5
1138 silly placeDep ROOT is-callable@1.2.7 OK for: es-abstract@1.24.1 want: ^1.2.7
1139 silly placeDep ROOT is-data-view@1.0.2 OK for: es-abstract@1.24.1 want: ^1.0.2
1140 silly fetch manifest is-typed-array@^1.1.13
1141 silly placeDep ROOT is-negative-zero@2.0.3 OK for: es-abstract@1.24.1 want: ^2.0.3
1142 silly placeDep ROOT is-regex@1.2.1 OK for: es-abstract@1.24.1 want: ^1.2.1
1143 silly placeDep ROOT is-set@2.0.3 OK for: es-abstract@1.24.1 want: ^2.0.3
1144 silly placeDep ROOT is-shared-array-buffer@1.0.4 OK for: es-abstract@1.24.1 want: ^1.0.4
1145 silly placeDep ROOT is-typed-array@1.1.15 OK for: es-abstract@1.24.1 want: ^1.1.15
1146 silly fetch manifest which-typed-array@^1.1.16
1147 silly placeDep ROOT is-weakref@1.1.1 OK for: es-abstract@1.24.1 want: ^1.1.1
1148 silly placeDep ROOT object-inspect@1.13.4 OK for: es-abstract@1.24.1 want: ^1.13.4
1149 silly placeDep ROOT object.assign@4.1.7 OK for: es-abstract@1.24.1 want: ^4.1.7
1150 silly placeDep ROOT own-keys@1.0.1 OK for: es-abstract@1.24.1 want: ^1.0.1
1151 silly placeDep ROOT regexp.prototype.flags@1.5.4 OK for: es-abstract@1.24.1 want: ^1.5.4
1152 silly fetch manifest set-function-name@^2.0.2
1153 silly placeDep ROOT safe-array-concat@1.1.3 OK for: es-abstract@1.24.1 want: ^1.1.3
1154 silly fetch manifest isarray@^2.0.5
1155 silly placeDep ROOT safe-push-apply@1.0.0 OK for: es-abstract@1.24.1 want: ^1.0.0
1156 silly placeDep ROOT safe-regex-test@1.1.0 OK for: es-abstract@1.24.1 want: ^1.1.0
1157 silly placeDep ROOT set-proto@1.0.0 OK for: es-abstract@1.24.1 want: ^1.0.0
1158 silly placeDep ROOT stop-iteration-iterator@1.1.0 OK for: es-abstract@1.24.1 want: ^1.1.0
1159 silly placeDep ROOT string.prototype.trim@1.2.10 OK for: es-abstract@1.24.1 want: ^1.2.10
1160 silly placeDep ROOT string.prototype.trimstart@1.0.8 OK for: es-abstract@1.24.1 want: ^1.0.8
1161 silly placeDep ROOT typed-array-buffer@1.0.3 OK for: es-abstract@1.24.1 want: ^1.0.3
1162 silly placeDep ROOT typed-array-byte-length@1.0.3 OK for: es-abstract@1.24.1 want: ^1.0.3
1163 silly fetch manifest for-each@^0.3.3
1164 silly placeDep ROOT typed-array-byte-offset@1.0.4 OK for: es-abstract@1.24.1 want: ^1.0.4
1165 silly fetch manifest reflect.getprototypeof@^1.0.9
1166 silly placeDep ROOT typed-array-length@1.0.7 OK for: es-abstract@1.24.1 want: ^1.0.7
1167 silly fetch manifest reflect.getprototypeof@^1.0.6
1168 silly placeDep ROOT unbox-primitive@1.1.0 OK for: es-abstract@1.24.1 want: ^1.1.0
1169 silly fetch manifest has-bigints@^1.0.2
1170 silly fetch manifest which-boxed-primitive@^1.1.1
1171 silly placeDep ROOT which-typed-array@1.1.20 OK for: es-abstract@1.24.1 want: ^1.1.19
1172 silly fetch manifest for-each@^0.3.5
1173 http fetch GET 200 https://registry.npmjs.org/dunder-proto 45ms (cache revalidated)
1174 http fetch GET 200 https://registry.npmjs.org/for-each 42ms (cache revalidated)
1175 http fetch GET 200 https://registry.npmjs.org/has-bigints 40ms (cache revalidated)
1176 http fetch GET 200 https://registry.npmjs.org/possible-typed-array-names 59ms (cache revalidated)
1177 http fetch GET 200 https://registry.npmjs.org/for-each 41ms (cache revalidated)
1178 http fetch GET 200 https://registry.npmjs.org/set-function-name 46ms (cache revalidated)
1179 http fetch GET 200 https://registry.npmjs.org/is-date-object 53ms (cache revalidated)
1180 http fetch GET 200 https://registry.npmjs.org/reflect.getprototypeof 42ms (cache revalidated)
1181 http fetch GET 200 https://registry.npmjs.org/isarray 45ms (cache revalidated)
1182 http fetch GET 200 https://registry.npmjs.org/reflect.getprototypeof 42ms (cache revalidated)
1183 http fetch GET 200 https://registry.npmjs.org/dunder-proto 57ms (cache revalidated)
1184 http fetch GET 200 https://registry.npmjs.org/side-channel 57ms (cache revalidated)
1185 http fetch GET 200 https://registry.npmjs.org/functions-have-names 59ms (cache revalidated)
1186 http fetch GET 200 https://registry.npmjs.org/which-boxed-primitive 59ms (cache revalidated)
1187 http fetch GET 200 https://registry.npmjs.org/is-symbol 72ms (cache revalidated)
1188 timing idealTree:node_modules/es-abstract Completed in 85ms
1189 timing idealTree:node_modules/array-buffer-byte-length Completed in 0ms
1190 timing idealTree:node_modules/arraybuffer.prototype.slice Completed in 0ms
1191 silly placeDep ROOT possible-typed-array-names@1.1.0 OK for: available-typed-arrays@1.0.7 want: ^1.0.0
1192 timing idealTree:node_modules/available-typed-arrays Completed in 1ms
1193 timing idealTree:node_modules/data-view-buffer Completed in 0ms
1194 timing idealTree:node_modules/data-view-byte-length Completed in 0ms
1195 timing idealTree:node_modules/data-view-byte-offset Completed in 0ms
1196 timing idealTree:node_modules/es-define-property Completed in 0ms
1197 timing idealTree:node_modules/es-errors Completed in 0ms
1198 timing idealTree:node_modules/es-object-atoms Completed in 0ms
1199 silly placeDep ROOT has-tostringtag@1.0.2 OK for: es-set-tostringtag@2.1.0 want: ^1.0.2
1200 timing idealTree:node_modules/es-set-tostringtag Completed in 1ms
1201 timing idealTree:node_modules/es-shim-unscopables Completed in 0ms
1202 silly placeDep ROOT is-date-object@1.1.0 OK for: es-to-primitive@1.3.0 want: ^1.0.5
1203 silly placeDep ROOT is-symbol@1.1.1 OK for: es-to-primitive@1.3.0 want: ^1.0.4
1204 timing idealTree:node_modules/es-to-primitive Completed in 0ms
1205 silly placeDep node_modules/eslint-module-utils debug@3.2.7 OK for: eslint-module-utils@2.12.1 want: ^3.2.7
1206 timing idealTree:node_modules/eslint-module-utils Completed in 0ms
1207 silly placeDep ROOT aria-query@5.3.2 OK for: eslint-plugin-jsx-a11y@6.10.2 want: ^5.3.2
1208 silly placeDep ROOT ast-types-flow@0.0.8 OK for: eslint-plugin-jsx-a11y@6.10.2 want: ^0.0.8
1209 silly placeDep ROOT axe-core@4.11.1 OK for: eslint-plugin-jsx-a11y@6.10.2 want: ^4.10.0
1210 silly placeDep ROOT axobject-query@4.1.0 OK for: eslint-plugin-jsx-a11y@6.10.2 want: ^4.1.0
1211 silly placeDep ROOT damerau-levenshtein@1.0.8 OK for: eslint-plugin-jsx-a11y@6.10.2 want: ^1.0.8
1212 silly placeDep ROOT emoji-regex@9.2.2 OK for: eslint-plugin-jsx-a11y@6.10.2 want: ^9.2.2
1213 silly placeDep ROOT jsx-ast-utils@3.3.5 OK for: eslint-plugin-jsx-a11y@6.10.2 want: ^3.3.5
1214 silly placeDep ROOT language-tags@1.0.9 OK for: eslint-plugin-jsx-a11y@6.10.2 want: ^1.0.9
1215 silly fetch manifest language-subtag-registry@^0.3.20
1216 silly placeDep ROOT string.prototype.includes@2.0.1 OK for: eslint-plugin-jsx-a11y@6.10.2 want: ^2.0.1
1217 http fetch GET 200 https://registry.npmjs.org/language-subtag-registry 29ms (cache revalidated)
1218 timing idealTree:node_modules/eslint-plugin-jsx-a11y Completed in 32ms
1219 timing idealTree:node_modules/aria-query Completed in 0ms
1220 timing idealTree:node_modules/ast-types-flow Completed in 0ms
1221 timing idealTree:node_modules/axe-core Completed in 0ms
1222 timing idealTree:node_modules/axobject-query Completed in 0ms
1223 timing idealTree:node_modules/damerau-levenshtein Completed in 0ms
1224 timing idealTree:node_modules/emoji-regex Completed in 0ms
1225 silly placeDep ROOT array.prototype.findlast@1.2.5 OK for: eslint-plugin-react@7.37.5 want: ^1.2.5
1226 silly placeDep ROOT array.prototype.tosorted@1.1.4 OK for: eslint-plugin-react@7.37.5 want: ^1.1.4
1227 silly placeDep node_modules/eslint-plugin-react doctrine@2.1.0 OK for: eslint-plugin-react@7.37.5 want: ^2.1.0
1228 silly placeDep ROOT es-iterator-helpers@1.2.2 OK for: eslint-plugin-react@7.37.5 want: ^1.2.1
1229 silly fetch manifest iterator.prototype@^1.1.5
1230 silly placeDep ROOT estraverse@5.3.0 OK for: eslint-plugin-react@7.37.5 want: ^5.3.0
1231 silly placeDep ROOT object.entries@1.1.9 OK for: eslint-plugin-react@7.37.5 want: ^1.1.9
1232 silly placeDep ROOT prop-types@15.8.1 OK for: eslint-plugin-react@7.37.5 want: ^15.8.1
1233 silly fetch manifest loose-envify@^1.4.0
1234 silly fetch manifest object-assign@^4.1.1
1235 silly fetch manifest react-is@^16.13.1
1236 silly placeDep node_modules/eslint-plugin-react resolve@2.0.0-next.5 OK for: eslint-plugin-react@7.37.5 want: ^2.0.0-next.5
1237 silly placeDep node_modules/eslint-plugin-react semver@6.3.1 OK for: eslint-plugin-react@7.37.5 want: ^6.3.1
1238 silly placeDep ROOT string.prototype.matchall@4.0.12 OK for: eslint-plugin-react@7.37.5 want: ^4.0.12
1239 silly placeDep ROOT string.prototype.repeat@1.0.0 OK for: eslint-plugin-react@7.37.5 want: ^1.0.0
1240 http fetch GET 200 https://registry.npmjs.org/iterator.prototype 33ms (cache revalidated)
1241 http fetch GET 200 https://registry.npmjs.org/object-assign 37ms (cache revalidated)
1242 http fetch GET 200 https://registry.npmjs.org/react-is 47ms (cache revalidated)
1243 timing idealTree:node_modules/eslint-plugin-react Completed in 61ms
1244 timing idealTree:node_modules/array.prototype.findlast Completed in 0ms
1245 timing idealTree:node_modules/array.prototype.tosorted Completed in 0ms
1246 silly placeDep ROOT iterator.prototype@1.1.5 OK for: es-iterator-helpers@1.2.2 want: ^1.1.5
1247 timing idealTree:node_modules/es-iterator-helpers Completed in 1ms
1248 timing idealTree:node_modules/eslint-plugin-react-hooks Completed in 0ms
1249 silly placeDep ROOT esrecurse@4.3.0 OK for: eslint-scope@7.2.2 want: ^4.3.0
1250 timing idealTree:node_modules/eslint-scope Completed in 0ms
1251 timing idealTree:node_modules/eslint-visitor-keys Completed in 0ms
1252 silly placeDep ROOT acorn@8.15.0 OK for: espree@9.6.1 want: ^8.9.0
1253 silly placeDep ROOT acorn-jsx@5.3.2 OK for: espree@9.6.1 want: ^5.3.2
1254 timing idealTree:node_modules/espree Completed in 1ms
1255 timing idealTree:node_modules/acorn Completed in 0ms
1256 timing idealTree:node_modules/acorn-jsx Completed in 0ms
1257 timing idealTree:node_modules/esquery Completed in 0ms
1258 timing idealTree:node_modules/esrecurse Completed in 0ms
1259 timing idealTree:node_modules/estraverse Completed in 0ms
1260 timing idealTree:node_modules/esutils Completed in 0ms
1261 silly placeDep ROOT @adraffy/ens-normalize@1.10.1 OK for: ethers@6.16.0 want: 1.10.1
1262 silly placeDep ROOT @noble/curves@1.2.0 OK for: ethers@6.16.0 want: 1.2.0
1263 silly placeDep ROOT @noble/hashes@1.3.2 OK for: ethers@6.16.0 want: 1.3.2
1264 silly placeDep node_modules/ethers @types/node@22.7.5 OK for: ethers@6.16.0 want: 22.7.5
1265 silly fetch manifest undici-types@~6.19.2
1266 silly placeDep ROOT aes-js@4.0.0-beta.5 OK for: ethers@6.16.0 want: 4.0.0-beta.5
1267 silly placeDep node_modules/ethers tslib@2.7.0 OK for: ethers@6.16.0 want: 2.7.0
1268 silly placeDep node_modules/ethers ws@8.17.1 OK for: ethers@6.16.0 want: 8.17.1
1269 timing idealTree:node_modules/ethers Completed in 2ms
1270 timing idealTree:node_modules/@adraffy/ens-normalize Completed in 0ms
1271 timing idealTree:node_modules/@noble/curves Completed in 0ms
1272 timing idealTree:node_modules/@noble/hashes Completed in 0ms
1273 timing idealTree:node_modules/aes-js Completed in 0ms
1274 timing idealTree:node_modules/fast-deep-equal Completed in 0ms
1275 timing idealTree:node_modules/fast-json-stable-stringify Completed in 0ms
1276 silly placeDep ROOT reusify@1.1.0 OK for: fastq@1.20.1 want: ^1.0.4
1277 timing idealTree:node_modules/fastq Completed in 1ms
1278 silly placeDep ROOT flat-cache@3.2.0 OK for: file-entry-cache@6.0.1 want: ^3.0.4
1279 silly fetch manifest keyv@^4.5.3
1280 silly fetch manifest rimraf@^3.0.2
1281 silly fetch manifest flatted@^3.2.9
1282 http fetch GET 200 https://registry.npmjs.org/keyv 45ms (cache revalidated)
1283 http fetch GET 200 https://registry.npmjs.org/flatted 47ms (cache revalidated)
1284 http fetch GET 200 https://registry.npmjs.org/rimraf 48ms (cache miss)
1285 timing idealTree:node_modules/file-entry-cache Completed in 50ms
1286 silly placeDep ROOT locate-path@6.0.0 OK for: find-up@5.0.0 want: ^6.0.0
1287 silly fetch manifest p-locate@^5.0.0
1288 silly placeDep ROOT path-exists@4.0.0 OK for: find-up@5.0.0 want: ^4.0.0
1289 http fetch GET 200 https://registry.npmjs.org/p-locate 39ms (cache revalidated)
1290 timing idealTree:node_modules/find-up Completed in 40ms
1291 silly placeDep ROOT flatted@3.3.3 OK for: flat-cache@3.2.0 want: ^3.2.9
1292 silly placeDep ROOT keyv@4.5.4 OK for: flat-cache@3.2.0 want: ^4.5.3
1293 silly fetch manifest json-buffer@3.0.1
1294 silly placeDep ROOT rimraf@3.0.2 OK for: flat-cache@3.2.0 want: ^3.0.2
1295 silly fetch manifest glob@^7.1.3
1296 http fetch GET 200 https://registry.npmjs.org/json-buffer 39ms (cache revalidated)
1297 timing idealTree:node_modules/flat-cache Completed in 41ms
1298 timing idealTree:node_modules/flatted Completed in 0ms
1299 timing idealTree:node_modules/fraction.js Completed in 0ms
1300 timing idealTree:node_modules/function-bind Completed in 1ms
1301 silly placeDep ROOT functions-have-names@1.2.3 OK for: function.prototype.name@1.1.8 want: ^1.2.3
1302 timing idealTree:node_modules/function.prototype.name Completed in 0ms
1303 timing idealTree:node_modules/functions-have-names Completed in 0ms
1304 timing idealTree:node_modules/get-intrinsic Completed in 0ms
1305 silly placeDep ROOT dunder-proto@1.0.1 OK for: get-proto@1.0.1 want: ^1.0.1
1306 timing idealTree:node_modules/get-proto Completed in 1ms
1307 timing idealTree:node_modules/dunder-proto Completed in 0ms
1308 timing idealTree:node_modules/get-symbol-description Completed in 0ms
1309 silly placeDep ROOT resolve-pkg-maps@1.0.0 OK for: get-tsconfig@4.13.0 want: ^1.0.0
1310 timing idealTree:node_modules/get-tsconfig Completed in 0ms
1311 silly placeDep ROOT foreground-child@3.3.1 OK for: glob@10.3.10 want: ^3.1.0
1312 silly fetch manifest signal-exit@^4.0.1
1313 silly placeDep ROOT jackspeak@2.3.6 OK for: glob@10.3.10 want: ^2.3.5
1314 silly fetch manifest @isaacs/cliui@^8.0.2
1315 silly fetch manifest @pkgjs/parseargs@^0.11.0
1316 silly placeDep node_modules/glob minimatch@9.0.5 OK for: glob@10.3.10 want: ^9.0.1
1317 silly placeDep ROOT minipass@7.1.2 OK for: glob@10.3.10 want: ^5.0.0 || ^6.0.2 || ^7.0.0
1318 silly placeDep ROOT path-scurry@1.11.1 OK for: glob@10.3.10 want: ^1.10.1
1319 silly fetch manifest lru-cache@^10.2.0
1320 http fetch GET 200 https://registry.npmjs.org/signal-exit 6ms (cache hit)
1321 http fetch GET 200 https://registry.npmjs.org/lru-cache 30ms (cache revalidated)
1322 http fetch GET 200 https://registry.npmjs.org/@isaacs%2fcliui 51ms (cache miss)
1323 http fetch GET 200 https://registry.npmjs.org/@pkgjs%2fparseargs 57ms (cache miss)
1324 timing idealTree:node_modules/glob Completed in 59ms
1325 silly placeDep ROOT signal-exit@4.1.0 OK for: foreground-child@3.3.1 want: ^4.0.1
1326 timing idealTree:node_modules/foreground-child Completed in 1ms
1327 timing idealTree:node_modules/glob-parent Completed in 0ms
1328 silly placeDep ROOT type-fest@0.20.2 OK for: globals@13.24.0 want: ^0.20.2
1329 timing idealTree:node_modules/globals Completed in 0ms
1330 timing idealTree:node_modules/globalthis Completed in 0ms
1331 timing idealTree:node_modules/gopd Completed in 0ms
1332 timing idealTree:node_modules/graceful-fs Completed in 0ms
1333 timing idealTree:node_modules/graphemer Completed in 0ms
1334 timing idealTree:node_modules/has-property-descriptors Completed in 0ms
1335 timing idealTree:node_modules/has-proto Completed in 0ms
1336 timing idealTree:node_modules/has-symbols Completed in 0ms
1337 timing idealTree:node_modules/has-tostringtag Completed in 0ms
1338 timing idealTree:node_modules/hasown Completed in 0ms
1339 timing idealTree:node_modules/iceberg-js Completed in 0ms
1340 timing idealTree:node_modules/ignore Completed in 0ms
1341 silly placeDep ROOT parent-module@1.0.1 OK for: import-fresh@3.3.1 want: ^1.0.0
1342 silly fetch manifest callsites@^3.0.0
1343 silly placeDep ROOT resolve-from@4.0.0 OK for: import-fresh@3.3.1 want: ^4.0.0
1344 http fetch GET 200 https://registry.npmjs.org/callsites 35ms (cache revalidated)
1345 timing idealTree:node_modules/import-fresh Completed in 37ms
1346 timing idealTree:node_modules/imurmurhash Completed in 0ms
1347 silly placeDep ROOT side-channel@1.1.0 OK for: internal-slot@1.1.0 want: ^1.1.0
1348 silly fetch manifest side-channel-list@^1.0.0
1349 silly fetch manifest side-channel-map@^1.0.1
1350 silly fetch manifest side-channel-weakmap@^1.0.2
1351 http fetch GET 200 https://registry.npmjs.org/side-channel-list 33ms (cache revalidated)
1352 http fetch GET 200 https://registry.npmjs.org/side-channel-map 34ms (cache revalidated)
1353 http fetch GET 200 https://registry.npmjs.org/side-channel-weakmap 43ms (cache revalidated)
1354 timing idealTree:node_modules/internal-slot Completed in 46ms
1355 timing idealTree:node_modules/is-array-buffer Completed in 0ms
1356 timing idealTree:node_modules/is-bun-module Completed in 0ms
1357 timing idealTree:node_modules/is-callable Completed in 0ms
1358 timing idealTree:node_modules/is-core-module Completed in 0ms
1359 timing idealTree:node_modules/is-data-view Completed in 0ms
1360 timing idealTree:node_modules/is-date-object Completed in 0ms
1361 silly placeDep ROOT is-extglob@2.1.1 OK for: is-glob@4.0.3 want: ^2.1.1
1362 timing idealTree:node_modules/is-glob Completed in 0ms
1363 timing idealTree:node_modules/is-extglob Completed in 0ms
1364 timing idealTree:node_modules/is-negative-zero Completed in 0ms
1365 timing idealTree:node_modules/is-path-inside Completed in 0ms
1366 timing idealTree:node_modules/is-regex Completed in 0ms
1367 timing idealTree:node_modules/is-set Completed in 0ms
1368 timing idealTree:node_modules/is-shared-array-buffer Completed in 0ms
1369 timing idealTree:node_modules/is-string Completed in 0ms
1370 timing idealTree:node_modules/is-symbol Completed in 0ms
1371 timing idealTree:node_modules/is-typed-array Completed in 0ms
1372 timing idealTree:node_modules/is-weakref Completed in 0ms
1373 silly placeDep ROOT set-function-name@2.0.2 OK for: iterator.prototype@1.1.5 want: ^2.0.2
1374 timing idealTree:node_modules/iterator.prototype Completed in 0ms
1375 silly placeDep ROOT @isaacs/cliui@8.0.2 OK for: jackspeak@2.3.6 want: ^8.0.2
1376 silly fetch manifest string-width@^5.1.2
1377 silly fetch manifest string-width-cjs@npm:string-width@^4.2.0
1378 silly fetch manifest strip-ansi@^7.0.1
1379 silly fetch manifest strip-ansi-cjs@npm:strip-ansi@^6.0.1
1380 silly fetch manifest wrap-ansi@^8.1.0
1381 silly fetch manifest wrap-ansi-cjs@npm:wrap-ansi@^7.0.0
1382 silly placeDep ROOT @pkgjs/parseargs@0.11.0 OK for: jackspeak@2.3.6 want: ^0.11.0
1383 http fetch GET 200 https://registry.npmjs.org/wrap-ansi 39ms (cache miss)
1384 http fetch GET 200 https://registry.npmjs.org/string-width 40ms (cache miss)
1385 http fetch GET 200 https://registry.npmjs.org/string-width 41ms (cache miss)
1386 http fetch GET 200 https://registry.npmjs.org/wrap-ansi 40ms (cache miss)
1387 timing idealTree:node_modules/jackspeak Completed in 43ms
1388 silly placeDep ROOT string-width@5.1.2 OK for: @isaacs/cliui@8.0.2 want: ^5.1.2
1389 silly fetch manifest eastasianwidth@^0.2.0
1390 silly placeDep ROOT string-width-cjs@4.2.3 OK for: @isaacs/cliui@8.0.2 want: npm:string-width@^4.2.0
1391 silly fetch manifest emoji-regex@^8.0.0
1392 silly fetch manifest is-fullwidth-code-point@^3.0.0
1393 silly placeDep node_modules/@isaacs/cliui strip-ansi@7.1.2 OK for: @isaacs/cliui@8.0.2 want: ^7.0.1
1394 silly fetch manifest ansi-regex@^6.0.1
1395 silly placeDep ROOT strip-ansi-cjs@6.0.1 OK for: @isaacs/cliui@8.0.2 want: npm:strip-ansi@^6.0.1
1396 silly placeDep ROOT wrap-ansi@8.1.0 OK for: @isaacs/cliui@8.0.2 want: ^8.1.0
1397 silly fetch manifest ansi-styles@^6.1.0
1398 silly placeDep ROOT wrap-ansi-cjs@7.0.0 OK for: @isaacs/cliui@8.0.2 want: npm:wrap-ansi@^7.0.0
1399 silly fetch manifest string-width@^4.1.0
1400 http fetch GET 200 https://registry.npmjs.org/is-fullwidth-code-point 36ms (cache miss)
1401 http fetch GET 200 https://registry.npmjs.org/eastasianwidth 40ms (cache miss)
1402 timing idealTree:node_modules/@isaacs/cliui Completed in 41ms
1403 timing idealTree:node_modules/@pkgjs/parseargs Completed in 0ms
1404 timing idealTree:node_modules/jiti Completed in 0ms
1405 silly placeDep ROOT argparse@2.0.1 OK for: js-yaml@4.1.1 want: ^2.0.1
1406 timing idealTree:node_modules/js-yaml Completed in 0ms
1407 timing idealTree:node_modules/argparse Completed in 0ms
1408 timing idealTree:node_modules/json-schema-traverse Completed in 0ms
1409 timing idealTree:node_modules/json-stable-stringify-without-jsonify Completed in 0ms
1410 timing idealTree:node_modules/jsx-ast-utils Completed in 0ms
1411 silly placeDep ROOT json-buffer@3.0.1 OK for: keyv@4.5.4 want: 3.0.1
1412 timing idealTree:node_modules/keyv Completed in 1ms
1413 timing idealTree:node_modules/json-buffer Completed in 0ms
1414 silly placeDep ROOT language-subtag-registry@0.3.23 OK for: language-tags@1.0.9 want: ^0.3.20
1415 timing idealTree:node_modules/language-tags Completed in 0ms
1416 timing idealTree:node_modules/language-subtag-registry Completed in 0ms
1417 silly placeDep ROOT prelude-ls@1.2.1 OK for: levn@0.4.1 want: ^1.2.1
1418 silly placeDep ROOT type-check@0.4.0 OK for: levn@0.4.1 want: ~0.4.0
1419 timing idealTree:node_modules/levn Completed in 1ms
1420 silly placeDep ROOT detect-libc@2.1.2 OK for: lightningcss@1.30.2 want: ^2.0.3
1421 silly placeDep ROOT lightningcss-android-arm64@1.30.2 OK for: lightningcss@1.30.2 want: 1.30.2
1422 silly placeDep ROOT lightningcss-darwin-arm64@1.30.2 OK for: lightningcss@1.30.2 want: 1.30.2
1423 silly placeDep ROOT lightningcss-darwin-x64@1.30.2 OK for: lightningcss@1.30.2 want: 1.30.2
1424 silly placeDep ROOT lightningcss-freebsd-x64@1.30.2 OK for: lightningcss@1.30.2 want: 1.30.2
1425 silly placeDep ROOT lightningcss-linux-arm-gnueabihf@1.30.2 OK for: lightningcss@1.30.2 want: 1.30.2
1426 silly placeDep ROOT lightningcss-linux-arm64-gnu@1.30.2 OK for: lightningcss@1.30.2 want: 1.30.2
1427 silly placeDep ROOT lightningcss-linux-arm64-musl@1.30.2 OK for: lightningcss@1.30.2 want: 1.30.2
1428 silly placeDep ROOT lightningcss-linux-x64-gnu@1.30.2 OK for: lightningcss@1.30.2 want: 1.30.2
1429 silly placeDep ROOT lightningcss-linux-x64-musl@1.30.2 OK for: lightningcss@1.30.2 want: 1.30.2
1430 silly placeDep ROOT lightningcss-win32-arm64-msvc@1.30.2 OK for: lightningcss@1.30.2 want: 1.30.2
1431 silly placeDep ROOT lightningcss-win32-x64-msvc@1.30.2 OK for: lightningcss@1.30.2 want: 1.30.2
1432 timing idealTree:node_modules/lightningcss Completed in 3ms
1433 timing idealTree:node_modules/detect-libc Completed in 0ms
1434 timing idealTree:node_modules/lightningcss-android-arm64 Completed in 0ms
1435 timing idealTree:node_modules/lightningcss-darwin-arm64 Completed in 0ms
1436 timing idealTree:node_modules/lightningcss-darwin-x64 Completed in 0ms
1437 timing idealTree:node_modules/lightningcss-freebsd-x64 Completed in 0ms
1438 timing idealTree:node_modules/lightningcss-linux-arm-gnueabihf Completed in 0ms
1439 timing idealTree:node_modules/lightningcss-linux-arm64-gnu Completed in 0ms
1440 timing idealTree:node_modules/lightningcss-linux-arm64-musl Completed in 0ms
1441 timing idealTree:node_modules/lightningcss-linux-x64-gnu Completed in 0ms
1442 timing idealTree:node_modules/lightningcss-linux-x64-musl Completed in 0ms
1443 timing idealTree:node_modules/lightningcss-win32-arm64-msvc Completed in 0ms
1444 timing idealTree:node_modules/lightningcss-win32-x64-msvc Completed in 0ms
1445 silly placeDep ROOT p-locate@5.0.0 OK for: locate-path@6.0.0 want: ^5.0.0
1446 silly fetch manifest p-limit@^3.0.2
1447 http fetch GET 200 https://registry.npmjs.org/p-limit 35ms (cache revalidated)
1448 timing idealTree:node_modules/locate-path Completed in 37ms
1449 timing idealTree:node_modules/lodash.merge Completed in 0ms
1450 timing idealTree:node_modules/lucide-react Completed in 0ms
1451 timing idealTree:node_modules/magic-string Completed in 0ms
1452 timing idealTree:node_modules/math-intrinsics Completed in 0ms
1453 silly placeDep ROOT brace-expansion@1.1.12 OK for: minimatch@3.1.2 want: ^1.1.7
1454 silly fetch manifest balanced-match@^1.0.0
1455 silly fetch manifest concat-map@0.0.1
1456 http fetch GET 200 https://registry.npmjs.org/balanced-match 43ms (cache revalidated)
1457 http fetch GET 200 https://registry.npmjs.org/concat-map 43ms (cache revalidated)
1458 timing idealTree:node_modules/minimatch Completed in 44ms
1459 silly placeDep ROOT balanced-match@1.0.2 OK for: brace-expansion@1.1.12 want: ^1.0.0
1460 silly placeDep ROOT concat-map@0.0.1 OK for: brace-expansion@1.1.12 want: 0.0.1
1461 timing idealTree:node_modules/brace-expansion Completed in 1ms
1462 timing idealTree:node_modules/balanced-match Completed in 0ms
1463 timing idealTree:node_modules/concat-map Completed in 0ms
1464 timing idealTree:node_modules/minipass Completed in 0ms
1465 timing idealTree:node_modules/ms Completed in 0ms
1466 timing idealTree:node_modules/natural-compare Completed in 0ms
1467 silly fetch manifest react@^18.2.0
1468 silly placeDep ROOT @next/env@14.2.16 OK for: next@14.2.16 want: 14.2.16
1469 silly placeDep ROOT @next/swc-darwin-arm64@14.2.16 OK for: next@14.2.16 want: 14.2.16
1470 silly placeDep ROOT @next/swc-darwin-x64@14.2.16 OK for: next@14.2.16 want: 14.2.16
1471 silly placeDep ROOT @next/swc-linux-arm64-gnu@14.2.16 OK for: next@14.2.16 want: 14.2.16
1472 silly placeDep ROOT @next/swc-linux-arm64-musl@14.2.16 OK for: next@14.2.16 want: 14.2.16
1473 silly placeDep ROOT @next/swc-linux-x64-gnu@14.2.16 OK for: next@14.2.16 want: 14.2.16
1474 silly placeDep ROOT @next/swc-linux-x64-musl@14.2.16 OK for: next@14.2.16 want: 14.2.16
1475 silly placeDep ROOT @next/swc-win32-arm64-msvc@14.2.16 OK for: next@14.2.16 want: 14.2.16
1476 silly placeDep ROOT @next/swc-win32-ia32-msvc@14.2.16 OK for: next@14.2.16 want: 14.2.16
1477 silly placeDep ROOT @next/swc-win32-x64-msvc@14.2.16 OK for: next@14.2.16 want: 14.2.16
1478 silly placeDep ROOT @swc/helpers@0.5.5 OK for: next@14.2.16 want: 0.5.5
1479 silly fetch manifest @swc/counter@^0.1.3
1480 silly placeDep ROOT busboy@1.6.0 OK for: next@14.2.16 want: 1.6.0
1481 silly fetch manifest streamsearch@^1.1.0
1482 silly placeDep node_modules/next postcss@8.4.31 OK for: next@14.2.16 want: 8.4.31
1483 silly fetch manifest nanoid@^3.3.6
1484 silly placeDep ROOT styled-jsx@5.1.1 OK for: next@14.2.16 want: 5.1.1
1485 silly fetch manifest client-only@0.0.1
1486 http fetch GET 200 https://registry.npmjs.org/client-only 36ms (cache revalidated)
1487 http fetch GET 200 https://registry.npmjs.org/streamsearch 48ms (cache miss)
1488 http fetch GET 200 https://registry.npmjs.org/@swc%2fcounter 120ms (cache miss)
1489 timing idealTree:node_modules/next Completed in 129ms
1490 timing idealTree:node_modules/@next/env Completed in 0ms
1491 timing idealTree:node_modules/@next/swc-darwin-arm64 Completed in 0ms
1492 timing idealTree:node_modules/@next/swc-darwin-x64 Completed in 0ms
1493 timing idealTree:node_modules/@next/swc-linux-arm64-gnu Completed in 0ms
1494 timing idealTree:node_modules/@next/swc-linux-arm64-musl Completed in 0ms
1495 timing idealTree:node_modules/@next/swc-linux-x64-gnu Completed in 0ms
1496 timing idealTree:node_modules/@next/swc-linux-x64-musl Completed in 0ms
1497 timing idealTree:node_modules/@next/swc-win32-arm64-msvc Completed in 0ms
1498 timing idealTree:node_modules/@next/swc-win32-ia32-msvc Completed in 0ms
1499 timing idealTree:node_modules/@next/swc-win32-x64-msvc Completed in 0ms
1500 silly placeDep ROOT @swc/counter@0.1.3 OK for: @swc/helpers@0.5.5 want: ^0.1.3
1501 timing idealTree:node_modules/@swc/helpers Completed in 1ms
1502 timing idealTree:node_modules/@swc/counter Completed in 0ms
1503 silly placeDep ROOT streamsearch@1.1.0 OK for: busboy@1.6.0 want: ^1.1.0
1504 timing idealTree:node_modules/busboy Completed in 0ms
1505 silly placeDep ROOT @babel/runtime@7.28.6 OK for: next-auth@4.24.13 want: ^7.20.13
1506 silly placeDep ROOT @panva/hkdf@1.2.1 OK for: next-auth@4.24.13 want: ^1.0.2
1507 silly placeDep ROOT cookie@0.7.2 OK for: next-auth@4.24.13 want: ^0.7.0
1508 silly placeDep ROOT jose@4.15.9 OK for: next-auth@4.24.13 want: ^4.15.5
1509 silly placeDep ROOT oauth@0.9.15 OK for: next-auth@4.24.13 want: ^0.9.15
1510 silly placeDep ROOT openid-client@5.7.1 OK for: next-auth@4.24.13 want: ^5.4.0
1511 silly fetch manifest lru-cache@^6.0.0
1512 silly fetch manifest object-hash@^2.2.0
1513 silly fetch manifest oidc-token-hash@^5.0.3
1514 silly placeDep ROOT preact@10.28.2 OK for: next-auth@4.24.13 want: ^10.6.3
1515 silly placeDep ROOT preact-render-to-string@5.2.6 OK for: next-auth@4.24.13 want: ^5.1.19
1516 silly fetch manifest pretty-format@^3.8.0
1517 silly placeDep ROOT uuid@8.3.2 OK for: next-auth@4.24.13 want: ^8.3.2
1518 http fetch GET 200 https://registry.npmjs.org/oidc-token-hash 4ms (cache hit)
1519 http fetch GET 200 https://registry.npmjs.org/object-hash 4ms (cache hit)
1520 http fetch GET 200 https://registry.npmjs.org/pretty-format 5ms (cache hit)
1521 timing idealTree:node_modules/next-auth Completed in 10ms
1522 timing idealTree:node_modules/@babel/runtime Completed in 0ms
1523 timing idealTree:node_modules/@panva/hkdf Completed in 0ms
1524 timing idealTree:node_modules/cookie Completed in 0ms
1525 timing idealTree:node_modules/jose Completed in 0ms
1526 timing idealTree:node_modules/node-releases Completed in 0ms
1527 timing idealTree:node_modules/oauth Completed in 0ms
1528 timing idealTree:node_modules/object-inspect Completed in 0ms
1529 timing idealTree:node_modules/object-keys Completed in 0ms
1530 timing idealTree:node_modules/object.assign Completed in 0ms
1531 timing idealTree:node_modules/object.entries Completed in 0ms
1532 timing idealTree:node_modules/object.fromentries Completed in 0ms
1533 timing idealTree:node_modules/object.groupby Completed in 0ms
1534 timing idealTree:node_modules/object.values Completed in 0ms
1535 silly placeDep ROOT lru-cache@6.0.0 OK for: openid-client@5.7.1 want: ^6.0.0
1536 silly fetch manifest yallist@^4.0.0
1537 silly placeDep ROOT object-hash@2.2.0 OK for: openid-client@5.7.1 want: ^2.2.0
1538 silly placeDep ROOT oidc-token-hash@5.2.0 OK for: openid-client@5.7.1 want: ^5.0.3
1539 http fetch GET 200 https://registry.npmjs.org/yallist 33ms (cache revalidated)
1540 timing idealTree:node_modules/openid-client Completed in 34ms
1541 silly placeDep ROOT yallist@4.0.0 OK for: lru-cache@6.0.0 want: ^4.0.0
1542 timing idealTree:node_modules/lru-cache Completed in 1ms
1543 timing idealTree:node_modules/object-hash Completed in 0ms
1544 timing idealTree:node_modules/oidc-token-hash Completed in 0ms
1545 silly placeDep ROOT deep-is@0.1.4 OK for: optionator@0.9.4 want: ^0.1.3
1546 silly placeDep ROOT fast-levenshtein@2.0.6 OK for: optionator@0.9.4 want: ^2.0.6
1547 silly placeDep ROOT word-wrap@1.2.5 OK for: optionator@0.9.4 want: ^1.2.5
1548 timing idealTree:node_modules/optionator Completed in 1ms
1549 timing idealTree:node_modules/deep-is Completed in 0ms
1550 timing idealTree:node_modules/fast-levenshtein Completed in 0ms
1551 timing idealTree:node_modules/own-keys Completed in 0ms
1552 silly placeDep ROOT p-limit@3.1.0 OK for: p-locate@5.0.0 want: ^3.0.2
1553 silly fetch manifest yocto-queue@^0.1.0
1554 http fetch GET 200 https://registry.npmjs.org/yocto-queue 32ms (cache revalidated)
1555 timing idealTree:node_modules/p-locate Completed in 33ms
1556 silly placeDep ROOT yocto-queue@0.1.0 OK for: p-limit@3.1.0 want: ^0.1.0
1557 timing idealTree:node_modules/p-limit Completed in 1ms
1558 silly placeDep ROOT callsites@3.1.0 OK for: parent-module@1.0.1 want: ^3.0.0
1559 timing idealTree:node_modules/parent-module Completed in 0ms
1560 timing idealTree:node_modules/callsites Completed in 0ms
1561 timing idealTree:node_modules/path-exists Completed in 0ms
1562 timing idealTree:node_modules/path-key Completed in 0ms
1563 silly placeDep node_modules/path-scurry lru-cache@10.4.3 OK for: path-scurry@1.11.1 want: ^10.2.0
1564 timing idealTree:node_modules/path-scurry Completed in 1ms
1565 timing idealTree:node_modules/picocolors Completed in 0ms
1566 timing idealTree:node_modules/possible-typed-array-names Completed in 0ms
1567 silly placeDep ROOT nanoid@3.3.11 OK for: postcss@8.5.6 want: ^3.3.11
1568 timing idealTree:node_modules/postcss Completed in 0ms
1569 timing idealTree:node_modules/nanoid Completed in 0ms
1570 timing idealTree:node_modules/postcss-value-parser Completed in 0ms
1571 timing idealTree:node_modules/preact Completed in 0ms
1572 silly placeDep ROOT pretty-format@3.8.0 OK for: preact-render-to-string@5.2.6 want: ^3.8.0
1573 timing idealTree:node_modules/preact-render-to-string Completed in 1ms
1574 timing idealTree:node_modules/prelude-ls Completed in 0ms
1575 timing idealTree:node_modules/pretty-format Completed in 0ms
1576 silly placeDep ROOT @prisma/engines@5.22.0 OK for: prisma@5.22.0 want: 5.22.0
1577 silly fetch manifest @prisma/debug@5.22.0
1578 silly fetch manifest @prisma/fetch-engine@5.22.0
1579 silly fetch manifest @prisma/get-platform@5.22.0
1580 silly fetch manifest @prisma/engines-version@5.22.0-44.605197351a3c8bdd595af2d2a9bc3025bca48ea2
1581 silly placeDep ROOT fsevents@2.3.3 OK for: prisma@5.22.0 want: 2.3.3
1582 http fetch GET 200 https://registry.npmjs.org/@prisma%2fdebug 34ms (cache hit)
1583 http fetch GET 200 https://registry.npmjs.org/@prisma%2fengines-version 111ms (cache hit)
1584 http fetch GET 200 https://registry.npmjs.org/@prisma%2ffetch-engine 155ms (cache hit)
1585 http fetch GET 200 https://registry.npmjs.org/@prisma%2fget-platform 231ms (cache hit)
1586 timing idealTree:node_modules/prisma Completed in 272ms
1587 silly placeDep ROOT @prisma/debug@5.22.0 OK for: @prisma/engines@5.22.0 want: 5.22.0
1588 silly placeDep ROOT @prisma/engines-version@5.22.0-44.605197351a3c8bdd595af2d2a9bc3025bca48ea2 OK for: @prisma/engines@5.22.0 want: 5.22.0-44.605197351a3c8bdd595af2d2a9bc3025bca48ea2
1589 silly placeDep ROOT @prisma/fetch-engine@5.22.0 OK for: @prisma/engines@5.22.0 want: 5.22.0
1590 silly placeDep ROOT @prisma/get-platform@5.22.0 OK for: @prisma/engines@5.22.0 want: 5.22.0
1591 timing idealTree:node_modules/@prisma/engines Completed in 2ms
1592 timing idealTree:node_modules/@prisma/debug Completed in 0ms
1593 timing idealTree:node_modules/@prisma/engines-version Completed in 0ms
1594 timing idealTree:node_modules/@prisma/fetch-engine Completed in 0ms
1595 timing idealTree:node_modules/@prisma/get-platform Completed in 0ms
1596 timing idealTree:node_modules/fsevents Completed in 0ms
1597 silly placeDep ROOT loose-envify@1.4.0 OK for: prop-types@15.8.1 want: ^1.4.0
1598 silly fetch manifest js-tokens@^3.0.0 || ^4.0.0
1599 silly placeDep ROOT object-assign@4.1.1 OK for: prop-types@15.8.1 want: ^4.1.1
1600 silly placeDep ROOT react-is@16.13.1 OK for: prop-types@15.8.1 want: ^16.13.1
1601 http fetch GET 200 https://registry.npmjs.org/js-tokens 37ms (cache revalidated)
1602 timing idealTree:node_modules/prop-types Completed in 44ms
1603 silly placeDep ROOT js-tokens@4.0.0 OK for: loose-envify@1.4.0 want: ^3.0.0 || ^4.0.0
1604 timing idealTree:node_modules/loose-envify Completed in 1ms
1605 timing idealTree:node_modules/js-tokens Completed in 0ms
1606 timing idealTree:node_modules/object-assign Completed in 0ms
1607 timing idealTree:node_modules/react Completed in 0ms
1608 silly placeDep ROOT scheduler@0.23.2 OK for: react-dom@18.3.1 want: ^0.23.2
1609 timing idealTree:node_modules/react-dom Completed in 1ms
1610 timing idealTree:node_modules/react-is Completed in 0ms
1611 timing idealTree:node_modules/regexp.prototype.flags Completed in 0ms
1612 silly placeDep ROOT path-parse@1.0.7 OK for: resolve@1.22.11 want: ^1.0.7
1613 silly placeDep ROOT supports-preserve-symlinks-flag@1.0.0 OK for: resolve@1.22.11 want: ^1.0.0
1614 timing idealTree:node_modules/resolve Completed in 0ms
1615 timing idealTree:node_modules/path-parse Completed in 0ms
1616 timing idealTree:node_modules/resolve-from Completed in 0ms
1617 timing idealTree:node_modules/resolve-pkg-maps Completed in 0ms
1618 timing idealTree:node_modules/reusify Completed in 0ms
1619 silly placeDep node_modules/rimraf glob@7.2.3 OK for: rimraf@3.0.2 want: ^7.1.3
1620 silly fetch manifest once@^1.3.0
1621 silly fetch manifest inflight@^1.0.4
1622 silly fetch manifest inherits@2
1623 silly fetch manifest fs.realpath@^1.0.0
1624 silly fetch manifest path-is-absolute@^1.0.0
1625 http fetch GET 200 https://registry.npmjs.org/once 34ms (cache miss)
1626 http fetch GET 200 https://registry.npmjs.org/path-is-absolute 33ms (cache miss)
1627 http fetch GET 200 https://registry.npmjs.org/fs.realpath 34ms (cache miss)
1628 http fetch GET 200 https://registry.npmjs.org/inherits 38ms (cache miss)
1629 http fetch GET 200 https://registry.npmjs.org/inflight 38ms (cache miss)
1630 timing idealTree:node_modules/rimraf Completed in 39ms
1631 silly placeDep ROOT queue-microtask@1.2.3 OK for: run-parallel@1.2.0 want: ^1.2.2
1632 timing idealTree:node_modules/run-parallel Completed in 1ms
1633 timing idealTree:node_modules/queue-microtask Completed in 0ms
1634 silly placeDep ROOT isarray@2.0.5 OK for: safe-array-concat@1.1.3 want: ^2.0.5
1635 timing idealTree:node_modules/safe-array-concat Completed in 1ms
1636 timing idealTree:node_modules/isarray Completed in 0ms
1637 timing idealTree:node_modules/safe-push-apply Completed in 0ms
1638 timing idealTree:node_modules/safe-regex-test Completed in 0ms
1639 timing idealTree:node_modules/scheduler Completed in 0ms
1640 timing idealTree:node_modules/semver Completed in 0ms
1641 timing idealTree:node_modules/set-function-length Completed in 0ms
1642 timing idealTree:node_modules/set-function-name Completed in 0ms
1643 timing idealTree:node_modules/set-proto Completed in 0ms
1644 silly placeDep ROOT shebang-regex@3.0.0 OK for: shebang-command@2.0.0 want: ^3.0.0
1645 timing idealTree:node_modules/shebang-command Completed in 0ms
1646 timing idealTree:node_modules/shebang-regex Completed in 0ms
1647 silly placeDep ROOT side-channel-list@1.0.0 OK for: side-channel@1.1.0 want: ^1.0.0
1648 silly placeDep ROOT side-channel-map@1.0.1 OK for: side-channel@1.1.0 want: ^1.0.1
1649 silly placeDep ROOT side-channel-weakmap@1.0.2 OK for: side-channel@1.1.0 want: ^1.0.2
1650 timing idealTree:node_modules/side-channel Completed in 2ms
1651 timing idealTree:node_modules/side-channel-list Completed in 0ms
1652 timing idealTree:node_modules/side-channel-map Completed in 0ms
1653 timing idealTree:node_modules/side-channel-weakmap Completed in 0ms
1654 timing idealTree:node_modules/signal-exit Completed in 0ms
1655 timing idealTree:node_modules/source-map-js Completed in 0ms
1656 timing idealTree:node_modules/stable-hash Completed in 0ms
1657 timing idealTree:node_modules/stop-iteration-iterator Completed in 0ms
1658 timing idealTree:node_modules/streamsearch Completed in 0ms
1659 silly placeDep ROOT eastasianwidth@0.2.0 OK for: string-width@5.1.2 want: ^0.2.0
1660 silly placeDep node_modules/string-width strip-ansi@7.1.2 OK for: string-width@5.1.2 want: ^7.0.1
1661 timing idealTree:node_modules/string-width Completed in 0ms
1662 timing idealTree:node_modules/eastasianwidth Completed in 0ms
1663 silly placeDep node_modules/string-width-cjs emoji-regex@8.0.0 OK for: string-width@4.2.3 want: ^8.0.0
1664 silly placeDep ROOT is-fullwidth-code-point@3.0.0 OK for: string-width@4.2.3 want: ^3.0.0
1665 timing idealTree:node_modules/string-width-cjs Completed in 0ms
1666 timing idealTree:node_modules/is-fullwidth-code-point Completed in 0ms
1667 timing idealTree:node_modules/string.prototype.includes Completed in 0ms
1668 timing idealTree:node_modules/string.prototype.matchall Completed in 0ms
1669 timing idealTree:node_modules/string.prototype.repeat Completed in 0ms
1670 timing idealTree:node_modules/string.prototype.trim Completed in 0ms
1671 timing idealTree:node_modules/string.prototype.trimend Completed in 0ms
1672 timing idealTree:node_modules/string.prototype.trimstart Completed in 0ms
1673 silly placeDep ROOT ansi-regex@5.0.1 OK for: strip-ansi@6.0.1 want: ^5.0.1
1674 timing idealTree:node_modules/strip-ansi Completed in 1ms
1675 timing idealTree:node_modules/ansi-regex Completed in 0ms
1676 timing idealTree:node_modules/strip-ansi-cjs Completed in 0ms
1677 timing idealTree:node_modules/strip-json-comments Completed in 0ms
1678 silly placeDep ROOT client-only@0.0.1 OK for: styled-jsx@5.1.1 want: 0.0.1
1679 timing idealTree:node_modules/styled-jsx Completed in 1ms
1680 timing idealTree:node_modules/client-only Completed in 0ms
1681 silly placeDep ROOT has-flag@4.0.0 OK for: supports-color@7.2.0 want: ^4.0.0
1682 timing idealTree:node_modules/supports-color Completed in 0ms
1683 timing idealTree:node_modules/has-flag Completed in 0ms
1684 timing idealTree:node_modules/supports-preserve-symlinks-flag Completed in 0ms
1685 timing idealTree:node_modules/tailwind-merge Completed in 0ms
1686 timing idealTree:node_modules/tailwindcss Completed in 0ms
1687 timing idealTree:node_modules/tapable Completed in 0ms
1688 timing idealTree:node_modules/text-table Completed in 0ms
1689 silly placeDep ROOT fdir@6.5.0 OK for: tinyglobby@0.2.15 want: ^6.5.0
1690 silly placeDep ROOT picomatch@4.0.3 OK for: tinyglobby@0.2.15 want: ^4.0.3
1691 timing idealTree:node_modules/tinyglobby Completed in 2ms
1692 timing idealTree:node_modules/fdir Completed in 0ms
1693 timing idealTree:node_modules/picomatch Completed in 0ms
1694 timing idealTree:node_modules/ts-api-utils Completed in 0ms
1695 silly placeDep ROOT @types/json5@0.0.29 OK for: tsconfig-paths@3.15.0 want: ^0.0.29
1696 silly placeDep ROOT json5@1.0.2 OK for: tsconfig-paths@3.15.0 want: ^1.0.2
1697 silly fetch manifest minimist@^1.2.0
1698 silly placeDep ROOT minimist@1.2.8 OK for: tsconfig-paths@3.15.0 want: ^1.2.6
1699 silly placeDep ROOT strip-bom@3.0.0 OK for: tsconfig-paths@3.15.0 want: ^3.0.0
1700 timing idealTree:node_modules/tsconfig-paths Completed in 1ms
1701 timing idealTree:node_modules/@types/json5 Completed in 0ms
1702 timing idealTree:node_modules/json5 Completed in 0ms
1703 timing idealTree:node_modules/minimist Completed in 0ms
1704 timing idealTree:node_modules/strip-bom Completed in 0ms
1705 timing idealTree:node_modules/tslib Completed in 0ms
1706 timing idealTree:node_modules/type-check Completed in 0ms
1707 timing idealTree:node_modules/type-fest Completed in 0ms
1708 timing idealTree:node_modules/typed-array-buffer Completed in 0ms
1709 silly placeDep ROOT for-each@0.3.5 OK for: typed-array-byte-length@1.0.3 want: ^0.3.3
1710 timing idealTree:node_modules/typed-array-byte-length Completed in 1ms
1711 timing idealTree:node_modules/for-each Completed in 0ms
1712 silly placeDep ROOT reflect.getprototypeof@1.0.10 OK for: typed-array-byte-offset@1.0.4 want: ^1.0.9
1713 silly fetch manifest which-builtin-type@^1.2.1
1714 http fetch GET 200 https://registry.npmjs.org/which-builtin-type 28ms (cache revalidated)
1715 timing idealTree:node_modules/typed-array-byte-offset Completed in 30ms
1716 silly placeDep ROOT which-builtin-type@1.2.1 OK for: reflect.getprototypeof@1.0.10 want: ^1.2.1
1717 silly fetch manifest is-async-function@^2.0.0
1718 silly fetch manifest is-finalizationregistry@^1.1.0
1719 silly fetch manifest is-generator-function@^1.0.10
1720 silly fetch manifest which-boxed-primitive@^1.1.0
1721 silly fetch manifest which-collection@^1.0.2
1722 http fetch GET 200 https://registry.npmjs.org/is-finalizationregistry 35ms (cache revalidated)
1723 http fetch GET 200 https://registry.npmjs.org/is-async-function 37ms (cache revalidated)
1724 http fetch GET 200 https://registry.npmjs.org/is-generator-function 42ms (cache revalidated)
1725 http fetch GET 200 https://registry.npmjs.org/which-collection 41ms (cache revalidated)
1726 timing idealTree:node_modules/reflect.getprototypeof Completed in 44ms
1727 timing idealTree:node_modules/typed-array-length Completed in 0ms
1728 timing idealTree:node_modules/typescript Completed in 0ms
1729 silly placeDep ROOT has-bigints@1.1.0 OK for: unbox-primitive@1.1.0 want: ^1.0.2
1730 silly placeDep ROOT which-boxed-primitive@1.1.1 OK for: unbox-primitive@1.1.0 want: ^1.1.1
1731 silly fetch manifest is-bigint@^1.1.0
1732 silly fetch manifest is-boolean-object@^1.2.1
1733 silly fetch manifest is-number-object@^1.1.1
1734 http fetch GET 200 https://registry.npmjs.org/is-number-object 35ms (cache revalidated)
1735 http fetch GET 200 https://registry.npmjs.org/is-bigint 38ms (cache revalidated)
1736 http fetch GET 200 https://registry.npmjs.org/is-boolean-object 43ms (cache revalidated)
1737 timing idealTree:node_modules/unbox-primitive Completed in 44ms
1738 timing idealTree:node_modules/has-bigints Completed in 0ms
1739 timing idealTree:node_modules/undici-types Completed in 0ms
1740 silly placeDep ROOT @unrs/resolver-binding-android-arm-eabi@1.11.1 OK for: unrs-resolver@1.11.1 want: 1.11.1
1741 silly placeDep ROOT @unrs/resolver-binding-android-arm64@1.11.1 OK for: unrs-resolver@1.11.1 want: 1.11.1
1742 silly placeDep ROOT @unrs/resolver-binding-darwin-arm64@1.11.1 OK for: unrs-resolver@1.11.1 want: 1.11.1
1743 silly placeDep ROOT @unrs/resolver-binding-darwin-x64@1.11.1 OK for: unrs-resolver@1.11.1 want: 1.11.1
1744 silly placeDep ROOT @unrs/resolver-binding-freebsd-x64@1.11.1 OK for: unrs-resolver@1.11.1 want: 1.11.1
1745 silly placeDep ROOT @unrs/resolver-binding-linux-arm-gnueabihf@1.11.1 OK for: unrs-resolver@1.11.1 want: 1.11.1
1746 silly placeDep ROOT @unrs/resolver-binding-linux-arm-musleabihf@1.11.1 OK for: unrs-resolver@1.11.1 want: 1.11.1
1747 silly placeDep ROOT @unrs/resolver-binding-linux-arm64-gnu@1.11.1 OK for: unrs-resolver@1.11.1 want: 1.11.1
1748 silly placeDep ROOT @unrs/resolver-binding-linux-arm64-musl@1.11.1 OK for: unrs-resolver@1.11.1 want: 1.11.1
1749 silly placeDep ROOT @unrs/resolver-binding-linux-ppc64-gnu@1.11.1 OK for: unrs-resolver@1.11.1 want: 1.11.1
1750 silly placeDep ROOT @unrs/resolver-binding-linux-riscv64-gnu@1.11.1 OK for: unrs-resolver@1.11.1 want: 1.11.1
1751 silly placeDep ROOT @unrs/resolver-binding-linux-riscv64-musl@1.11.1 OK for: unrs-resolver@1.11.1 want: 1.11.1
1752 silly placeDep ROOT @unrs/resolver-binding-linux-s390x-gnu@1.11.1 OK for: unrs-resolver@1.11.1 want: 1.11.1
1753 silly placeDep ROOT @unrs/resolver-binding-linux-x64-gnu@1.11.1 OK for: unrs-resolver@1.11.1 want: 1.11.1
1754 silly placeDep ROOT @unrs/resolver-binding-linux-x64-musl@1.11.1 OK for: unrs-resolver@1.11.1 want: 1.11.1
1755 silly placeDep ROOT @unrs/resolver-binding-wasm32-wasi@1.11.1 OK for: unrs-resolver@1.11.1 want: 1.11.1
1756 silly fetch manifest @napi-rs/wasm-runtime@^0.2.11
1757 silly placeDep ROOT @unrs/resolver-binding-win32-arm64-msvc@1.11.1 OK for: unrs-resolver@1.11.1 want: 1.11.1
1758 silly placeDep ROOT @unrs/resolver-binding-win32-ia32-msvc@1.11.1 OK for: unrs-resolver@1.11.1 want: 1.11.1
1759 silly placeDep ROOT @unrs/resolver-binding-win32-x64-msvc@1.11.1 OK for: unrs-resolver@1.11.1 want: 1.11.1
1760 silly placeDep ROOT napi-postinstall@0.3.4 OK for: unrs-resolver@1.11.1 want: ^0.3.0
1761 http fetch GET 200 https://registry.npmjs.org/@napi-rs%2fwasm-runtime 52ms (cache revalidated)
1762 timing idealTree:node_modules/unrs-resolver Completed in 60ms
1763 timing idealTree:node_modules/@unrs/resolver-binding-android-arm-eabi Completed in 0ms
1764 timing idealTree:node_modules/@unrs/resolver-binding-android-arm64 Completed in 0ms
1765 timing idealTree:node_modules/@unrs/resolver-binding-darwin-arm64 Completed in 0ms
1766 timing idealTree:node_modules/@unrs/resolver-binding-darwin-x64 Completed in 0ms
1767 timing idealTree:node_modules/@unrs/resolver-binding-freebsd-x64 Completed in 0ms
1768 timing idealTree:node_modules/@unrs/resolver-binding-linux-arm-gnueabihf Completed in 0ms
1769 timing idealTree:node_modules/@unrs/resolver-binding-linux-arm-musleabihf Completed in 0ms
1770 timing idealTree:node_modules/@unrs/resolver-binding-linux-arm64-gnu Completed in 0ms
1771 timing idealTree:node_modules/@unrs/resolver-binding-linux-arm64-musl Completed in 0ms
1772 timing idealTree:node_modules/@unrs/resolver-binding-linux-ppc64-gnu Completed in 0ms
1773 timing idealTree:node_modules/@unrs/resolver-binding-linux-riscv64-gnu Completed in 0ms
1774 timing idealTree:node_modules/@unrs/resolver-binding-linux-riscv64-musl Completed in 0ms
1775 timing idealTree:node_modules/@unrs/resolver-binding-linux-s390x-gnu Completed in 0ms
1776 timing idealTree:node_modules/@unrs/resolver-binding-linux-x64-gnu Completed in 0ms
1777 timing idealTree:node_modules/@unrs/resolver-binding-linux-x64-musl Completed in 0ms
1778 silly placeDep ROOT @napi-rs/wasm-runtime@0.2.12 OK for: @unrs/resolver-binding-wasm32-wasi@1.11.1 want: ^0.2.11
1779 silly fetch manifest @emnapi/core@^1.4.3
1780 silly fetch manifest @emnapi/runtime@^1.4.3
1781 silly fetch manifest @tybys/wasm-util@^0.10.0
1782 http fetch GET 200 https://registry.npmjs.org/@emnapi%2fruntime 56ms (cache revalidated)
1783 http fetch GET 200 https://registry.npmjs.org/@emnapi%2fcore 61ms (cache revalidated)
1784 http fetch GET 200 https://registry.npmjs.org/@tybys%2fwasm-util 62ms (cache revalidated)
1785 timing idealTree:node_modules/@unrs/resolver-binding-wasm32-wasi Completed in 64ms
1786 silly placeDep ROOT @emnapi/core@1.8.1 OK for: @napi-rs/wasm-runtime@0.2.12 want: ^1.4.3
1787 silly fetch manifest @emnapi/wasi-threads@1.1.0
1788 silly placeDep ROOT @emnapi/runtime@1.8.1 OK for: @napi-rs/wasm-runtime@0.2.12 want: ^1.4.3
1789 silly placeDep ROOT @tybys/wasm-util@0.10.1 OK for: @napi-rs/wasm-runtime@0.2.12 want: ^0.10.0
1790 http fetch GET 200 https://registry.npmjs.org/@emnapi%2fwasi-threads 59ms (cache revalidated)
1791 timing idealTree:node_modules/@napi-rs/wasm-runtime Completed in 61ms
1792 silly placeDep ROOT @emnapi/wasi-threads@1.1.0 OK for: @emnapi/core@1.8.1 want: 1.1.0
1793 timing idealTree:node_modules/@emnapi/core Completed in 1ms
1794 timing idealTree:node_modules/@emnapi/runtime Completed in 0ms
1795 timing idealTree:node_modules/@emnapi/wasi-threads Completed in 0ms
1796 timing idealTree:node_modules/@tybys/wasm-util Completed in 0ms
1797 timing idealTree:node_modules/@unrs/resolver-binding-win32-arm64-msvc Completed in 0ms
1798 timing idealTree:node_modules/@unrs/resolver-binding-win32-ia32-msvc Completed in 0ms
1799 timing idealTree:node_modules/@unrs/resolver-binding-win32-x64-msvc Completed in 0ms
1800 timing idealTree:node_modules/napi-postinstall Completed in 0ms
1801 silly placeDep ROOT escalade@3.2.0 OK for: update-browserslist-db@1.2.3 want: ^3.2.0
1802 timing idealTree:node_modules/update-browserslist-db Completed in 1ms
1803 timing idealTree:node_modules/escalade Completed in 0ms
1804 silly placeDep ROOT punycode@2.3.1 OK for: uri-js@4.4.1 want: ^2.1.0
1805 timing idealTree:node_modules/uri-js Completed in 0ms
1806 timing idealTree:node_modules/punycode Completed in 0ms
1807 timing idealTree:node_modules/uuid Completed in 0ms
1808 silly placeDep ROOT isexe@2.0.0 OK for: which@2.0.2 want: ^2.0.0
1809 timing idealTree:node_modules/which Completed in 0ms
1810 timing idealTree:node_modules/isexe Completed in 0ms
1811 silly placeDep ROOT is-bigint@1.1.0 OK for: which-boxed-primitive@1.1.1 want: ^1.1.0
1812 silly placeDep ROOT is-boolean-object@1.2.2 OK for: which-boxed-primitive@1.1.1 want: ^1.2.1
1813 silly placeDep ROOT is-number-object@1.1.1 OK for: which-boxed-primitive@1.1.1 want: ^1.1.1
1814 timing idealTree:node_modules/which-boxed-primitive Completed in 2ms
1815 timing idealTree:node_modules/is-bigint Completed in 0ms
1816 timing idealTree:node_modules/is-boolean-object Completed in 0ms
1817 timing idealTree:node_modules/is-number-object Completed in 0ms
1818 silly placeDep ROOT is-async-function@2.1.1 OK for: which-builtin-type@1.2.1 want: ^2.0.0
1819 silly fetch manifest async-function@^1.0.0
1820 silly placeDep ROOT is-finalizationregistry@1.1.1 OK for: which-builtin-type@1.2.1 want: ^1.1.0
1821 silly placeDep ROOT is-generator-function@1.1.2 OK for: which-builtin-type@1.2.1 want: ^1.0.10
1822 silly fetch manifest generator-function@^2.0.0
1823 silly placeDep ROOT which-collection@1.0.2 OK for: which-builtin-type@1.2.1 want: ^1.0.2
1824 silly fetch manifest is-map@^2.0.3
1825 silly fetch manifest is-weakmap@^2.0.2
1826 silly fetch manifest is-weakset@^2.0.3
1827 http fetch GET 200 https://registry.npmjs.org/is-weakset 32ms (cache revalidated)
1828 http fetch GET 200 https://registry.npmjs.org/async-function 36ms (cache revalidated)
1829 http fetch GET 200 https://registry.npmjs.org/is-weakmap 35ms (cache revalidated)
1830 http fetch GET 200 https://registry.npmjs.org/is-map 40ms (cache revalidated)
1831 http fetch GET 200 https://registry.npmjs.org/generator-function 41ms (cache revalidated)
1832 timing idealTree:node_modules/which-builtin-type Completed in 43ms
1833 silly placeDep ROOT async-function@1.0.0 OK for: is-async-function@2.1.1 want: ^1.0.0
1834 timing idealTree:node_modules/is-async-function Completed in 1ms
1835 timing idealTree:node_modules/async-function Completed in 0ms
1836 timing idealTree:node_modules/is-finalizationregistry Completed in 0ms
1837 silly placeDep ROOT generator-function@2.0.1 OK for: is-generator-function@1.1.2 want: ^2.0.0
1838 timing idealTree:node_modules/is-generator-function Completed in 0ms
1839 timing idealTree:node_modules/generator-function Completed in 0ms
1840 silly placeDep ROOT is-map@2.0.3 OK for: which-collection@1.0.2 want: ^2.0.3
1841 silly placeDep ROOT is-weakmap@2.0.2 OK for: which-collection@1.0.2 want: ^2.0.2
1842 silly placeDep ROOT is-weakset@2.0.4 OK for: which-collection@1.0.2 want: ^2.0.3
1843 timing idealTree:node_modules/which-collection Completed in 1ms
1844 timing idealTree:node_modules/is-map Completed in 0ms
1845 timing idealTree:node_modules/is-weakmap Completed in 0ms
1846 timing idealTree:node_modules/is-weakset Completed in 0ms
1847 timing idealTree:node_modules/which-typed-array Completed in 0ms
1848 timing idealTree:node_modules/word-wrap Completed in 0ms
1849 silly placeDep node_modules/wrap-ansi ansi-styles@6.2.3 OK for: wrap-ansi@8.1.0 want: ^6.1.0
1850 silly placeDep node_modules/wrap-ansi strip-ansi@7.1.2 OK for: wrap-ansi@8.1.0 want: ^7.0.1
1851 timing idealTree:node_modules/wrap-ansi Completed in 0ms
1852 silly placeDep node_modules/wrap-ansi-cjs string-width@4.2.3 OK for: wrap-ansi@7.0.0 want: ^4.1.0
1853 timing idealTree:node_modules/wrap-ansi-cjs Completed in 1ms
1854 timing idealTree:node_modules/ws Completed in 0ms
1855 timing idealTree:node_modules/yallist Completed in 0ms
1856 timing idealTree:node_modules/yocto-queue Completed in 0ms
1857 silly placeDep node_modules/@isaacs/cliui ansi-regex@6.2.2 OK for: strip-ansi@7.1.2 want: ^6.0.1
1858 timing idealTree:node_modules/@isaacs/cliui/node_modules/strip-ansi Completed in 0ms
1859 timing idealTree:node_modules/@isaacs/cliui/node_modules/ansi-regex Completed in 0ms
1860 timing idealTree:node_modules/@typescript-eslint/eslint-plugin/node_modules/ignore Completed in 0ms
1861 silly placeDep node_modules/@typescript-eslint/typescript-estree brace-expansion@2.0.2 OK for: minimatch@9.0.5 want: ^2.0.1
1862 timing idealTree:node_modules/@typescript-eslint/typescript-estree/node_modules/minimatch Completed in 1ms
1863 timing idealTree:node_modules/@typescript-eslint/typescript-estree/node_modules/brace-expansion Completed in 0ms
1864 timing idealTree:node_modules/@typescript-eslint/visitor-keys/node_modules/eslint-visitor-keys Completed in 0ms
1865 timing idealTree:node_modules/eslint-import-resolver-node/node_modules/debug Completed in 0ms
1866 timing idealTree:node_modules/eslint-module-utils/node_modules/debug Completed in 0ms
1867 timing idealTree:node_modules/eslint-plugin-import/node_modules/debug Completed in 0ms
1868 timing idealTree:node_modules/eslint-plugin-import/node_modules/doctrine Completed in 0ms
1869 timing idealTree:node_modules/eslint-plugin-import/node_modules/semver Completed in 0ms
1870 timing idealTree:node_modules/eslint-plugin-react/node_modules/doctrine Completed in 0ms
1871 timing idealTree:node_modules/eslint-plugin-react/node_modules/resolve Completed in 0ms
1872 timing idealTree:node_modules/eslint-plugin-react/node_modules/semver Completed in 0ms
1873 silly placeDep node_modules/ethers undici-types@6.19.8 OK for: @types/node@22.7.5 want: ~6.19.2
1874 timing idealTree:node_modules/ethers/node_modules/@types/node Completed in 0ms
1875 timing idealTree:node_modules/ethers/node_modules/tslib Completed in 0ms
1876 timing idealTree:node_modules/ethers/node_modules/undici-types Completed in 0ms
1877 timing idealTree:node_modules/ethers/node_modules/ws Completed in 0ms
1878 silly placeDep node_modules/glob brace-expansion@2.0.2 OK for: minimatch@9.0.5 want: ^2.0.1
1879 timing idealTree:node_modules/glob/node_modules/minimatch Completed in 0ms
1880 timing idealTree:node_modules/glob/node_modules/brace-expansion Completed in 0ms
1881 timing idealTree:node_modules/next/node_modules/postcss Completed in 0ms
1882 timing idealTree:node_modules/path-scurry/node_modules/lru-cache Completed in 0ms
1883 silly placeDep ROOT fs.realpath@1.0.0 OK for: glob@7.2.3 want: ^1.0.0
1884 silly placeDep ROOT inflight@1.0.6 OK for: glob@7.2.3 want: ^1.0.4
1885 silly fetch manifest wrappy@1
1886 silly placeDep ROOT inherits@2.0.4 OK for: glob@7.2.3 want: 2
1887 silly placeDep ROOT once@1.4.0 OK for: glob@7.2.3 want: ^1.3.0
1888 silly placeDep ROOT path-is-absolute@1.0.1 OK for: glob@7.2.3 want: ^1.0.0
1889 http fetch GET 200 https://registry.npmjs.org/wrappy 31ms (cache miss)
1890 timing idealTree:node_modules/rimraf/node_modules/glob Completed in 32ms
1891 timing idealTree:node_modules/fs.realpath Completed in 0ms
1892 silly placeDep ROOT wrappy@1.0.2 OK for: inflight@1.0.6 want: 1
1893 timing idealTree:node_modules/inflight Completed in 1ms
1894 timing idealTree:node_modules/inherits Completed in 0ms
1895 timing idealTree:node_modules/once Completed in 0ms
1896 timing idealTree:node_modules/path-is-absolute Completed in 0ms
1897 timing idealTree:node_modules/wrappy Completed in 0ms
1898 timing idealTree:node_modules/string-width-cjs/node_modules/emoji-regex Completed in 0ms
1899 silly placeDep node_modules/string-width ansi-regex@6.2.2 OK for: strip-ansi@7.1.2 want: ^6.0.1
1900 timing idealTree:node_modules/string-width/node_modules/strip-ansi Completed in 2ms
1901 timing idealTree:node_modules/string-width/node_modules/ansi-regex Completed in 0ms
1902 silly placeDep node_modules/wrap-ansi-cjs emoji-regex@8.0.0 OK for: string-width@4.2.3 want: ^8.0.0
1903 timing idealTree:node_modules/wrap-ansi-cjs/node_modules/string-width Completed in 1ms
1904 timing idealTree:node_modules/wrap-ansi-cjs/node_modules/emoji-regex Completed in 0ms
1905 timing idealTree:node_modules/wrap-ansi/node_modules/ansi-styles Completed in 0ms
1906 silly placeDep node_modules/wrap-ansi ansi-regex@6.2.2 OK for: strip-ansi@7.1.2 want: ^6.0.1
1907 timing idealTree:node_modules/wrap-ansi/node_modules/strip-ansi Completed in 0ms
1908 timing idealTree:node_modules/wrap-ansi/node_modules/ansi-regex Completed in 0ms
1909 timing idealTree:buildDeps Completed in 6480ms
1910 timing idealTree:fixDepFlags Completed in 2ms
1911 warn EBADENGINE Unsupported engine {
1911 warn EBADENGINE   package: '@supabase/supabase-js@2.90.1',
1911 warn EBADENGINE   required: { node: '>=20.0.0' },
1911 warn EBADENGINE   current: { node: 'v18.18.2', npm: '9.8.1' }
1911 warn EBADENGINE }
1912 warn EBADENGINE Unsupported engine {
1912 warn EBADENGINE   package: '@supabase/auth-js@2.90.1',
1912 warn EBADENGINE   required: { node: '>=20.0.0' },
1912 warn EBADENGINE   current: { node: 'v18.18.2', npm: '9.8.1' }
1912 warn EBADENGINE }
1913 warn EBADENGINE Unsupported engine {
1913 warn EBADENGINE   package: '@supabase/functions-js@2.90.1',
1913 warn EBADENGINE   required: { node: '>=20.0.0' },
1913 warn EBADENGINE   current: { node: 'v18.18.2', npm: '9.8.1' }
1913 warn EBADENGINE }
1914 warn EBADENGINE Unsupported engine {
1914 warn EBADENGINE   package: '@supabase/postgrest-js@2.90.1',
1914 warn EBADENGINE   required: { node: '>=20.0.0' },
1914 warn EBADENGINE   current: { node: 'v18.18.2', npm: '9.8.1' }
1914 warn EBADENGINE }
1915 warn EBADENGINE Unsupported engine {
1915 warn EBADENGINE   package: '@supabase/realtime-js@2.90.1',
1915 warn EBADENGINE   required: { node: '>=20.0.0' },
1915 warn EBADENGINE   current: { node: 'v18.18.2', npm: '9.8.1' }
1915 warn EBADENGINE }
1916 warn EBADENGINE Unsupported engine {
1916 warn EBADENGINE   package: '@supabase/storage-js@2.90.1',
1916 warn EBADENGINE   required: { node: '>=20.0.0' },
1916 warn EBADENGINE   current: { node: 'v18.18.2', npm: '9.8.1' }
1916 warn EBADENGINE }
1917 warn EBADENGINE Unsupported engine {
1917 warn EBADENGINE   package: 'iceberg-js@0.8.1',
1917 warn EBADENGINE   required: { node: '>=20.0.0' },
1917 warn EBADENGINE   current: { node: 'v18.18.2', npm: '9.8.1' }
1917 warn EBADENGINE }
1918 timing idealTree Completed in 6500ms
1919 timing reify:loadTrees Completed in 6501ms
1920 timing reify:diffTrees Completed in 3ms
1921 silly reify moves {}
1922 timing reify:retireShallow Completed in 0ms
1923 timing reify:createSparse Completed in 18ms
1924 verbose reify failed optional dependency /Users/chengfang/Downloads/make money/shopping/node_modules/@tailwindcss/oxide-wasm32-wasi
1925 silly reify mark deleted [
1925 silly reify   '/Users/chengfang/Downloads/make money/shopping/node_modules/@tailwindcss/oxide-wasm32-wasi'
1925 silly reify ]
1926 timing reifyNode:node_modules/@tailwindcss/oxide-wasm32-wasi Completed in 1ms
1927 timing arborist:ctor Completed in 0ms
1928 timing reify:diffTrees Completed in 2ms
1929 timing reify:loadBundles Completed in 5ms
1930 silly audit bulk request {
1930 silly audit   '@prisma/client': [ '5.22.0' ],
1930 silly audit   '@supabase/supabase-js': [ '2.90.1' ],
1930 silly audit   '@tailwindcss/postcss': [ '4.1.18' ],
1930 silly audit   '@types/node': [ '20.19.30', '22.7.5' ],
1930 silly audit   '@types/react': [ '18.3.27' ],
1930 silly audit   '@types/react-dom': [ '18.3.7' ],
1930 silly audit   autoprefixer: [ '10.4.23' ],
1930 silly audit   bcryptjs: [ '3.0.3' ],
1930 silly audit   clsx: [ '2.1.1' ],
1930 silly audit   eslint: [ '8.57.0' ],
1930 silly audit   'eslint-config-next': [ '14.2.16' ],
1930 silly audit   ethers: [ '6.16.0' ],
1930 silly audit   'lucide-react': [ '0.562.0' ],
1930 silly audit   next: [ '14.2.16' ],
1930 silly audit   'next-auth': [ '4.24.13' ],
1930 silly audit   postcss: [ '8.5.6', '8.4.31' ],
1930 silly audit   prisma: [ '5.22.0' ],
1930 silly audit   react: [ '18.3.1' ],
1930 silly audit   'react-dom': [ '18.3.1' ],
1930 silly audit   'tailwind-merge': [ '3.4.0' ],
1930 silly audit   tailwindcss: [ '4.1.18' ],
1930 silly audit   typescript: [ '5.9.3' ],
1930 silly audit   '@supabase/auth-js': [ '2.90.1' ],
1930 silly audit   '@supabase/functions-js': [ '2.90.1' ],
1930 silly audit   '@supabase/postgrest-js': [ '2.90.1' ],
1930 silly audit   '@supabase/realtime-js': [ '2.90.1' ],
1930 silly audit   '@supabase/storage-js': [ '2.90.1' ],
1930 silly audit   tslib: [ '2.8.1', '2.7.0' ],
1930 silly audit   '@types/phoenix': [ '1.6.7' ],
1930 silly audit   '@types/ws': [ '8.18.1' ],
1930 silly audit   ws: [ '8.19.0', '8.17.1' ],
1930 silly audit   'iceberg-js': [ '0.8.1' ],
1930 silly audit   '@alloc/quick-lru': [ '5.2.0' ],
1930 silly audit   '@tailwindcss/node': [ '4.1.18' ],
1930 silly audit   '@tailwindcss/oxide': [ '4.1.18' ],
1930 silly audit   '@jridgewell/remapping': [ '2.3.5' ],
1930 silly audit   'enhanced-resolve': [ '5.18.4' ],
1930 silly audit   jiti: [ '2.6.1' ],
1930 silly audit   lightningcss: [ '1.30.2' ],
1930 silly audit   'magic-string': [ '0.30.21' ],
1930 silly audit   'source-map-js': [ '1.2.1' ],
1930 silly audit   '@jridgewell/gen-mapping': [ '0.3.13' ],
1930 silly audit   '@jridgewell/trace-mapping': [ '0.3.31' ],
1930 silly audit   '@jridgewell/sourcemap-codec': [ '1.5.5' ],
1930 silly audit   '@jridgewell/resolve-uri': [ '3.1.2' ],
1930 silly audit   '@tailwindcss/oxide-android-arm64': [ '4.1.18' ],
1930 silly audit   '@tailwindcss/oxide-darwin-arm64': [ '4.1.18' ],
1930 silly audit   '@tailwindcss/oxide-darwin-x64': [ '4.1.18' ],
1930 silly audit   '@tailwindcss/oxide-freebsd-x64': [ '4.1.18' ],
1930 silly audit   '@tailwindcss/oxide-linux-arm-gnueabihf': [ '4.1.18' ],
1930 silly audit   '@tailwindcss/oxide-linux-arm64-gnu': [ '4.1.18' ],
1930 silly audit   '@tailwindcss/oxide-linux-arm64-musl': [ '4.1.18' ],
1930 silly audit   '@tailwindcss/oxide-linux-x64-gnu': [ '4.1.18' ],
1930 silly audit   '@tailwindcss/oxide-linux-x64-musl': [ '4.1.18' ],
1930 silly audit   '@tailwindcss/oxide-win32-arm64-msvc': [ '4.1.18' ],
1930 silly audit   '@tailwindcss/oxide-win32-x64-msvc': [ '4.1.18' ],
1930 silly audit   'undici-types': [ '6.21.0', '6.19.8' ],
1930 silly audit   '@types/prop-types': [ '15.7.15' ],
1930 silly audit   csstype: [ '3.2.3' ],
1930 silly audit   browserslist: [ '4.28.1' ],
1930 silly audit   'caniuse-lite': [ '1.0.30001765' ],
1930 silly audit   'fraction.js': [ '5.3.4' ],
1930 silly audit   picocolors: [ '1.1.1' ],
1930 silly audit   'postcss-value-parser': [ '4.2.0' ],
1930 silly audit   'baseline-browser-mapping': [ '2.9.15' ],
1930 silly audit   'electron-to-chromium': [ '1.5.267' ],
1930 silly audit   'node-releases': [ '2.0.27' ],
1930 silly audit   'update-browserslist-db': [ '1.2.3' ],
1930 silly audit   'graceful-fs': [ '4.2.11' ],
1930 silly audit   tapable: [ '2.3.0' ],
1930 silly audit   '@eslint-community/eslint-utils': [ '4.9.1' ],
1930 silly audit   '@eslint-community/regexpp': [ '4.12.2' ],
1930 silly audit   '@eslint/eslintrc': [ '2.1.4' ],
1930 silly audit   '@eslint/js': [ '8.57.0' ],
1930 silly audit   '@humanwhocodes/config-array': [ '0.11.14' ],
1930 silly audit   '@humanwhocodes/module-importer': [ '1.0.1' ],
1930 silly audit   '@nodelib/fs.walk': [ '1.2.8' ],
1930 silly audit   '@ungap/structured-clone': [ '1.3.0' ],
1930 silly audit   ajv: [ '6.12.6' ],
1930 silly audit   chalk: [ '4.1.2' ],
1930 silly audit   'cross-spawn': [ '7.0.6' ],
1930 silly audit   debug: [ '4.4.3', '3.2.7' ],
1930 silly audit   doctrine: [ '3.0.0', '2.1.0' ],
1930 silly audit   'escape-string-regexp': [ '4.0.0' ],
1930 silly audit   'eslint-scope': [ '7.2.2' ],
1930 silly audit   'eslint-visitor-keys': [ '3.4.3', '4.2.1' ],
1930 silly audit   espree: [ '9.6.1' ],
1930 silly audit   esquery: [ '1.7.0' ],
1930 silly audit   esutils: [ '2.0.3' ],
1930 silly audit   'fast-deep-equal': [ '3.1.3' ],
1930 silly audit   'file-entry-cache': [ '6.0.1' ],
1930 silly audit   'find-up': [ '5.0.0' ],
1930 silly audit   'glob-parent': [ '6.0.2' ],
1930 silly audit   globals: [ '13.24.0' ],
1930 silly audit   graphemer: [ '1.4.0' ],
1930 silly audit   ignore: [ '5.3.2', '7.0.5' ],
1930 silly audit   imurmurhash: [ '0.1.4' ],
1930 silly audit   'is-glob': [ '4.0.3' ],
1930 silly audit   'is-path-inside': [ '3.0.3' ],
1930 silly audit   'js-yaml': [ '4.1.1' ],
1930 silly audit   'json-stable-stringify-without-jsonify': [ '1.0.1' ],
1930 silly audit   levn: [ '0.4.1' ],
1930 silly audit   'lodash.merge': [ '4.6.2' ],
1930 silly audit   minimatch: [ '3.1.2', '9.0.5' ],
1930 silly audit   'natural-compare': [ '1.4.0' ],
1930 silly audit   optionator: [ '0.9.4' ],
1930 silly audit   'strip-ansi': [ '6.0.1', '7.1.2' ],
1930 silly audit   'text-table': [ '0.2.0' ],
1930 silly audit   'import-fresh': [ '3.3.1' ],
1930 silly audit   'strip-json-comments': [ '3.1.1' ],
1930 silly audit   '@humanwhocodes/object-schema': [ '2.0.3' ],
1930 silly audit   '@nodelib/fs.scandir': [ '2.1.5' ],
1930 silly audit   fastq: [ '1.20.1' ],
1930 silly audit   '@nodelib/fs.stat': [ '2.0.5' ],
1930 silly audit   'run-parallel': [ '1.2.0' ],
1930 silly audit   'fast-json-stable-stringify': [ '2.1.0' ],
1930 silly audit   'json-schema-traverse': [ '0.4.1' ],
1930 silly audit   'uri-js': [ '4.4.1' ],
1930 silly audit   'ansi-styles': [ '4.3.0', '6.2.3' ],
1930 silly audit   'supports-color': [ '7.2.0' ],
1930 silly audit   'color-convert': [ '2.0.1' ],
1930 silly audit   'color-name': [ '1.1.4' ],
1930 silly audit   'path-key': [ '3.1.1' ],
1930 silly audit   'shebang-command': [ '2.0.0' ],
1930 silly audit   which: [ '2.0.2' ],
1930 silly audit   ms: [ '2.1.3' ],
1930 silly audit   '@next/eslint-plugin-next': [ '14.2.16' ],
1930 silly audit   '@rushstack/eslint-patch': [ '1.15.0' ],
1930 silly audit   '@typescript-eslint/eslint-plugin': [ '8.53.1' ],
1930 silly audit   '@typescript-eslint/parser': [ '8.53.1' ],
1930 silly audit   'eslint-import-resolver-node': [ '0.3.9' ],
1930 silly audit   'eslint-import-resolver-typescript': [ '3.10.1' ],
1930 silly audit   'eslint-plugin-import': [ '2.32.0' ],
1930 silly audit   'eslint-plugin-jsx-a11y': [ '6.10.2' ],
1930 silly audit   'eslint-plugin-react': [ '7.37.5' ],
1930 silly audit   'eslint-plugin-react-hooks': [ '5.0.0-canary-7118f5dd7-20230705' ],
1930 silly audit   glob: [ '10.3.10', '7.2.3' ],
1930 silly audit   '@typescript-eslint/scope-manager': [ '8.53.1' ],
1930 silly audit   '@typescript-eslint/type-utils': [ '8.53.1' ],
1930 silly audit   '@typescript-eslint/utils': [ '8.53.1' ],
1930 silly audit   '@typescript-eslint/visitor-keys': [ '8.53.1' ],
1930 silly audit   'ts-api-utils': [ '2.4.0' ],
1930 silly audit   '@typescript-eslint/types': [ '8.53.1' ],
1930 silly audit   '@typescript-eslint/typescript-estree': [ '8.53.1' ],
1930 silly audit   '@typescript-eslint/project-service': [ '8.53.1' ],
1930 silly audit   '@typescript-eslint/tsconfig-utils': [ '8.53.1' ],
1930 silly audit   semver: [ '7.7.3', '6.3.1' ],
1930 silly audit   tinyglobby: [ '0.2.15' ],
1930 silly audit   'is-core-module': [ '2.16.1' ],
1930 silly audit   resolve: [ '1.22.11', '2.0.0-next.5' ],
1930 silly audit   '@nolyfill/is-core-module': [ '1.0.39' ],
1930 silly audit   'get-tsconfig': [ '4.13.0' ],
1930 silly audit   'is-bun-module': [ '2.0.0' ],
1930 silly audit   'stable-hash': [ '0.0.5' ],
1930 silly audit   'unrs-resolver': [ '1.11.1' ],
1930 silly audit   '@rtsao/scc': [ '1.1.0' ],
1930 silly audit   'array-includes': [ '3.1.9' ],
1930 silly audit   'array.prototype.findlastindex': [ '1.2.6' ],
1930 silly audit   'array.prototype.flat': [ '1.3.3' ],
1930 silly audit   'array.prototype.flatmap': [ '1.3.3' ],
1930 silly audit   'eslint-module-utils': [ '2.12.1' ],
1930 silly audit   hasown: [ '2.0.2' ],
1930 silly audit   'object.fromentries': [ '2.0.8' ],
1930 silly audit   'object.groupby': [ '1.0.3' ],
1930 silly audit   'object.values': [ '1.2.1' ],
1930 silly audit   'string.prototype.trimend': [ '1.0.9' ],
1930 silly audit   'tsconfig-paths': [ '3.15.0' ],
1930 silly audit   'call-bind': [ '1.0.8' ],
1930 silly audit   'call-bound': [ '1.0.4' ],
1930 silly audit   'define-properties': [ '1.2.1' ],
1930 silly audit   'es-abstract': [ '1.24.1' ],
1930 silly audit   'es-object-atoms': [ '1.1.1' ],
1930 silly audit   'get-intrinsic': [ '1.3.0' ],
1930 silly audit   'is-string': [ '1.1.1' ],
1930 silly audit   'math-intrinsics': [ '1.1.0' ],
1930 silly audit   'es-errors': [ '1.3.0' ],
1930 silly audit   'es-shim-unscopables': [ '1.1.0' ],
1930 silly audit   'call-bind-apply-helpers': [ '1.0.2' ],
1930 silly audit   'es-define-property': [ '1.0.1' ],
1930 silly audit   'set-function-length': [ '1.2.2' ],
1930 silly audit   'function-bind': [ '1.1.2' ],
1930 silly audit   'define-data-property': [ '1.1.4' ],
1930 silly audit   'has-property-descriptors': [ '1.0.2' ],
1930 silly audit   'object-keys': [ '1.1.1' ],
1930 silly audit   gopd: [ '1.2.0' ],
1930 silly audit   'array-buffer-byte-length': [ '1.0.2' ],
1930 silly audit   'arraybuffer.prototype.slice': [ '1.0.4' ],
1930 silly audit   'available-typed-arrays': [ '1.0.7' ],
1930 silly audit   'data-view-buffer': [ '1.0.2' ],
1930 silly audit   'data-view-byte-length': [ '1.0.2' ],
1930 silly audit   'data-view-byte-offset': [ '1.0.1' ],
1930 silly audit   'es-set-tostringtag': [ '2.1.0' ],
1930 silly audit   'es-to-primitive': [ '1.3.0' ],
1930 silly audit   'function.prototype.name': [ '1.1.8' ],
1930 silly audit   'get-proto': [ '1.0.1' ],
1930 silly audit   'get-symbol-description': [ '1.1.0' ],
1930 silly audit   globalthis: [ '1.0.4' ],
1930 silly audit   'has-proto': [ '1.2.0' ],
1930 silly audit   'has-symbols': [ '1.1.0' ],
1930 silly audit   'internal-slot': [ '1.1.0' ],
1930 silly audit   'is-array-buffer': [ '3.0.5' ],
1930 silly audit   'is-callable': [ '1.2.7' ],
1930 silly audit   'is-data-view': [ '1.0.2' ],
1930 silly audit   'is-negative-zero': [ '2.0.3' ],
1930 silly audit   'is-regex': [ '1.2.1' ],
1930 silly audit   'is-set': [ '2.0.3' ],
1930 silly audit   'is-shared-array-buffer': [ '1.0.4' ],
1930 silly audit   'is-typed-array': [ '1.1.15' ],
1930 silly audit   'is-weakref': [ '1.1.1' ],
1930 silly audit   'object-inspect': [ '1.13.4' ],
1930 silly audit   'object.assign': [ '4.1.7' ],
1930 silly audit   'own-keys': [ '1.0.1' ],
1930 silly audit   'regexp.prototype.flags': [ '1.5.4' ],
1930 silly audit   'safe-array-concat': [ '1.1.3' ],
1930 silly audit   'safe-push-apply': [ '1.0.0' ],
1930 silly audit   'safe-regex-test': [ '1.1.0' ],
1930 silly audit   'set-proto': [ '1.0.0' ],
1930 silly audit   'stop-iteration-iterator': [ '1.1.0' ],
1930 silly audit   'string.prototype.trim': [ '1.2.10' ],
1930 silly audit   'string.prototype.trimstart': [ '1.0.8' ],
1930 silly audit   'typed-array-buffer': [ '1.0.3' ],
1930 silly audit   'typed-array-byte-length': [ '1.0.3' ],
1930 silly audit   'typed-array-byte-offset': [ '1.0.4' ],
1930 silly audit   'typed-array-length': [ '1.0.7' ],
1930 silly audit   'unbox-primitive': [ '1.1.0' ],
1930 silly audit   'which-typed-array': [ '1.1.20' ],
1930 silly audit   'possible-typed-array-names': [ '1.1.0' ],
1930 silly audit   'has-tostringtag': [ '1.0.2' ],
1930 silly audit   'is-date-object': [ '1.1.0' ],
1930 silly audit   'is-symbol': [ '1.1.1' ],
1930 silly audit   'aria-query': [ '5.3.2' ],
1930 silly audit   'ast-types-flow': [ '0.0.8' ],
1930 silly audit   'axe-core': [ '4.11.1' ],
1930 silly audit   'axobject-query': [ '4.1.0' ],
1930 silly audit   'damerau-levenshtein': [ '1.0.8' ],
1930 silly audit   'emoji-regex': [ '9.2.2', '8.0.0' ],
1930 silly audit   'jsx-ast-utils': [ '3.3.5' ],
1930 silly audit   'language-tags': [ '1.0.9' ],
1930 silly audit   'string.prototype.includes': [ '2.0.1' ],
1930 silly audit   'array.prototype.findlast': [ '1.2.5' ],
1930 silly audit   'array.prototype.tosorted': [ '1.1.4' ],
1930 silly audit   'es-iterator-helpers': [ '1.2.2' ],
1930 silly audit   estraverse: [ '5.3.0' ],
1930 silly audit   'object.entries': [ '1.1.9' ],
1930 silly audit   'prop-types': [ '15.8.1' ],
1930 silly audit   'string.prototype.matchall': [ '4.0.12' ],
1930 silly audit   'string.prototype.repeat': [ '1.0.0' ],
1930 silly audit   'iterator.prototype': [ '1.1.5' ],
1930 silly audit   esrecurse: [ '4.3.0' ],
1930 silly audit   acorn: [ '8.15.0' ],
1930 silly audit   'acorn-jsx': [ '5.3.2' ],
1930 silly audit   '@adraffy/ens-normalize': [ '1.10.1' ],
1930 silly audit   '@noble/curves': [ '1.2.0' ],
1930 silly audit   '@noble/hashes': [ '1.3.2' ],
1930 silly audit   'aes-js': [ '4.0.0-beta.5' ],
1930 silly audit   reusify: [ '1.1.0' ],
1930 silly audit   'flat-cache': [ '3.2.0' ],
1930 silly audit   'locate-path': [ '6.0.0' ],
1930 silly audit   'path-exists': [ '4.0.0' ],
1930 silly audit   flatted: [ '3.3.3' ],
1930 silly audit   keyv: [ '4.5.4' ],
1930 silly audit   rimraf: [ '3.0.2' ],
1930 silly audit   'functions-have-names': [ '1.2.3' ],
1930 silly audit   'dunder-proto': [ '1.0.1' ],
1930 silly audit   'resolve-pkg-maps': [ '1.0.0' ],
1930 silly audit   'foreground-child': [ '3.3.1' ],
1930 silly audit   jackspeak: [ '2.3.6' ],
1930 silly audit   minipass: [ '7.1.2' ],
1930 silly audit   'path-scurry': [ '1.11.1' ],
1930 silly audit   'signal-exit': [ '4.1.0' ],
1930 silly audit   'type-fest': [ '0.20.2' ],
1930 silly audit   'parent-module': [ '1.0.1' ],
1930 silly audit   'resolve-from': [ '4.0.0' ],
1930 silly audit   'side-channel': [ '1.1.0' ],
1930 silly audit   'is-extglob': [ '2.1.1' ],
1930 silly audit   'set-function-name': [ '2.0.2' ],
1930 silly audit   '@isaacs/cliui': [ '8.0.2' ],
1930 silly audit   '@pkgjs/parseargs': [ '0.11.0' ],
1930 silly audit   'string-width': [ '5.1.2', '4.2.3' ],
1930 silly audit   'wrap-ansi': [ '8.1.0', '7.0.0' ],
1930 silly audit   argparse: [ '2.0.1' ],
1930 silly audit   'json-buffer': [ '3.0.1' ],
1930 silly audit   'language-subtag-registry': [ '0.3.23' ],
1930 silly audit   'prelude-ls': [ '1.2.1' ],
1930 silly audit   'type-check': [ '0.4.0' ],
1930 silly audit   'detect-libc': [ '2.1.2' ],
1930 silly audit   'lightningcss-android-arm64': [ '1.30.2' ],
1930 silly audit   'lightningcss-darwin-arm64': [ '1.30.2' ],
1930 silly audit   'lightningcss-darwin-x64': [ '1.30.2' ],
1930 silly audit   'lightningcss-freebsd-x64': [ '1.30.2' ],
1930 silly audit   'lightningcss-linux-arm-gnueabihf': [ '1.30.2' ],
1930 silly audit   'lightningcss-linux-arm64-gnu': [ '1.30.2' ],
1930 silly audit   'lightningcss-linux-arm64-musl': [ '1.30.2' ],
1930 silly audit   'lightningcss-linux-x64-gnu': [ '1.30.2' ],
1930 silly audit   'lightningcss-linux-x64-musl': [ '1.30.2' ],
1930 silly audit   'lightningcss-win32-arm64-msvc': [ '1.30.2' ],
1930 silly audit   'lightningcss-win32-x64-msvc': [ '1.30.2' ],
1930 silly audit   'p-locate': [ '5.0.0' ],
1930 silly audit   'brace-expansion': [ '1.1.12', '2.0.2' ],
1930 silly audit   'balanced-match': [ '1.0.2' ],
1930 silly audit   'concat-map': [ '0.0.1' ],
1930 silly audit   '@next/env': [ '14.2.16' ],
1930 silly audit   '@next/swc-darwin-arm64': [ '14.2.16' ],
1930 silly audit   '@next/swc-darwin-x64': [ '14.2.16' ],
1930 silly audit   '@next/swc-linux-arm64-gnu': [ '14.2.16' ],
1930 silly audit   '@next/swc-linux-arm64-musl': [ '14.2.16' ],
1930 silly audit   '@next/swc-linux-x64-gnu': [ '14.2.16' ],
1930 silly audit   '@next/swc-linux-x64-musl': [ '14.2.16' ],
1930 silly audit   '@next/swc-win32-arm64-msvc': [ '14.2.16' ],
1930 silly audit   '@next/swc-win32-ia32-msvc': [ '14.2.16' ],
1930 silly audit   '@next/swc-win32-x64-msvc': [ '14.2.16' ],
1930 silly audit   '@swc/helpers': [ '0.5.5' ],
1930 silly audit   busboy: [ '1.6.0' ],
1930 silly audit   'styled-jsx': [ '5.1.1' ],
1930 silly audit   '@swc/counter': [ '0.1.3' ],
1930 silly audit   streamsearch: [ '1.1.0' ],
1930 silly audit   '@babel/runtime': [ '7.28.6' ],
1930 silly audit   '@panva/hkdf': [ '1.2.1' ],
1930 silly audit   cookie: [ '0.7.2' ],
1930 silly audit   jose: [ '4.15.9' ],
1930 silly audit   oauth: [ '0.9.15' ],
1930 silly audit   'openid-client': [ '5.7.1' ],
1930 silly audit   preact: [ '10.28.2' ],
1930 silly audit   'preact-render-to-string': [ '5.2.6' ],
1930 silly audit   uuid: [ '8.3.2' ],
1930 silly audit   'lru-cache': [ '6.0.0', '10.4.3' ],
1930 silly audit   'object-hash': [ '2.2.0' ],
1930 silly audit   'oidc-token-hash': [ '5.2.0' ],
1930 silly audit   yallist: [ '4.0.0' ],
1930 silly audit   'deep-is': [ '0.1.4' ],
1930 silly audit   'fast-levenshtein': [ '2.0.6' ],
1930 silly audit   'word-wrap': [ '1.2.5' ],
1930 silly audit   'p-limit': [ '3.1.0' ],
1930 silly audit   'yocto-queue': [ '0.1.0' ],
1930 silly audit   callsites: [ '3.1.0' ],
1930 silly audit   nanoid: [ '3.3.11' ],
1930 silly audit   'pretty-format': [ '3.8.0' ],
1930 silly audit   '@prisma/engines': [ '5.22.0' ],
1930 silly audit   fsevents: [ '2.3.3' ],
1930 silly audit   '@prisma/debug': [ '5.22.0' ],
1930 silly audit   '@prisma/engines-version': [ '5.22.0-44.605197351a3c8bdd595af2d2a9bc3025bca48ea2' ],
1930 silly audit   '@prisma/fetch-engine': [ '5.22.0' ],
1930 silly audit   '@prisma/get-platform': [ '5.22.0' ],
1930 silly audit   'loose-envify': [ '1.4.0' ],
1930 silly audit   'object-assign': [ '4.1.1' ],
1930 silly audit   'react-is': [ '16.13.1' ],
1930 silly audit   'js-tokens': [ '4.0.0' ],
1930 silly audit   scheduler: [ '0.23.2' ],
1930 silly audit   'path-parse': [ '1.0.7' ],
1930 silly audit   'supports-preserve-symlinks-flag': [ '1.0.0' ],
1930 silly audit   'queue-microtask': [ '1.2.3' ],
1930 silly audit   isarray: [ '2.0.5' ],
1930 silly audit   'shebang-regex': [ '3.0.0' ],
1930 silly audit   'side-channel-list': [ '1.0.0' ],
1930 silly audit   'side-channel-map': [ '1.0.1' ],
1930 silly audit   'side-channel-weakmap': [ '1.0.2' ],
1930 silly audit   eastasianwidth: [ '0.2.0' ],
1930 silly audit   'is-fullwidth-code-point': [ '3.0.0' ],
1930 silly audit   'ansi-regex': [ '5.0.1', '6.2.2' ],
1930 silly audit   'client-only': [ '0.0.1' ],
1930 silly audit   'has-flag': [ '4.0.0' ],
1930 silly audit   fdir: [ '6.5.0' ],
1930 silly audit   picomatch: [ '4.0.3' ],
1930 silly audit   '@types/json5': [ '0.0.29' ],
1930 silly audit   json5: [ '1.0.2' ],
1930 silly audit   minimist: [ '1.2.8' ],
1930 silly audit   'strip-bom': [ '3.0.0' ],
1930 silly audit   'for-each': [ '0.3.5' ],
1930 silly audit   'reflect.getprototypeof': [ '1.0.10' ],
1930 silly audit   'which-builtin-type': [ '1.2.1' ],
1930 silly audit   'has-bigints': [ '1.1.0' ],
1930 silly audit   'which-boxed-primitive': [ '1.1.1' ],
1930 silly audit   '@unrs/resolver-binding-android-arm-eabi': [ '1.11.1' ],
1930 silly audit   '@unrs/resolver-binding-android-arm64': [ '1.11.1' ],
1930 silly audit   '@unrs/resolver-binding-darwin-arm64': [ '1.11.1' ],
1930 silly audit   '@unrs/resolver-binding-darwin-x64': [ '1.11.1' ],
1930 silly audit   '@unrs/resolver-binding-freebsd-x64': [ '1.11.1' ],
1930 silly audit   '@unrs/resolver-binding-linux-arm-gnueabihf': [ '1.11.1' ],
1930 silly audit   '@unrs/resolver-binding-linux-arm-musleabihf': [ '1.11.1' ],
1930 silly audit   '@unrs/resolver-binding-linux-arm64-gnu': [ '1.11.1' ],
1930 silly audit   '@unrs/resolver-binding-linux-arm64-musl': [ '1.11.1' ],
1930 silly audit   '@unrs/resolver-binding-linux-ppc64-gnu': [ '1.11.1' ],
1930 silly audit   '@unrs/resolver-binding-linux-riscv64-gnu': [ '1.11.1' ],
1930 silly audit   '@unrs/resolver-binding-linux-riscv64-musl': [ '1.11.1' ],
1930 silly audit   '@unrs/resolver-binding-linux-s390x-gnu': [ '1.11.1' ],
1930 silly audit   '@unrs/resolver-binding-linux-x64-gnu': [ '1.11.1' ],
1930 silly audit   '@unrs/resolver-binding-linux-x64-musl': [ '1.11.1' ],
1930 silly audit   '@unrs/resolver-binding-wasm32-wasi': [ '1.11.1' ],
1930 silly audit   '@unrs/resolver-binding-win32-arm64-msvc': [ '1.11.1' ],
1930 silly audit   '@unrs/resolver-binding-win32-ia32-msvc': [ '1.11.1' ],
1930 silly audit   '@unrs/resolver-binding-win32-x64-msvc': [ '1.11.1' ],
1930 silly audit   'napi-postinstall': [ '0.3.4' ],
1930 silly audit   '@napi-rs/wasm-runtime': [ '0.2.12' ],
1930 silly audit   '@emnapi/core': [ '1.8.1' ],
1930 silly audit   '@emnapi/runtime': [ '1.8.1' ],
1930 silly audit   '@tybys/wasm-util': [ '0.10.1' ],
1930 silly audit   '@emnapi/wasi-threads': [ '1.1.0' ],
1930 silly audit   escalade: [ '3.2.0' ],
1930 silly audit   punycode: [ '2.3.1' ],
1930 silly audit   isexe: [ '2.0.0' ],
1930 silly audit   'is-bigint': [ '1.1.0' ],
1930 silly audit   'is-boolean-object': [ '1.2.2' ],
1930 silly audit   'is-number-object': [ '1.1.1' ],
1930 silly audit   'is-async-function': [ '2.1.1' ],
1930 silly audit   'is-finalizationregistry': [ '1.1.1' ],
1930 silly audit   'is-generator-function': [ '1.1.2' ],
1930 silly audit   'which-collection': [ '1.0.2' ],
1930 silly audit   'async-function': [ '1.0.0' ],
1930 silly audit   'generator-function': [ '2.0.1' ],
1930 silly audit   'is-map': [ '2.0.3' ],
1930 silly audit   'is-weakmap': [ '2.0.2' ],
1930 silly audit   'is-weakset': [ '2.0.4' ],
1930 silly audit   'fs.realpath': [ '1.0.0' ],
1930 silly audit   inflight: [ '1.0.6' ],
1930 silly audit   inherits: [ '2.0.4' ],
1930 silly audit   once: [ '1.4.0' ],
1930 silly audit   'path-is-absolute': [ '1.0.1' ],
1930 silly audit   wrappy: [ '1.0.2' ],
1930 silly audit   '@tailwindcss/oxide-wasm32-wasi': [ '4.1.18' ]
1930 silly audit }
1931 verbose reify failed optional dependency /Users/chengfang/Downloads/make money/shopping/node_modules/@unrs/resolver-binding-win32-x64-msvc
1932 silly reify mark deleted [
1932 silly reify   '/Users/chengfang/Downloads/make money/shopping/node_modules/@unrs/resolver-binding-win32-x64-msvc'
1932 silly reify ]
1933 verbose reify failed optional dependency /Users/chengfang/Downloads/make money/shopping/node_modules/@unrs/resolver-binding-win32-ia32-msvc
1934 silly reify mark deleted [
1934 silly reify   '/Users/chengfang/Downloads/make money/shopping/node_modules/@unrs/resolver-binding-win32-ia32-msvc'
1934 silly reify ]
1935 verbose reify failed optional dependency /Users/chengfang/Downloads/make money/shopping/node_modules/@unrs/resolver-binding-win32-arm64-msvc
1936 silly reify mark deleted [
1936 silly reify   '/Users/chengfang/Downloads/make money/shopping/node_modules/@unrs/resolver-binding-win32-arm64-msvc'
1936 silly reify ]
1937 verbose reify failed optional dependency /Users/chengfang/Downloads/make money/shopping/node_modules/@unrs/resolver-binding-wasm32-wasi
1938 silly reify mark deleted [
1938 silly reify   '/Users/chengfang/Downloads/make money/shopping/node_modules/@unrs/resolver-binding-wasm32-wasi'
1938 silly reify ]
1939 verbose reify failed optional dependency /Users/chengfang/Downloads/make money/shopping/node_modules/@unrs/resolver-binding-linux-x64-musl
1940 silly reify mark deleted [
1940 silly reify   '/Users/chengfang/Downloads/make money/shopping/node_modules/@unrs/resolver-binding-linux-x64-musl'
1940 silly reify ]
1941 verbose reify failed optional dependency /Users/chengfang/Downloads/make money/shopping/node_modules/@unrs/resolver-binding-linux-x64-gnu
1942 silly reify mark deleted [
1942 silly reify   '/Users/chengfang/Downloads/make money/shopping/node_modules/@unrs/resolver-binding-linux-x64-gnu'
1942 silly reify ]
1943 verbose reify failed optional dependency /Users/chengfang/Downloads/make money/shopping/node_modules/@unrs/resolver-binding-linux-s390x-gnu
1944 silly reify mark deleted [
1944 silly reify   '/Users/chengfang/Downloads/make money/shopping/node_modules/@unrs/resolver-binding-linux-s390x-gnu'
1944 silly reify ]
1945 verbose reify failed optional dependency /Users/chengfang/Downloads/make money/shopping/node_modules/@unrs/resolver-binding-linux-riscv64-musl
1946 silly reify mark deleted [
1946 silly reify   '/Users/chengfang/Downloads/make money/shopping/node_modules/@unrs/resolver-binding-linux-riscv64-musl'
1946 silly reify ]
1947 verbose reify failed optional dependency /Users/chengfang/Downloads/make money/shopping/node_modules/@unrs/resolver-binding-linux-riscv64-gnu
1948 silly reify mark deleted [
1948 silly reify   '/Users/chengfang/Downloads/make money/shopping/node_modules/@unrs/resolver-binding-linux-riscv64-gnu'
1948 silly reify ]
1949 verbose reify failed optional dependency /Users/chengfang/Downloads/make money/shopping/node_modules/@unrs/resolver-binding-linux-ppc64-gnu
1950 silly reify mark deleted [
1950 silly reify   '/Users/chengfang/Downloads/make money/shopping/node_modules/@unrs/resolver-binding-linux-ppc64-gnu'
1950 silly reify ]
1951 verbose reify failed optional dependency /Users/chengfang/Downloads/make money/shopping/node_modules/@unrs/resolver-binding-linux-arm64-musl
1952 silly reify mark deleted [
1952 silly reify   '/Users/chengfang/Downloads/make money/shopping/node_modules/@unrs/resolver-binding-linux-arm64-musl'
1952 silly reify ]
1953 verbose reify failed optional dependency /Users/chengfang/Downloads/make money/shopping/node_modules/@unrs/resolver-binding-linux-arm64-gnu
1954 silly reify mark deleted [
1954 silly reify   '/Users/chengfang/Downloads/make money/shopping/node_modules/@unrs/resolver-binding-linux-arm64-gnu'
1954 silly reify ]
1955 verbose reify failed optional dependency /Users/chengfang/Downloads/make money/shopping/node_modules/@unrs/resolver-binding-linux-arm-musleabihf
1956 silly reify mark deleted [
1956 silly reify   '/Users/chengfang/Downloads/make money/shopping/node_modules/@unrs/resolver-binding-linux-arm-musleabihf'
1956 silly reify ]
1957 verbose reify failed optional dependency /Users/chengfang/Downloads/make money/shopping/node_modules/@unrs/resolver-binding-linux-arm-gnueabihf
1958 silly reify mark deleted [
1958 silly reify   '/Users/chengfang/Downloads/make money/shopping/node_modules/@unrs/resolver-binding-linux-arm-gnueabihf'
1958 silly reify ]
1959 verbose reify failed optional dependency /Users/chengfang/Downloads/make money/shopping/node_modules/@unrs/resolver-binding-freebsd-x64
1960 silly reify mark deleted [
1960 silly reify   '/Users/chengfang/Downloads/make money/shopping/node_modules/@unrs/resolver-binding-freebsd-x64'
1960 silly reify ]
1961 verbose reify failed optional dependency /Users/chengfang/Downloads/make money/shopping/node_modules/@unrs/resolver-binding-darwin-x64
1962 silly reify mark deleted [
1962 silly reify   '/Users/chengfang/Downloads/make money/shopping/node_modules/@unrs/resolver-binding-darwin-x64'
1962 silly reify ]
1963 verbose reify failed optional dependency /Users/chengfang/Downloads/make money/shopping/node_modules/@unrs/resolver-binding-android-arm64
1964 silly reify mark deleted [
1964 silly reify   '/Users/chengfang/Downloads/make money/shopping/node_modules/@unrs/resolver-binding-android-arm64'
1964 silly reify ]
1965 verbose reify failed optional dependency /Users/chengfang/Downloads/make money/shopping/node_modules/@unrs/resolver-binding-android-arm-eabi
1966 silly reify mark deleted [
1966 silly reify   '/Users/chengfang/Downloads/make money/shopping/node_modules/@unrs/resolver-binding-android-arm-eabi'
1966 silly reify ]
1967 verbose reify failed optional dependency /Users/chengfang/Downloads/make money/shopping/node_modules/@next/swc-win32-x64-msvc
1968 silly reify mark deleted [
1968 silly reify   '/Users/chengfang/Downloads/make money/shopping/node_modules/@next/swc-win32-x64-msvc'
1968 silly reify ]
1969 verbose reify failed optional dependency /Users/chengfang/Downloads/make money/shopping/node_modules/@next/swc-win32-ia32-msvc
1970 silly reify mark deleted [
1970 silly reify   '/Users/chengfang/Downloads/make money/shopping/node_modules/@next/swc-win32-ia32-msvc'
1970 silly reify ]
1971 verbose reify failed optional dependency /Users/chengfang/Downloads/make money/shopping/node_modules/@next/swc-win32-arm64-msvc
1972 silly reify mark deleted [
1972 silly reify   '/Users/chengfang/Downloads/make money/shopping/node_modules/@next/swc-win32-arm64-msvc'
1972 silly reify ]
1973 verbose reify failed optional dependency /Users/chengfang/Downloads/make money/shopping/node_modules/@next/swc-linux-x64-musl
1974 silly reify mark deleted [
1974 silly reify   '/Users/chengfang/Downloads/make money/shopping/node_modules/@next/swc-linux-x64-musl'
1974 silly reify ]
1975 verbose reify failed optional dependency /Users/chengfang/Downloads/make money/shopping/node_modules/@next/swc-linux-x64-gnu
1976 silly reify mark deleted [
1976 silly reify   '/Users/chengfang/Downloads/make money/shopping/node_modules/@next/swc-linux-x64-gnu'
1976 silly reify ]
1977 verbose reify failed optional dependency /Users/chengfang/Downloads/make money/shopping/node_modules/@next/swc-linux-arm64-musl
1978 silly reify mark deleted [
1978 silly reify   '/Users/chengfang/Downloads/make money/shopping/node_modules/@next/swc-linux-arm64-musl'
1978 silly reify ]
1979 verbose reify failed optional dependency /Users/chengfang/Downloads/make money/shopping/node_modules/@next/swc-linux-arm64-gnu
1980 silly reify mark deleted [
1980 silly reify   '/Users/chengfang/Downloads/make money/shopping/node_modules/@next/swc-linux-arm64-gnu'
1980 silly reify ]
1981 verbose reify failed optional dependency /Users/chengfang/Downloads/make money/shopping/node_modules/@next/swc-darwin-x64
1982 silly reify mark deleted [
1982 silly reify   '/Users/chengfang/Downloads/make money/shopping/node_modules/@next/swc-darwin-x64'
1982 silly reify ]
1983 verbose reify failed optional dependency /Users/chengfang/Downloads/make money/shopping/node_modules/lightningcss-win32-x64-msvc
1984 silly reify mark deleted [
1984 silly reify   '/Users/chengfang/Downloads/make money/shopping/node_modules/lightningcss-win32-x64-msvc'
1984 silly reify ]
1985 verbose reify failed optional dependency /Users/chengfang/Downloads/make money/shopping/node_modules/lightningcss-win32-arm64-msvc
1986 silly reify mark deleted [
1986 silly reify   '/Users/chengfang/Downloads/make money/shopping/node_modules/lightningcss-win32-arm64-msvc'
1986 silly reify ]
1987 verbose reify failed optional dependency /Users/chengfang/Downloads/make money/shopping/node_modules/lightningcss-linux-x64-musl
1988 silly reify mark deleted [
1988 silly reify   '/Users/chengfang/Downloads/make money/shopping/node_modules/lightningcss-linux-x64-musl'
1988 silly reify ]
1989 verbose reify failed optional dependency /Users/chengfang/Downloads/make money/shopping/node_modules/lightningcss-linux-x64-gnu
1990 silly reify mark deleted [
1990 silly reify   '/Users/chengfang/Downloads/make money/shopping/node_modules/lightningcss-linux-x64-gnu'
1990 silly reify ]
1991 verbose reify failed optional dependency /Users/chengfang/Downloads/make money/shopping/node_modules/lightningcss-linux-arm64-musl
1992 silly reify mark deleted [
1992 silly reify   '/Users/chengfang/Downloads/make money/shopping/node_modules/lightningcss-linux-arm64-musl'
1992 silly reify ]
1993 verbose reify failed optional dependency /Users/chengfang/Downloads/make money/shopping/node_modules/lightningcss-linux-arm64-gnu
1994 silly reify mark deleted [
1994 silly reify   '/Users/chengfang/Downloads/make money/shopping/node_modules/lightningcss-linux-arm64-gnu'
1994 silly reify ]
1995 verbose reify failed optional dependency /Users/chengfang/Downloads/make money/shopping/node_modules/lightningcss-linux-arm-gnueabihf
1996 silly reify mark deleted [
1996 silly reify   '/Users/chengfang/Downloads/make money/shopping/node_modules/lightningcss-linux-arm-gnueabihf'
1996 silly reify ]
1997 verbose reify failed optional dependency /Users/chengfang/Downloads/make money/shopping/node_modules/lightningcss-freebsd-x64
1998 silly reify mark deleted [
1998 silly reify   '/Users/chengfang/Downloads/make money/shopping/node_modules/lightningcss-freebsd-x64'
1998 silly reify ]
1999 verbose reify failed optional dependency /Users/chengfang/Downloads/make money/shopping/node_modules/lightningcss-darwin-x64
2000 silly reify mark deleted [
2000 silly reify   '/Users/chengfang/Downloads/make money/shopping/node_modules/lightningcss-darwin-x64'
2000 silly reify ]
2001 verbose reify failed optional dependency /Users/chengfang/Downloads/make money/shopping/node_modules/lightningcss-android-arm64
2002 silly reify mark deleted [
2002 silly reify   '/Users/chengfang/Downloads/make money/shopping/node_modules/lightningcss-android-arm64'
2002 silly reify ]
2003 verbose reify failed optional dependency /Users/chengfang/Downloads/make money/shopping/node_modules/@tailwindcss/oxide-win32-x64-msvc
2004 silly reify mark deleted [
2004 silly reify   '/Users/chengfang/Downloads/make money/shopping/node_modules/@tailwindcss/oxide-win32-x64-msvc'
2004 silly reify ]
2005 verbose reify failed optional dependency /Users/chengfang/Downloads/make money/shopping/node_modules/@tailwindcss/oxide-win32-arm64-msvc
2006 silly reify mark deleted [
2006 silly reify   '/Users/chengfang/Downloads/make money/shopping/node_modules/@tailwindcss/oxide-win32-arm64-msvc'
2006 silly reify ]
2007 verbose reify failed optional dependency /Users/chengfang/Downloads/make money/shopping/node_modules/@tailwindcss/oxide-linux-x64-musl
2008 silly reify mark deleted [
2008 silly reify   '/Users/chengfang/Downloads/make money/shopping/node_modules/@tailwindcss/oxide-linux-x64-musl'
2008 silly reify ]
2009 verbose reify failed optional dependency /Users/chengfang/Downloads/make money/shopping/node_modules/@tailwindcss/oxide-linux-x64-gnu
2010 silly reify mark deleted [
2010 silly reify   '/Users/chengfang/Downloads/make money/shopping/node_modules/@tailwindcss/oxide-linux-x64-gnu'
2010 silly reify ]
2011 verbose reify failed optional dependency /Users/chengfang/Downloads/make money/shopping/node_modules/@tailwindcss/oxide-linux-arm64-musl
2012 silly reify mark deleted [
2012 silly reify   '/Users/chengfang/Downloads/make money/shopping/node_modules/@tailwindcss/oxide-linux-arm64-musl'
2012 silly reify ]
2013 verbose reify failed optional dependency /Users/chengfang/Downloads/make money/shopping/node_modules/@tailwindcss/oxide-linux-arm64-gnu
2014 silly reify mark deleted [
2014 silly reify   '/Users/chengfang/Downloads/make money/shopping/node_modules/@tailwindcss/oxide-linux-arm64-gnu'
2014 silly reify ]
2015 verbose reify failed optional dependency /Users/chengfang/Downloads/make money/shopping/node_modules/@tailwindcss/oxide-linux-arm-gnueabihf
2016 silly reify mark deleted [
2016 silly reify   '/Users/chengfang/Downloads/make money/shopping/node_modules/@tailwindcss/oxide-linux-arm-gnueabihf'
2016 silly reify ]
2017 verbose reify failed optional dependency /Users/chengfang/Downloads/make money/shopping/node_modules/@tailwindcss/oxide-freebsd-x64
2018 silly reify mark deleted [
2018 silly reify   '/Users/chengfang/Downloads/make money/shopping/node_modules/@tailwindcss/oxide-freebsd-x64'
2018 silly reify ]
2019 verbose reify failed optional dependency /Users/chengfang/Downloads/make money/shopping/node_modules/@tailwindcss/oxide-darwin-x64
2020 silly reify mark deleted [
2020 silly reify   '/Users/chengfang/Downloads/make money/shopping/node_modules/@tailwindcss/oxide-darwin-x64'
2020 silly reify ]
2021 verbose reify failed optional dependency /Users/chengfang/Downloads/make money/shopping/node_modules/@tailwindcss/oxide-android-arm64
2022 silly reify mark deleted [
2022 silly reify   '/Users/chengfang/Downloads/make money/shopping/node_modules/@tailwindcss/oxide-android-arm64'
2022 silly reify ]
2023 timing reifyNode:node_modules/@unrs/resolver-binding-win32-x64-msvc Completed in 35ms
2024 timing reifyNode:node_modules/@unrs/resolver-binding-win32-ia32-msvc Completed in 35ms
2025 timing reifyNode:node_modules/@unrs/resolver-binding-win32-arm64-msvc Completed in 35ms
2026 timing reifyNode:node_modules/@unrs/resolver-binding-wasm32-wasi Completed in 35ms
2027 timing reifyNode:node_modules/@unrs/resolver-binding-linux-x64-musl Completed in 35ms
2028 timing reifyNode:node_modules/@unrs/resolver-binding-linux-x64-gnu Completed in 35ms
2029 timing reifyNode:node_modules/@unrs/resolver-binding-linux-s390x-gnu Completed in 34ms
2030 timing reifyNode:node_modules/@unrs/resolver-binding-linux-riscv64-musl Completed in 34ms
2031 timing reifyNode:node_modules/@unrs/resolver-binding-linux-riscv64-gnu Completed in 34ms
2032 timing reifyNode:node_modules/@unrs/resolver-binding-linux-ppc64-gnu Completed in 35ms
2033 timing reifyNode:node_modules/@unrs/resolver-binding-linux-arm64-musl Completed in 35ms
2034 timing reifyNode:node_modules/@unrs/resolver-binding-linux-arm64-gnu Completed in 35ms
2035 timing reifyNode:node_modules/@unrs/resolver-binding-linux-arm-musleabihf Completed in 35ms
2036 timing reifyNode:node_modules/@unrs/resolver-binding-linux-arm-gnueabihf Completed in 35ms
2037 timing reifyNode:node_modules/@unrs/resolver-binding-freebsd-x64 Completed in 35ms
2038 timing reifyNode:node_modules/@unrs/resolver-binding-darwin-x64 Completed in 35ms
2039 timing reifyNode:node_modules/@unrs/resolver-binding-android-arm64 Completed in 35ms
2040 timing reifyNode:node_modules/@unrs/resolver-binding-android-arm-eabi Completed in 35ms
2041 timing reifyNode:node_modules/@next/swc-win32-x64-msvc Completed in 33ms
2042 timing reifyNode:node_modules/@next/swc-win32-ia32-msvc Completed in 33ms
2043 timing reifyNode:node_modules/@next/swc-win32-arm64-msvc Completed in 33ms
2044 timing reifyNode:node_modules/@next/swc-linux-x64-musl Completed in 33ms
2045 timing reifyNode:node_modules/@next/swc-linux-x64-gnu Completed in 33ms
2046 timing reifyNode:node_modules/@next/swc-linux-arm64-musl Completed in 33ms
2047 timing reifyNode:node_modules/@next/swc-linux-arm64-gnu Completed in 33ms
2048 timing reifyNode:node_modules/@next/swc-darwin-x64 Completed in 33ms
2049 timing reifyNode:node_modules/lightningcss-win32-x64-msvc Completed in 32ms
2050 timing reifyNode:node_modules/lightningcss-win32-arm64-msvc Completed in 32ms
2051 timing reifyNode:node_modules/lightningcss-linux-x64-musl Completed in 32ms
2052 timing reifyNode:node_modules/lightningcss-linux-x64-gnu Completed in 32ms
2053 timing reifyNode:node_modules/lightningcss-linux-arm64-musl Completed in 32ms
2054 timing reifyNode:node_modules/lightningcss-linux-arm64-gnu Completed in 32ms
2055 timing reifyNode:node_modules/lightningcss-linux-arm-gnueabihf Completed in 32ms
2056 timing reifyNode:node_modules/lightningcss-freebsd-x64 Completed in 32ms
2057 timing reifyNode:node_modules/lightningcss-darwin-x64 Completed in 32ms
2058 timing reifyNode:node_modules/lightningcss-android-arm64 Completed in 32ms
2059 timing reifyNode:node_modules/@tailwindcss/oxide-win32-x64-msvc Completed in 24ms
2060 timing reifyNode:node_modules/@tailwindcss/oxide-win32-arm64-msvc Completed in 24ms
2061 timing reifyNode:node_modules/@tailwindcss/oxide-linux-x64-musl Completed in 24ms
2062 timing reifyNode:node_modules/@tailwindcss/oxide-linux-x64-gnu Completed in 24ms
2063 timing reifyNode:node_modules/@tailwindcss/oxide-linux-arm64-musl Completed in 24ms
2064 timing reifyNode:node_modules/@tailwindcss/oxide-linux-arm64-gnu Completed in 24ms
2065 timing reifyNode:node_modules/@tailwindcss/oxide-linux-arm-gnueabihf Completed in 24ms
2066 timing reifyNode:node_modules/@tailwindcss/oxide-freebsd-x64 Completed in 24ms
2067 timing reifyNode:node_modules/@tailwindcss/oxide-darwin-x64 Completed in 24ms
2068 timing reifyNode:node_modules/@tailwindcss/oxide-android-arm64 Completed in 23ms
2069 silly tarball no local data for path-is-absolute@https://registry.npmjs.org/path-is-absolute/-/path-is-absolute-1.0.1.tgz. Extracting by manifest.
2070 silly tarball no local data for once@https://registry.npmjs.org/once/-/once-1.4.0.tgz. Extracting by manifest.
2071 silly tarball no local data for inflight@https://registry.npmjs.org/inflight/-/inflight-1.0.6.tgz. Extracting by manifest.
2072 silly tarball no local data for inherits@https://registry.npmjs.org/inherits/-/inherits-2.0.4.tgz. Extracting by manifest.
2073 silly tarball no local data for fs.realpath@https://registry.npmjs.org/fs.realpath/-/fs.realpath-1.0.0.tgz. Extracting by manifest.
2074 silly tarball no local data for wrappy@https://registry.npmjs.org/wrappy/-/wrappy-1.0.2.tgz. Extracting by manifest.
2075 silly tarball no local data for ansi-regex@https://registry.npmjs.org/ansi-regex/-/ansi-regex-5.0.1.tgz. Extracting by manifest.
2076 silly tarball no local data for is-fullwidth-code-point@https://registry.npmjs.org/is-fullwidth-code-point/-/is-fullwidth-code-point-3.0.0.tgz. Extracting by manifest.
2077 silly tarball no local data for eastasianwidth@https://registry.npmjs.org/eastasianwidth/-/eastasianwidth-0.2.0.tgz. Extracting by manifest.
2078 silly tarball no local data for scheduler@https://registry.npmjs.org/scheduler/-/scheduler-0.23.2.tgz. Extracting by manifest.
2079 silly tarball no local data for streamsearch@https://registry.npmjs.org/streamsearch/-/streamsearch-1.1.0.tgz. Extracting by manifest.
2080 silly tarball no local data for @swc/counter@https://registry.npmjs.org/@swc/counter/-/counter-0.1.3.tgz. Extracting by manifest.
2081 silly tarball no local data for styled-jsx@https://registry.npmjs.org/styled-jsx/-/styled-jsx-5.1.1.tgz. Extracting by manifest.
2082 silly tarball no local data for @swc/helpers@https://registry.npmjs.org/@swc/helpers/-/helpers-0.5.5.tgz. Extracting by manifest.
2083 silly tarball no local data for @next/swc-darwin-arm64@https://registry.npmjs.org/@next/swc-darwin-arm64/-/swc-darwin-arm64-14.2.16.tgz. Extracting by manifest.
2084 silly tarball no local data for busboy@https://registry.npmjs.org/busboy/-/busboy-1.6.0.tgz. Extracting by manifest.
2085 silly tarball no local data for @next/env@https://registry.npmjs.org/@next/env/-/env-14.2.16.tgz. Extracting by manifest.
2086 silly tarball no local data for wrap-ansi-cjs@https://registry.npmjs.org/wrap-ansi/-/wrap-ansi-7.0.0.tgz. Extracting by manifest.
2087 silly tarball no local data for wrap-ansi@https://registry.npmjs.org/wrap-ansi/-/wrap-ansi-8.1.0.tgz. Extracting by manifest.
2088 silly tarball no local data for string-width-cjs@https://registry.npmjs.org/string-width/-/string-width-4.2.3.tgz. Extracting by manifest.
2089 silly tarball no local data for strip-ansi-cjs@https://registry.npmjs.org/strip-ansi/-/strip-ansi-6.0.1.tgz. Extracting by manifest.
2090 silly tarball no local data for string-width@https://registry.npmjs.org/string-width/-/string-width-5.1.2.tgz. Extracting by manifest.
2091 silly tarball no local data for @isaacs/cliui@https://registry.npmjs.org/@isaacs/cliui/-/cliui-8.0.2.tgz. Extracting by manifest.
2092 silly tarball no local data for @pkgjs/parseargs@https://registry.npmjs.org/@pkgjs/parseargs/-/parseargs-0.11.0.tgz. Extracting by manifest.
2093 silly tarball no local data for type-fest@https://registry.npmjs.org/type-fest/-/type-fest-0.20.2.tgz. Extracting by manifest.
2094 silly tarball no local data for path-scurry@https://registry.npmjs.org/path-scurry/-/path-scurry-1.11.1.tgz. Extracting by manifest.
2095 silly tarball no local data for jackspeak@https://registry.npmjs.org/jackspeak/-/jackspeak-2.3.6.tgz. Extracting by manifest.
2096 silly tarball no local data for rimraf@https://registry.npmjs.org/rimraf/-/rimraf-3.0.2.tgz. Extracting by manifest.
2097 silly tarball no local data for minipass@https://registry.npmjs.org/minipass/-/minipass-7.1.2.tgz. Extracting by manifest.
2098 silly tarball no local data for flat-cache@https://registry.npmjs.org/flat-cache/-/flat-cache-3.2.0.tgz. Extracting by manifest.
2099 silly tarball no local data for glob@https://registry.npmjs.org/glob/-/glob-10.3.10.tgz. Extracting by manifest.
2100 silly tarball no local data for eslint-plugin-react-hooks@https://registry.npmjs.org/eslint-plugin-react-hooks/-/eslint-plugin-react-hooks-5.0.0-canary-7118f5dd7-20230705.tgz. Extracting by manifest.
2101 silly tarball no local data for @next/eslint-plugin-next@https://registry.npmjs.org/@next/eslint-plugin-next/-/eslint-plugin-next-14.2.16.tgz. Extracting by manifest.
2102 silly tarball no local data for @rushstack/eslint-patch@https://registry.npmjs.org/@rushstack/eslint-patch/-/eslint-patch-1.15.0.tgz. Extracting by manifest.
2103 silly tarball no local data for @humanwhocodes/object-schema@https://registry.npmjs.org/@humanwhocodes/object-schema/-/object-schema-2.0.3.tgz. Extracting by manifest.
2104 silly tarball no local data for text-table@https://registry.npmjs.org/text-table/-/text-table-0.2.0.tgz. Extracting by manifest.
2105 silly tarball no local data for strip-ansi@https://registry.npmjs.org/strip-ansi/-/strip-ansi-6.0.1.tgz. Extracting by manifest.
2106 silly tarball no local data for is-path-inside@https://registry.npmjs.org/is-path-inside/-/is-path-inside-3.0.3.tgz. Extracting by manifest.
2107 silly tarball no local data for graphemer@https://registry.npmjs.org/graphemer/-/graphemer-1.4.0.tgz. Extracting by manifest.
2108 silly tarball no local data for globals@https://registry.npmjs.org/globals/-/globals-13.24.0.tgz. Extracting by manifest.
2109 silly tarball no local data for file-entry-cache@https://registry.npmjs.org/file-entry-cache/-/file-entry-cache-6.0.1.tgz. Extracting by manifest.
2110 silly tarball no local data for espree@https://registry.npmjs.org/espree/-/espree-9.6.1.tgz. Extracting by manifest.
2111 silly tarball no local data for eslint-scope@https://registry.npmjs.org/eslint-scope/-/eslint-scope-7.2.2.tgz. Extracting by manifest.
2112 silly tarball no local data for doctrine@https://registry.npmjs.org/doctrine/-/doctrine-3.0.0.tgz. Extracting by manifest.
2113 silly tarball no local data for @humanwhocodes/config-array@https://registry.npmjs.org/@humanwhocodes/config-array/-/config-array-0.11.14.tgz. Extracting by manifest.
2114 silly tarball no local data for @eslint/eslintrc@https://registry.npmjs.org/@eslint/eslintrc/-/eslintrc-2.1.4.tgz. Extracting by manifest.
2115 silly tarball no local data for @eslint/js@https://registry.npmjs.org/@eslint/js/-/js-8.57.0.tgz. Extracting by manifest.
2116 silly tarball no local data for postcss-value-parser@https://registry.npmjs.org/postcss-value-parser/-/postcss-value-parser-4.2.0.tgz. Extracting by manifest.
2117 silly tarball no local data for fraction.js@https://registry.npmjs.org/fraction.js/-/fraction.js-5.3.4.tgz. Extracting by manifest.
2118 silly tarball no local data for @ungap/structured-clone@https://registry.npmjs.org/@ungap/structured-clone/-/structured-clone-1.3.0.tgz. Extracting by manifest.
2119 silly tarball no local data for @types/prop-types@https://registry.npmjs.org/@types/prop-types/-/prop-types-15.7.15.tgz. Extracting by manifest.
2120 silly tarball no local data for next@https://registry.npmjs.org/next/-/next-14.2.16.tgz. Extracting by manifest.
2121 silly tarball no local data for react-dom@https://registry.npmjs.org/react-dom/-/react-dom-18.3.1.tgz. Extracting by manifest.
2122 silly tarball no local data for eslint-config-next@https://registry.npmjs.org/eslint-config-next/-/eslint-config-next-14.2.16.tgz. Extracting by manifest.
2123 silly tarball no local data for eslint@https://registry.npmjs.org/eslint/-/eslint-8.57.0.tgz. Extracting by manifest.
2124 silly tarball no local data for @types/react-dom@https://registry.npmjs.org/@types/react-dom/-/react-dom-18.3.7.tgz. Extracting by manifest.
2125 silly tarball no local data for autoprefixer@https://registry.npmjs.org/autoprefixer/-/autoprefixer-10.4.23.tgz. Extracting by manifest.
2126 silly tarball no local data for react@https://registry.npmjs.org/react/-/react-18.3.1.tgz. Extracting by manifest.
2127 silly tarball no local data for @types/react@https://registry.npmjs.org/@types/react/-/react-18.3.27.tgz. Extracting by manifest.
2128 silly tarball no local data for ansi-styles@https://registry.npmjs.org/ansi-styles/-/ansi-styles-6.2.3.tgz. Extracting by manifest.
2129 silly tarball no local data for strip-ansi@https://registry.npmjs.org/strip-ansi/-/strip-ansi-7.1.2.tgz. Extracting by manifest.
2130 silly tarball no local data for emoji-regex@https://registry.npmjs.org/emoji-regex/-/emoji-regex-8.0.0.tgz. Extracting by manifest.
2131 silly tarball no local data for strip-ansi@https://registry.npmjs.org/strip-ansi/-/strip-ansi-7.1.2.tgz. Extracting by manifest.
2132 silly tarball no local data for ansi-regex@https://registry.npmjs.org/ansi-regex/-/ansi-regex-6.2.2.tgz. Extracting by manifest.
2133 silly tarball no local data for emoji-regex@https://registry.npmjs.org/emoji-regex/-/emoji-regex-8.0.0.tgz. Extracting by manifest.
2134 silly tarball no local data for ansi-regex@https://registry.npmjs.org/ansi-regex/-/ansi-regex-6.2.2.tgz. Extracting by manifest.
2135 silly tarball no local data for ansi-regex@https://registry.npmjs.org/ansi-regex/-/ansi-regex-6.2.2.tgz. Extracting by manifest.
2136 silly tarball no local data for strip-ansi@https://registry.npmjs.org/strip-ansi/-/strip-ansi-7.1.2.tgz. Extracting by manifest.
2137 silly tarball no local data for string-width@https://registry.npmjs.org/string-width/-/string-width-4.2.3.tgz. Extracting by manifest.
2138 silly tarball no local data for lru-cache@https://registry.npmjs.org/lru-cache/-/lru-cache-10.4.3.tgz. Extracting by manifest.
2139 silly tarball no local data for glob@https://registry.npmjs.org/glob/-/glob-7.2.3.tgz. Extracting by manifest.
2140 http fetch POST 200 https://registry.npmjs.org/-/npm/v1/security/advisories/bulk 869ms
2141 timing auditReport:getReport Completed in 875ms
2142 silly audit report {
2142 silly audit report   next: [
2142 silly audit report     {
2142 silly audit report       id: 1101438,
2142 silly audit report       url: 'https://github.com/advisories/GHSA-7m27-7ghc-44w9',
2142 silly audit report       title: 'Next.js Allows a Denial of Service (DoS) with Server Actions',
2142 silly audit report       severity: 'moderate',
2142 silly audit report       vulnerable_versions: '>=14.0.0 <14.2.21',
2142 silly audit report       cwe: [Array],
2142 silly audit report       cvss: [Object]
2142 silly audit report     },
2142 silly audit report     {
2142 silly audit report       id: 1105461,
2142 silly audit report       url: 'https://github.com/advisories/GHSA-3h52-269p-cp9r',
2142 silly audit report       title: 'Information exposure in Next.js dev server due to lack of origin verification',
2142 silly audit report       severity: 'low',
2142 silly audit report       vulnerable_versions: '>=13.0 <14.2.30',
2142 silly audit report       cwe: [Array],
2142 silly audit report       cvss: [Object]
2142 silly audit report     },
2142 silly audit report     {
2142 silly audit report       id: 1111391,
2142 silly audit report       url: 'https://github.com/advisories/GHSA-mwv6-3258-q52c',
2142 silly audit report       title: 'Next Vulnerable to Denial of Service with Server Components',
2142 silly audit report       severity: 'high',
2142 silly audit report       vulnerable_versions: '>=13.3.0 <14.2.34',
2142 silly audit report       cwe: [Array],
2142 silly audit report       cvss: [Object]
2142 silly audit report     },
2142 silly audit report     {
2142 silly audit report       id: 1107226,
2142 silly audit report       url: 'https://github.com/advisories/GHSA-g5qg-72qw-gw5v',
2142 silly audit report       title: 'Next.js Affected by Cache Key Confusion for Image Optimization API Routes',
2142 silly audit report       severity: 'moderate',
2142 silly audit report       vulnerable_versions: '>=0.9.9 <14.2.31',
2142 silly audit report       cwe: [Array],
2142 silly audit report       cvss: [Object]
2142 silly audit report     },
2142 silly audit report     {
2142 silly audit report       id: 1107512,
2142 silly audit report       url: 'https://github.com/advisories/GHSA-4342-x723-ch2f',
2142 silly audit report       title: 'Next.js Improper Middleware Redirect Handling Leads to SSRF',
2142 silly audit report       severity: 'moderate',
2142 silly audit report       vulnerable_versions: '>=0.9.9 <14.2.32',
2142 silly audit report       cwe: [Array],
2142 silly audit report       cvss: [Object]
2142 silly audit report     },
2142 silly audit report     {
2142 silly audit report       id: 1107513,
2142 silly audit report       url: 'https://github.com/advisories/GHSA-xv57-4mr9-wg8v',
2142 silly audit report       title: 'Next.js Content Injection Vulnerability for Image Optimization',
2142 silly audit report       severity: 'moderate',
2142 silly audit report       vulnerable_versions: '>=0.9.9 <14.2.31',
2142 silly audit report       cwe: [Array],
2142 silly audit report       cvss: [Object]
2142 silly audit report     },
2142 silly audit report     {
2142 silly audit report       id: 1112182,
2142 silly audit report       url: 'https://github.com/advisories/GHSA-5j59-xgg2-r9c4',
2142 silly audit report       title: 'Next has a Denial of Service with Server Components - Incomplete Fix Follow-Up',
2142 silly audit report       severity: 'high',
2142 silly audit report       vulnerable_versions: '>=13.3.1-canary.0 <14.2.35',
2142 silly audit report       cwe: [Array],
2142 silly audit report       cvss: [Object]
2142 silly audit report     },
2142 silly audit report     {
2142 silly audit report       id: 1108291,
2142 silly audit report       url: 'https://github.com/advisories/GHSA-qpjv-v59x-3qc4',
2142 silly audit report       title: 'Next.js Race Condition to Cache Poisoning',
2142 silly audit report       severity: 'low',
2142 silly audit report       vulnerable_versions: '>=0.9.9 <14.2.24',
2142 silly audit report       cwe: [Array],
2142 silly audit report       cvss: [Object]
2142 silly audit report     },
2142 silly audit report     {
2142 silly audit report       id: 1108953,
2142 silly audit report       url: 'https://github.com/advisories/GHSA-f82v-jwr5-mffw',
2142 silly audit report       title: 'Authorization Bypass in Next.js Middleware',
2142 silly audit report       severity: 'critical',
2142 silly audit report       vulnerable_versions: '>=14.0.0 <14.2.25',
2142 silly audit report       cwe: [Array],
2142 silly audit report       cvss: [Object]
2142 silly audit report     }
2142 silly audit report   ],
2142 silly audit report   glob: [
2142 silly audit report     {
2142 silly audit report       id: 1109842,
2142 silly audit report       url: 'https://github.com/advisories/GHSA-5j98-mcp5-4vw2',
2142 silly audit report       title: 'glob CLI: Command injection via -c/--cmd executes matches with shell:true',
2142 silly audit report       severity: 'high',
2142 silly audit report       vulnerable_versions: '>=10.2.0 <10.5.0',
2142 silly audit report       cwe: [Array],
2142 silly audit report       cvss: [Object]
2142 silly audit report     }
2142 silly audit report   ]
2142 silly audit report }
2143 timing metavuln:packument:next Completed in 3ms
2144 timing metavuln:packument:glob Completed in 0ms
2145 timing metavuln:cache:get:security-advisory:next:NpdQYf+4OaOvlNiZgkhHLNCcOTe84gjeay11sdJQ2HSe2hRovddeIJqZfGwiLh+ns7klO1J2oxhVS+ou+h9gmw== Completed in 12ms
2146 timing metavuln:load:security-advisory:next:1101438 Completed in 48ms
2147 timing metavuln:cache:get:security-advisory:next:WrVaG6WkSvpCYPPQKNUv2SLuXz5XL9xKn9KHPtqw/Y+V4JFUbfvGu7iPZR/4d1/dHzlII2csAkP3UXbKSPpZTA== Completed in 61ms
2148 timing metavuln:load:security-advisory:next:1105461 Completed in 50ms
2149 timing metavuln:cache:get:security-advisory:next:kXDE+ksbJYUI4TFImWPb/49o4hwXXT1nqPUeSTV/SE/IB3qFFazOXmXgn5PPbKkz9ewVGi6qMNNgGfrNX4hqIg== Completed in 111ms
2150 timing metavuln:load:security-advisory:next:1111391 Completed in 45ms
2151 timing metavuln:cache:get:security-advisory:next:WQCkHVGQkg6zsfYbmLOI+zBNEYhu4v1g6kXs5vVSFeehybhiXOKxuSPsV71Q4mBoY+gct03Ww794KjXwXHvGWA== Completed in 157ms
2152 timing metavuln:load:security-advisory:next:1107226 Completed in 74ms
2153 timing metavuln:cache:get:security-advisory:next:+SMXIcdP7mb700j3lAUXRoUbwPUmDwsGMfkqi8EBxAInsFmBr7fDz7ceH3WCcBFoF44s9qJcAZp3YRfZSyk8qw== Completed in 229ms
2154 timing metavuln:load:security-advisory:next:1107512 Completed in 44ms
2155 timing metavuln:cache:get:security-advisory:next:VmINk4sjQ5jqxRvJ2axYcaD3FqreNBMC4jAobfjDjUAn5dOOUzgsn/LLTyEYZvi7HDGR/ppGR9Jxp8UWVvHDIw== Completed in 274ms
2156 timing metavuln:load:security-advisory:next:1107513 Completed in 74ms
2157 timing metavuln:cache:get:security-advisory:next:m1juSglhJQv6nr2Qd3fhaBRO3xSWDkIwePr5Y8MKgwiMDtGjVAtSoOHMXp3f9z6nPLepu8CsJK3YosBO7hEskA== Completed in 349ms
2158 timing metavuln:load:security-advisory:next:1112182 Completed in 37ms
2159 timing metavuln:cache:get:security-advisory:next:3YEnowU0F/efIZFkDoFxQZjNq2qcmakBCRjEbrgPcrnqNOUxoJgvhg+PrXGQZbW/4yvsmMJX4gbpxuAhPD8bvg== Completed in 388ms
2160 timing metavuln:load:security-advisory:next:1108291 Completed in 47ms
2161 timing metavuln:cache:get:security-advisory:next:n5a9KQ6qrNT6JQ44Rf2Xtzz6WJl955smjsX9drReW2YE8Ijlcs8Nw86TABEapCU3g0czO4BxXFB5ulSPlPgU9w== Completed in 436ms
2162 timing metavuln:load:security-advisory:next:1108953 Completed in 37ms
2163 timing metavuln:cache:get:security-advisory:glob:NTB2XjbDOgk4lkd8PZ3tUAm1F3E/ohGF6rl9/3LEO7Z0FDzSR5nWwzd3nUENA3NCNdyeR+35DOC12wPml2IV+g== Completed in 474ms
2164 timing metavuln:load:security-advisory:glob:1109842 Completed in 2ms
2165 timing reifyNode:node_modules/client-only Completed in 1395ms
2166 timing reifyNode:node_modules/natural-compare Completed in 1394ms
2167 timing reifyNode:node_modules/strip-bom Completed in 1415ms
2168 timing reifyNode:node_modules/@types/json5 Completed in 1417ms
2169 timing reifyNode:node_modules/isarray Completed in 1416ms
2170 timing reifyNode:node_modules/path-parse Completed in 1417ms
2171 timing reifyNode:node_modules/object-assign Completed in 1417ms
2172 timing reifyNode:node_modules/fast-levenshtein Completed in 1417ms
2173 timing reifyNode:node_modules/brace-expansion Completed in 1417ms
2174 timing reifyNode:node_modules/resolve-from Completed in 1415ms
2175 timing reifyNode:node_modules/is-extglob Completed in 1415ms
2176 timing reifyNode:node_modules/parent-module Completed in 1425ms
2177 timing reifyNode:node_modules/@nolyfill/is-core-module Completed in 1424ms
2178 timing reifyNode:node_modules/eslint-import-resolver-node Completed in 1423ms
2179 timing reifyNode:node_modules/shebang-command Completed in 1423ms
2180 timing reifyNode:node_modules/ms Completed in 1423ms
2181 timing reifyNode:node_modules/color-name Completed in 1423ms
2182 timing reifyNode:node_modules/run-parallel Completed in 1422ms
2183 timing reifyNode:node_modules/imurmurhash Completed in 1423ms
2184 timing reifyNode:node_modules/glob-parent Completed in 1423ms
2185 timing reifyNode:node_modules/@types/phoenix Completed in 1422ms
2186 timing reifyNode:node_modules/has-flag Completed in 1436ms
2187 timing reifyNode:node_modules/shebang-regex Completed in 1435ms
2188 timing reifyNode:node_modules/queue-microtask Completed in 1435ms
2189 timing reifyNode:node_modules/callsites Completed in 1435ms
2190 timing reifyNode:node_modules/word-wrap Completed in 1435ms
2191 timing reifyNode:node_modules/yocto-queue Completed in 1435ms
2192 timing reifyNode:node_modules/p-limit Completed in 1435ms
2193 timing reifyNode:node_modules/oidc-token-hash Completed in 1434ms
2194 timing reifyNode:node_modules/lru-cache Completed in 1435ms
2195 timing reifyNode:node_modules/p-locate Completed in 1435ms
2196 timing reifyNode:node_modules/locate-path Completed in 1434ms
2197 timing reifyNode:node_modules/path-exists Completed in 1434ms
2198 timing reifyNode:node_modules/path-key Completed in 1446ms
2199 timing reifyNode:node_modules/supports-color Completed in 1446ms
2200 timing reifyNode:node_modules/strip-json-comments Completed in 1446ms
2201 timing reifyNode:node_modules/import-fresh Completed in 1446ms
2202 timing reifyNode:node_modules/find-up Completed in 1446ms
2203 timing reifyNode:node_modules/is-glob Completed in 1447ms
2204 timing reifyNode:node_modules/escape-string-regexp Completed in 1447ms
2205 timing reifyNode:node_modules/js-tokens Completed in 1461ms
2206 timing reifyNode:node_modules/@prisma/engines-version Completed in 1466ms
2207 timing reifyNode:node_modules/yallist Completed in 1468ms
2208 timing reifyNode:node_modules/balanced-match Completed in 1468ms
2209 timing reifyNode:node_modules/esrecurse Completed in 1467ms
2210 timing reifyNode:node_modules/@rtsao/scc Completed in 1470ms
2211 timing reifyNode:node_modules/stable-hash Completed in 1471ms
2212 timing reifyNode:node_modules/ansi-styles Completed in 1471ms
2213 timing reifyNode:node_modules/@tailwindcss/oxide Completed in 1472ms
2214 timing reifyNode:node_modules/@alloc/quick-lru Completed in 1484ms
2215 timing reifyNode:node_modules/@typescript-eslint/typescript-estree/node_modules/brace-expansion Completed in 1490ms
2216 timing reifyNode:node_modules/glob/node_modules/brace-expansion Completed in 1490ms
2217 timing reifyNode:node_modules/cookie Completed in 1500ms
2218 timing reifyNode:node_modules/json-buffer Completed in 1500ms
2219 timing reifyNode:node_modules/keyv Completed in 1500ms
2220 timing reifyNode:node_modules/which Completed in 1502ms
2221 timing reifyNode:node_modules/minimatch Completed in 1502ms
2222 timing reifyNode:node_modules/graceful-fs Completed in 1501ms
2223 timing reifyNode:node_modules/picocolors Completed in 1502ms
2224 timing reifyNode:node_modules/loose-envify Completed in 1520ms
2225 timing reifyNode:node_modules/resolve-pkg-maps Completed in 1518ms
2226 timing reifyNode:node_modules/type-check Completed in 1519ms
2227 timing reifyNode:node_modules/acorn-jsx Completed in 1519ms
2228 timing reifyNode:node_modules/unrs-resolver Completed in 1519ms
2229 timing reifyNode:node_modules/@typescript-eslint/parser Completed in 1520ms
2230 timing reifyNode:node_modules/lodash.merge Completed in 1520ms
2231 timing reifyNode:node_modules/punycode Completed in 1538ms
2232 timing reifyNode:node_modules/concat-map Completed in 1536ms
2233 timing reifyNode:node_modules/pretty-format Completed in 1539ms
2234 timing reifyNode:node_modules/damerau-levenshtein Completed in 1535ms
2235 timing reifyNode:node_modules/language-tags Completed in 1535ms
2236 timing reifyNode:node_modules/debug Completed in 1551ms
2237 timing reifyNode:node_modules/levn Completed in 1554ms
2238 timing reifyNode:node_modules/color-convert Completed in 1555ms
2239 timing reifyNode:node_modules/@types/ws Completed in 1554ms
2240 timing reifyNode:node_modules/isexe Completed in 1570ms
2241 timing reifyNode:node_modules/object-hash Completed in 1569ms
2242 timing reifyNode:node_modules/@prisma/debug Completed in 1571ms
2243 timing reifyNode:node_modules/estraverse Completed in 1571ms
2244 timing reifyNode:node_modules/@typescript-eslint/project-service Completed in 1578ms
2245 timing reifyNode:node_modules/@typescript-eslint/tsconfig-utils Completed in 1584ms
2246 timing reifyNode:node_modules/@typescript-eslint/visitor-keys Completed in 1586ms
2247 timing reifyNode:node_modules/update-browserslist-db Completed in 1585ms
2248 timing reifyNode:node_modules/react-is Completed in 1605ms
2249 timing reifyNode:node_modules/deep-is Completed in 1617ms
2250 timing reifyNode:node_modules/detect-libc Completed in 1618ms
2251 timing reifyNode:node_modules/hasown Completed in 1632ms
2252 timing reifyNode:node_modules/is-bun-module Completed in 1632ms
2253 timing reifyNode:node_modules/optionator Completed in 1632ms
2254 timing reifyNode:node_modules/chalk Completed in 1631ms
2255 timing reifyNode:node_modules/cross-spawn Completed in 1631ms
2256 timing reifyNode:node_modules/clsx Completed in 1633ms
2257 timing reifyNode:node_modules/supports-preserve-symlinks-flag Completed in 1656ms
2258 timing reifyNode:node_modules/set-function-name Completed in 1673ms
2259 timing reifyNode:node_modules/iterator.prototype Completed in 1672ms
2260 timing reifyNode:node_modules/possible-typed-array-names Completed in 1672ms
2261 http fetch GET 200 https://registry.npmjs.org/inflight/-/inflight-1.0.6.tgz 1627ms (cache miss)
2262 warn deprecated inflight@1.0.6: This module is not supported, and leaks memory. Do not use it. Check out lru-cache if you want a good and tested way to coalesce async requests by a key value, which is much more comprehensive and powerful.
2263 timing reifyNode:node_modules/inflight Completed in 1685ms
2264 http fetch GET 200 https://registry.npmjs.org/once/-/once-1.4.0.tgz 1630ms (cache miss)
2265 timing reifyNode:node_modules/once Completed in 1688ms
2266 http fetch GET 200 https://registry.npmjs.org/inherits/-/inherits-2.0.4.tgz 1629ms (cache miss)
2267 timing reifyNode:node_modules/inherits Completed in 1688ms
2268 http fetch GET 200 https://registry.npmjs.org/path-is-absolute/-/path-is-absolute-1.0.1.tgz 1632ms (cache miss)
2269 timing reifyNode:node_modules/path-is-absolute Completed in 1690ms
2270 http fetch GET 200 https://registry.npmjs.org/is-fullwidth-code-point/-/is-fullwidth-code-point-3.0.0.tgz 1631ms (cache miss)
2271 timing reifyNode:node_modules/is-fullwidth-code-point Completed in 1688ms
2272 timing reifyNode:node_modules/define-properties Completed in 1689ms
2273 timing reifyNode:node_modules/tinyglobby Completed in 1688ms
2274 timing reifyNode:node_modules/node-releases Completed in 1689ms
2275 timing reifyNode:node_modules/@jridgewell/resolve-uri Completed in 1689ms
2276 timing reifyNode:node_modules/ignore Completed in 1694ms
2277 timing reifyNode:node_modules/eslint-plugin-react/node_modules/semver Completed in 1697ms
2278 timing reifyNode:node_modules/@typescript-eslint/eslint-plugin/node_modules/ignore Completed in 1697ms
2279 timing reifyNode:node_modules/eslint-plugin-import/node_modules/semver Completed in 1698ms
2280 timing reifyNode:node_modules/escalade Completed in 1710ms
2281 timing reifyNode:node_modules/ast-types-flow Completed in 1715ms
2282 timing reifyNode:node_modules/typed-array-length Completed in 1714ms
2283 timing reifyNode:node_modules/typed-array-byte-length Completed in 1716ms
2284 timing reifyNode:node_modules/safe-regex-test Completed in 1716ms
2285 timing reifyNode:node_modules/typed-array-buffer Completed in 1717ms
2286 timing reifyNode:node_modules/stop-iteration-iterator Completed in 1721ms
2287 timing reifyNode:node_modules/es-set-tostringtag Completed in 1720ms
2288 http fetch GET 200 https://registry.npmjs.org/@swc/counter/-/counter-0.1.3.tgz 1670ms (cache miss)
2289 timing reifyNode:node_modules/@swc/counter Completed in 1727ms
2290 timing reifyNode:node_modules/safe-push-apply Completed in 1724ms
2291 timing reifyNode:node_modules/has-property-descriptors Completed in 1726ms
2292 timing reifyNode:node_modules/json-schema-traverse Completed in 1725ms
2293 timing reifyNode:node_modules/eslint-import-resolver-node/node_modules/debug Completed in 1768ms
2294 timing reifyNode:node_modules/eslint-plugin-import/node_modules/debug Completed in 1792ms
2295 timing reifyNode:node_modules/call-bound Completed in 1795ms
2296 timing reifyNode:node_modules/eslint-module-utils/node_modules/debug Completed in 1794ms
2297 timing reifyNode:node_modules/side-channel-weakmap Completed in 1802ms
2298 timing reifyNode:node_modules/fdir Completed in 1803ms
2299 timing reifyNode:node_modules/is-async-function Completed in 1805ms
2300 timing reifyNode:node_modules/functions-have-names Completed in 1808ms
2301 timing reifyNode:node_modules/is-typed-array Completed in 1814ms
2302 timing reifyNode:node_modules/is-negative-zero Completed in 1816ms
2303 http fetch GET 200 https://registry.npmjs.org/wrappy/-/wrappy-1.0.2.tgz 1781ms (cache miss)
2304 timing reifyNode:node_modules/wrappy Completed in 1841ms
2305 timing reifyNode:node_modules/is-regex Completed in 1849ms
2306 http fetch GET 200 https://registry.npmjs.org/ansi-regex/-/ansi-regex-5.0.1.tgz 1801ms (cache miss)
2307 timing reifyNode:node_modules/ansi-regex Completed in 1859ms
2308 timing reifyNode:node_modules/is-core-module Completed in 1860ms
2309 timing reifyNode:node_modules/fast-deep-equal Completed in 1862ms
2310 timing reifyNode:node_modules/esutils Completed in 1865ms
2311 timing reifyNode:node_modules/@humanwhocodes/module-importer Completed in 1865ms
2312 http fetch GET 200 https://registry.npmjs.org/eastasianwidth/-/eastasianwidth-0.2.0.tgz 1830ms (cache miss)
2313 timing reifyNode:node_modules/eastasianwidth Completed in 1890ms
2314 timing reifyNode:node_modules/@tailwindcss/postcss Completed in 1878ms
2315 timing reifyNode:node_modules/which-collection Completed in 1894ms
2316 timing reifyNode:node_modules/is-bigint Completed in 1893ms
2317 timing reifyNode:node_modules/is-finalizationregistry Completed in 1894ms
2318 timing reifyNode:node_modules/has-bigints Completed in 1897ms
2319 timing reifyNode:node_modules/side-channel-list Completed in 1896ms
2320 timing reifyNode:node_modules/which-builtin-type Completed in 1897ms
2321 timing reifyNode:node_modules/prelude-ls Completed in 1896ms
2322 timing reifyNode:node_modules/typed-array-byte-offset Completed in 1893ms
2323 timing reifyNode:node_modules/own-keys Completed in 1893ms
2324 timing reifyNode:node_modules/safe-array-concat Completed in 1893ms
2325 timing reifyNode:node_modules/is-shared-array-buffer Completed in 1893ms
2326 timing reifyNode:node_modules/is-array-buffer Completed in 1893ms
2327 timing reifyNode:node_modules/is-weakref Completed in 1893ms
2328 timing reifyNode:node_modules/data-view-buffer Completed in 1892ms
2329 http fetch GET 200 https://registry.npmjs.org/strip-ansi/-/strip-ansi-6.0.1.tgz 1839ms (cache miss)
2330 timing reifyNode:node_modules/strip-ansi-cjs Completed in 1898ms
2331 http fetch GET 200 https://registry.npmjs.org/fs.realpath/-/fs.realpath-1.0.0.tgz 1846ms (cache miss)
2332 timing reifyNode:node_modules/fs.realpath Completed in 1905ms
2333 http fetch GET 200 https://registry.npmjs.org/string-width/-/string-width-4.2.3.tgz 1841ms (cache miss)
2334 timing reifyNode:node_modules/string-width-cjs Completed in 1899ms
2335 timing reifyNode:node_modules/data-view-byte-offset Completed in 1894ms
2336 timing reifyNode:node_modules/data-view-byte-length Completed in 1895ms
2337 timing reifyNode:node_modules/array-buffer-byte-length Completed in 1895ms
2338 timing reifyNode:node_modules/es-define-property Completed in 1895ms
2339 timing reifyNode:node_modules/available-typed-arrays Completed in 1895ms
2340 timing reifyNode:node_modules/set-function-length Completed in 1896ms
2341 timing reifyNode:node_modules/eslint-visitor-keys Completed in 1894ms
2342 timing reifyNode:node_modules/browserslist Completed in 1893ms
2343 timing reifyNode:node_modules/is-weakmap Completed in 1910ms
2344 timing reifyNode:node_modules/@typescript-eslint/visitor-keys/node_modules/eslint-visitor-keys Completed in 1898ms
2345 timing reifyNode:node_modules/is-generator-function Completed in 1910ms
2346 timing reifyNode:node_modules/which-boxed-primitive Completed in 1908ms
2347 timing reifyNode:node_modules/side-channel-map Completed in 1907ms
2348 timing reifyNode:node_modules/is-number-object Completed in 1910ms
2349 timing reifyNode:node_modules/side-channel Completed in 1907ms
2350 timing reifyNode:node_modules/is-symbol Completed in 1907ms
2351 timing reifyNode:node_modules/is-date-object Completed in 1908ms
2352 timing reifyNode:node_modules/unbox-primitive Completed in 1907ms
2353 timing reifyNode:node_modules/fsevents Completed in 1913ms
2354 timing reifyNode:node_modules/is-data-view Completed in 1907ms
2355 timing reifyNode:node_modules/is-callable Completed in 1907ms
2356 timing reifyNode:node_modules/internal-slot Completed in 1908ms
2357 timing metavuln:cache:put:security-advisory:next:WQCkHVGQkg6zsfYbmLOI+zBNEYhu4v1g6kXs5vVSFeehybhiXOKxuSPsV71Q4mBoY+gct03Ww794KjXwXHvGWA== Completed in 818ms
2358 timing metavuln:calculate:security-advisory:next:1107226 Completed in 1049ms
2359 timing metavuln:cache:put:security-advisory:next:+SMXIcdP7mb700j3lAUXRoUbwPUmDwsGMfkqi8EBxAInsFmBr7fDz7ceH3WCcBFoF44s9qJcAZp3YRfZSyk8qw== Completed in 773ms
2360 timing metavuln:calculate:security-advisory:next:1107512 Completed in 1046ms
2361 timing metavuln:cache:put:security-advisory:next:kXDE+ksbJYUI4TFImWPb/49o4hwXXT1nqPUeSTV/SE/IB3qFFazOXmXgn5PPbKkz9ewVGi6qMNNgGfrNX4hqIg== Completed in 893ms
2362 timing metavuln:calculate:security-advisory:next:1111391 Completed in 1049ms
2363 timing metavuln:cache:put:security-advisory:next:WrVaG6WkSvpCYPPQKNUv2SLuXz5XL9xKn9KHPtqw/Y+V4JFUbfvGu7iPZR/4d1/dHzlII2csAkP3UXbKSPpZTA== Completed in 938ms
2364 timing metavuln:calculate:security-advisory:next:1105461 Completed in 1050ms
2365 timing metavuln:cache:put:security-advisory:next:n5a9KQ6qrNT6JQ44Rf2Xtzz6WJl955smjsX9drReW2YE8Ijlcs8Nw86TABEapCU3g0czO4BxXFB5ulSPlPgU9w== Completed in 574ms
2366 timing metavuln:calculate:security-advisory:next:1108953 Completed in 1047ms
2367 timing metavuln:cache:put:security-advisory:next:VmINk4sjQ5jqxRvJ2axYcaD3FqreNBMC4jAobfjDjUAn5dOOUzgsn/LLTyEYZvi7HDGR/ppGR9Jxp8UWVvHDIw== Completed in 699ms
2368 timing metavuln:calculate:security-advisory:next:1107513 Completed in 1047ms
2369 timing metavuln:cache:put:security-advisory:glob:NTB2XjbDOgk4lkd8PZ3tUAm1F3E/ohGF6rl9/3LEO7Z0FDzSR5nWwzd3nUENA3NCNdyeR+35DOC12wPml2IV+g== Completed in 571ms
2370 timing metavuln:calculate:security-advisory:glob:1109842 Completed in 1047ms
2371 http fetch GET 200 https://registry.npmjs.org/string-width/-/string-width-5.1.2.tgz 1854ms (cache miss)
2372 timing reifyNode:node_modules/string-width Completed in 1913ms
2373 timing metavuln:cache:put:security-advisory:next:3YEnowU0F/efIZFkDoFxQZjNq2qcmakBCRjEbrgPcrnqNOUxoJgvhg+PrXGQZbW/4yvsmMJX4gbpxuAhPD8bvg== Completed in 612ms
2374 timing metavuln:calculate:security-advisory:next:1108291 Completed in 1047ms
2375 timing metavuln:cache:put:security-advisory:next:m1juSglhJQv6nr2Qd3fhaBRO3xSWDkIwePr5Y8MKgwiMDtGjVAtSoOHMXp3f9z6nPLepu8CsJK3YosBO7hEskA== Completed in 661ms
2376 timing metavuln:calculate:security-advisory:next:1112182 Completed in 1047ms
2377 timing reifyNode:node_modules/gopd Completed in 1909ms
2378 timing reifyNode:node_modules/object-keys Completed in 1910ms
2379 timing reifyNode:node_modules/es-shim-unscopables Completed in 1910ms
2380 timing reifyNode:node_modules/is-string Completed in 1910ms
2381 timing reifyNode:node_modules/call-bind Completed in 1911ms
2382 timing reifyNode:node_modules/is-weakset Completed in 1925ms
2383 timing reifyNode:node_modules/is-map Completed in 1926ms
2384 timing reifyNode:node_modules/async-function Completed in 1928ms
2385 timing reifyNode:node_modules/reflect.getprototypeof Completed in 1926ms
2386 timing reifyNode:node_modules/picomatch Completed in 1929ms
2387 timing reifyNode:node_modules/dunder-proto Completed in 1934ms
2388 timing reifyNode:node_modules/string.prototype.repeat Completed in 1936ms
2389 timing reifyNode:node_modules/string.prototype.trimstart Completed in 1934ms
2390 timing reifyNode:node_modules/is-set Completed in 1934ms
2391 timing reifyNode:node_modules/get-symbol-description Completed in 1935ms
2392 http fetch GET 200 https://registry.npmjs.org/rimraf/-/rimraf-3.0.2.tgz 1879ms (cache miss)
2393 warn deprecated rimraf@3.0.2: Rimraf versions prior to v4 are no longer supported
2394 timing reifyNode:node_modules/rimraf Completed in 1939ms
2395 http fetch GET 200 https://registry.npmjs.org/@next/env/-/env-14.2.16.tgz 1883ms (cache miss)
2396 timing reifyNode:node_modules/@next/env Completed in 1941ms
2397 http fetch GET 200 https://registry.npmjs.org/wrap-ansi/-/wrap-ansi-7.0.0.tgz 1882ms (cache miss)
2398 timing reifyNode:node_modules/wrap-ansi-cjs Completed in 1941ms
2399 timing reifyNode:node_modules/object.fromentries Completed in 1936ms
2400 timing reifyNode:node_modules/define-data-property Completed in 1937ms
2401 timing reifyNode:node_modules/get-intrinsic Completed in 1937ms
2402 timing reifyNode:node_modules/eslint-import-resolver-typescript Completed in 1936ms
2403 timing reifyNode:node_modules/is-boolean-object Completed in 1951ms
2404 timing reifyNode:node_modules/@prisma/engines Completed in 1960ms
2405 timing reifyNode:node_modules/argparse Completed in 1960ms
2406 timing reifyNode:node_modules/has-proto Completed in 1957ms
2407 http fetch GET 200 https://registry.npmjs.org/wrap-ansi/-/wrap-ansi-8.1.0.tgz 1904ms (cache miss)
2408 timing reifyNode:node_modules/wrap-ansi Completed in 1963ms
2409 timing metavuln:cache:put:security-advisory:next:NpdQYf+4OaOvlNiZgkhHLNCcOTe84gjeay11sdJQ2HSe2hRovddeIJqZfGwiLh+ns7klO1J2oxhVS+ou+h9gmw== Completed in 1040ms
2410 timing metavuln:calculate:security-advisory:next:1101438 Completed in 1100ms
2411 timing metavuln:packument:next-auth Completed in 0ms
2412 timing reifyNode:node_modules/arraybuffer.prototype.slice Completed in 1983ms
2413 timing reifyNode:node_modules/function-bind Completed in 1983ms
2414 timing reifyNode:node_modules/es-object-atoms Completed in 1985ms
2415 http fetch GET 200 https://registry.npmjs.org/is-path-inside/-/is-path-inside-3.0.3.tgz 1926ms (cache miss)
2416 timing reifyNode:node_modules/is-path-inside Completed in 1986ms
2417 http fetch GET 200 https://registry.npmjs.org/globals/-/globals-13.24.0.tgz 1927ms (cache miss)
2418 timing reifyNode:node_modules/globals Completed in 1986ms
2419 http fetch GET 200 https://registry.npmjs.org/flat-cache/-/flat-cache-3.2.0.tgz 1938ms (cache miss)
2420 timing reifyNode:node_modules/flat-cache Completed in 1998ms
2421 timing reifyNode:node_modules/generator-function Completed in 2004ms
2422 timing reifyNode:node_modules/eslint-plugin-react/node_modules/doctrine Completed in 1993ms
2423 timing reifyNode:node_modules/json5 Completed in 2003ms
2424 timing reifyNode:node_modules/for-each Completed in 2003ms
2425 timing reifyNode:node_modules/eslint-plugin-import/node_modules/doctrine Completed in 1993ms
2426 timing reifyNode:node_modules/set-proto Completed in 1998ms
2427 timing reifyNode:node_modules/get-proto Completed in 1998ms
2428 http fetch GET 200 https://registry.npmjs.org/strip-ansi/-/strip-ansi-6.0.1.tgz 1936ms (cache miss)
2429 timing reifyNode:node_modules/strip-ansi Completed in 1995ms
2430 timing metavuln:cache:get:security-advisory:next-auth:VmjwJPp1utFIzR6BZWpcRGY41iefwxjgKHJ0YS0pX40lxnpwnBajChMZ/rkQuBRpjYhh2Cyu3HLYvlhFjEeWdA== Completed in 18ms
2431 timing metavuln:load:security-advisory:next-auth:NpdQYf+4OaOvlNiZgkhHLNCcOTe84gjeay11sdJQ2HSe2hRovddeIJqZfGwiLh+ns7klO1J2oxhVS+ou+h9gmw== Completed in 79ms
2432 timing reifyNode:node_modules/string.prototype.trimend Completed in 2079ms
2433 timing reifyNode:node_modules/prop-types Completed in 2090ms
2434 timing reifyNode:node_modules/array.prototype.tosorted Completed in 2092ms
2435 timing reifyNode:node_modules/which-typed-array Completed in 2093ms
2436 timing reifyNode:node_modules/globalthis Completed in 2092ms
2437 http fetch GET 200 https://registry.npmjs.org/@isaacs/cliui/-/cliui-8.0.2.tgz 2037ms (cache miss)
2438 timing reifyNode:node_modules/@isaacs/cliui Completed in 2096ms
2439 timing reifyNode:node_modules/object.values Completed in 2092ms
2440 timing reifyNode:node_modules/object.groupby Completed in 2091ms
2441 timing reifyNode:node_modules/array.prototype.findlastindex Completed in 2091ms
2442 timing reifyNode:node_modules/json-stable-stringify-without-jsonify Completed in 2089ms
2443 http fetch GET 200 https://registry.npmjs.org/eslint-plugin-react-hooks/-/eslint-plugin-react-hooks-5.0.0-canary-7118f5dd7-20230705.tgz 2033ms (cache miss)
2444 timing reifyNode:node_modules/array.prototype.flat Completed in 2092ms
2445 http fetch GET 200 https://registry.npmjs.org/postcss-value-parser/-/postcss-value-parser-4.2.0.tgz 2031ms (cache miss)
2446 timing reifyNode:node_modules/reusify Completed in 2100ms
2447 timing reifyNode:node_modules/has-tostringtag Completed in 2099ms
2448 timing reifyNode:node_modules/string.prototype.trim Completed in 2100ms
2449 http fetch GET 200 https://registry.npmjs.org/@humanwhocodes/object-schema/-/object-schema-2.0.3.tgz 2040ms (cache miss)
2450 warn deprecated @humanwhocodes/object-schema@2.0.3: Use @eslint/object-schema instead
2451 timing reifyNode:node_modules/@humanwhocodes/object-schema Completed in 2101ms
2452 http fetch GET 200 https://registry.npmjs.org/streamsearch/-/streamsearch-1.1.0.tgz 2053ms (cache miss)
2453 timing reifyNode:node_modules/streamsearch Completed in 2110ms
2454 timing reifyNode:node_modules/array-includes Completed in 2109ms
2455 timing reifyNode:node_modules/get-tsconfig Completed in 2110ms
2456 timing reifyNode:node_modules/fastq Completed in 2116ms
2457 timing reifyNode:node_modules/bcryptjs Completed in 2118ms
2458 timing reifyNode:node_modules/flatted Completed in 2129ms
2459 timing reifyNode:node_modules/string.prototype.matchall Completed in 2128ms
2460 timing reifyNode:node_modules/regexp.prototype.flags Completed in 2127ms
2461 timing reifyNode:node_modules/fast-json-stable-stringify Completed in 2126ms
2462 http fetch GET 200 https://registry.npmjs.org/text-table/-/text-table-0.2.0.tgz 2069ms (cache miss)
2463 http fetch GET 200 https://registry.npmjs.org/@eslint/js/-/js-8.57.0.tgz 2066ms (cache miss)
2464 timing reifyNode:node_modules/@eslint/js Completed in 2127ms
2465 http fetch GET 200 https://registry.npmjs.org/@types/prop-types/-/prop-types-15.7.15.tgz 2066ms (cache miss)
2466 timing reifyNode:node_modules/@types/prop-types Completed in 2127ms
2467 http fetch GET 200 https://registry.npmjs.org/@humanwhocodes/config-array/-/config-array-0.11.14.tgz 2067ms (cache miss)
2468 warn deprecated @humanwhocodes/config-array@0.11.14: Use @eslint/config-array instead
2469 timing reifyNode:node_modules/@humanwhocodes/config-array Completed in 2127ms
2470 timing reifyNode:node_modules/postcss-value-parser Completed in 2132ms
2471 timing reifyNode:node_modules/object.entries Completed in 2140ms
2472 timing reifyNode:node_modules/array.prototype.findlast Completed in 2139ms
2473 timing reifyNode:node_modules/has-symbols Completed in 2141ms
2474 timing reifyNode:node_modules/array.prototype.flatmap Completed in 2142ms
2475 timing reifyNode:node_modules/@typescript-eslint/types Completed in 2142ms
2476 timing reifyNode:node_modules/eslint-plugin-react-hooks Completed in 2144ms
2477 timing reifyNode:node_modules/tslib Completed in 2140ms
2478 timing reifyNode:node_modules/@tailwindcss/node Completed in 2141ms
2479 http fetch GET 200 https://registry.npmjs.org/eslint-config-next/-/eslint-config-next-14.2.16.tgz 2086ms (cache miss)
2480 timing reifyNode:node_modules/eslint-config-next Completed in 2149ms
2481 timing reifyNode:node_modules/call-bind-apply-helpers Completed in 2156ms
2482 timing reifyNode:node_modules/tapable Completed in 2153ms
2483 timing reifyNode:node_modules/@nodelib/fs.stat Completed in 2154ms
2484 timing reifyNode:node_modules/text-table Completed in 2155ms
2485 timing reifyNode:node_modules/iceberg-js Completed in 2154ms
2486 timing reifyNode:node_modules/ethers/node_modules/tslib Completed in 2157ms
2487 http fetch GET 200 https://registry.npmjs.org/strip-ansi/-/strip-ansi-7.1.2.tgz 2094ms (cache miss)
2488 timing reifyNode:node_modules/string-width/node_modules/strip-ansi Completed in 2171ms
2489 timing reifyNode:node_modules/string.prototype.includes Completed in 2170ms
2490 timing reifyNode:node_modules/emoji-regex Completed in 2170ms
2491 timing reifyNode:node_modules/function.prototype.name Completed in 2169ms
2492 timing reifyNode:node_modules/es-errors Completed in 2169ms
2493 timing reifyNode:node_modules/electron-to-chromium Completed in 2170ms
2494 http fetch GET 200 https://registry.npmjs.org/ansi-styles/-/ansi-styles-6.2.3.tgz 2105ms (cache miss)
2495 timing reifyNode:node_modules/wrap-ansi/node_modules/ansi-styles Completed in 2180ms
2496 http fetch GET 200 https://registry.npmjs.org/emoji-regex/-/emoji-regex-8.0.0.tgz 2104ms (cache miss)
2497 timing reifyNode:node_modules/string-width-cjs/node_modules/emoji-regex Completed in 2180ms
2498 http fetch GET 200 https://registry.npmjs.org/ansi-regex/-/ansi-regex-6.2.2.tgz 2104ms (cache miss)
2499 timing reifyNode:node_modules/string-width/node_modules/ansi-regex Completed in 2180ms
2500 http fetch GET 200 https://registry.npmjs.org/espree/-/espree-9.6.1.tgz 2113ms (cache miss)
2501 http fetch GET 200 https://registry.npmjs.org/@types/react-dom/-/react-dom-18.3.7.tgz 2107ms (cache miss)
2502 timing reifyNode:node_modules/baseline-browser-mapping Completed in 2182ms
2503 http fetch GET 200 https://registry.npmjs.org/string-width/-/string-width-4.2.3.tgz 2121ms (cache miss)
2504 timing reifyNode:node_modules/wrap-ansi-cjs/node_modules/string-width Completed in 2199ms
2505 timing reifyNode:node_modules/@types/react-dom Completed in 2190ms
2506 timing reifyNode:node_modules/espree Completed in 2201ms
2507 http fetch GET 200 https://registry.npmjs.org/scheduler/-/scheduler-0.23.2.tgz 2156ms (cache miss)
2508 http fetch GET 200 https://registry.npmjs.org/strip-ansi/-/strip-ansi-7.1.2.tgz 2138ms (cache miss)
2509 timing reifyNode:node_modules/@isaacs/cliui/node_modules/strip-ansi Completed in 2214ms
2510 http fetch GET 200 https://registry.npmjs.org/glob/-/glob-7.2.3.tgz 2138ms (cache miss)
2511 warn deprecated glob@7.2.3: Glob versions prior to v9 are no longer supported
2512 timing reifyNode:node_modules/rimraf/node_modules/glob Completed in 2216ms
2513 http fetch GET 200 https://registry.npmjs.org/file-entry-cache/-/file-entry-cache-6.0.1.tgz 2150ms (cache miss)
2514 timing reifyNode:node_modules/file-entry-cache Completed in 2210ms
2515 http fetch GET 200 https://registry.npmjs.org/strip-ansi/-/strip-ansi-7.1.2.tgz 2143ms (cache miss)
2516 timing reifyNode:node_modules/wrap-ansi/node_modules/strip-ansi Completed in 2219ms
2517 timing reifyNode:node_modules/object.assign Completed in 2215ms
2518 http fetch GET 200 https://registry.npmjs.org/ansi-regex/-/ansi-regex-6.2.2.tgz 2146ms (cache miss)
2519 timing reifyNode:node_modules/@isaacs/cliui/node_modules/ansi-regex Completed in 2223ms
2520 http fetch GET 200 https://registry.npmjs.org/emoji-regex/-/emoji-regex-8.0.0.tgz 2149ms (cache miss)
2521 timing reifyNode:node_modules/wrap-ansi-cjs/node_modules/emoji-regex Completed in 2225ms
2522 http fetch GET 200 https://registry.npmjs.org/ansi-regex/-/ansi-regex-6.2.2.tgz 2149ms (cache miss)
2523 timing reifyNode:node_modules/wrap-ansi/node_modules/ansi-regex Completed in 2227ms
2524 timing reifyNode:node_modules/napi-postinstall Completed in 2231ms
2525 timing reifyNode:node_modules/ts-api-utils Completed in 2225ms
2526 http fetch GET 200 https://registry.npmjs.org/@ungap/structured-clone/-/structured-clone-1.3.0.tgz 2161ms (cache miss)
2527 timing reifyNode:node_modules/es-to-primitive Completed in 2228ms
2528 timing reifyNode:node_modules/scheduler Completed in 2234ms
2529 timing reifyNode:node_modules/@nodelib/fs.scandir Completed in 2231ms
2530 timing reifyNode:node_modules/ws Completed in 2231ms
2531 timing reifyNode:node_modules/minimist Completed in 2245ms
2532 timing reifyNode:node_modules/nanoid Completed in 2244ms
2533 timing reifyNode:node_modules/source-map-js Completed in 2254ms
2534 timing reifyNode:node_modules/@emnapi/wasi-threads Completed in 2270ms
2535 timing reifyNode:node_modules/@ungap/structured-clone Completed in 2272ms
2536 timing reifyNode:node_modules/ethers/node_modules/ws Completed in 2274ms
2537 timing metavuln:cache:put:security-advisory:next-auth:VmjwJPp1utFIzR6BZWpcRGY41iefwxjgKHJ0YS0pX40lxnpwnBajChMZ/rkQuBRpjYhh2Cyu3HLYvlhFjEeWdA== Completed in 206ms
2538 timing metavuln:calculate:security-advisory:next-auth:NpdQYf+4OaOvlNiZgkhHLNCcOTe84gjeay11sdJQ2HSe2hRovddeIJqZfGwiLh+ns7klO1J2oxhVS+ou+h9gmw== Completed in 312ms
2539 timing metavuln:packument:@next/eslint-plugin-next Completed in 1ms
2540 timing reifyNode:node_modules/eslint-module-utils Completed in 2304ms
2541 timing metavuln:cache:get:security-advisory:@next/eslint-plugin-next:PvOLmaLvBa62/MSwOoeVcFtG41ceA4r3c/+CRslQCFHIqz2IKPEVFqVWr5T0jcFHrN6kR5E5FbNMo23kCF9gdg== Completed in 13ms
2542 timing metavuln:load:security-advisory:@next/eslint-plugin-next:NTB2XjbDOgk4lkd8PZ3tUAm1F3E/ohGF6rl9/3LEO7Z0FDzSR5nWwzd3nUENA3NCNdyeR+35DOC12wPml2IV+g== Completed in 54ms
2543 http fetch GET 200 https://registry.npmjs.org/@pkgjs/parseargs/-/parseargs-0.11.0.tgz 2317ms (cache miss)
2544 timing reifyNode:node_modules/@pkgjs/parseargs Completed in 2376ms
2545 timing reifyNode:node_modules/@nodelib/fs.walk Completed in 2369ms
2546 http fetch GET 200 https://registry.npmjs.org/doctrine/-/doctrine-3.0.0.tgz 2313ms (cache miss)
2547 timing reifyNode:node_modules/doctrine Completed in 2373ms
2548 timing reifyNode:node_modules/oauth Completed in 2383ms
2549 http fetch GET 200 https://registry.npmjs.org/eslint-scope/-/eslint-scope-7.2.2.tgz 2316ms (cache miss)
2550 timing reifyNode:node_modules/@eslint-community/regexpp Completed in 2376ms
2551 timing reifyNode:node_modules/@jridgewell/sourcemap-codec Completed in 2382ms
2552 timing reifyNode:node_modules/eslint-scope Completed in 2385ms
2553 timing reifyNode:node_modules/math-intrinsics Completed in 2393ms
2554 timing reifyNode:node_modules/@jridgewell/remapping Completed in 2389ms
2555 timing reifyNode:node_modules/signal-exit Completed in 2402ms
2556 timing reifyNode:node_modules/@eslint-community/eslint-utils Completed in 2396ms
2557 timing reifyNode:node_modules/magic-string Completed in 2400ms
2558 timing reifyNode:node_modules/@adraffy/ens-normalize Completed in 2412ms
2559 timing reifyNode:node_modules/@jridgewell/gen-mapping Completed in 2406ms
2560 timing reifyNode:node_modules/object-inspect Completed in 2414ms
2561 timing reifyNode:node_modules/@panva/hkdf Completed in 2422ms
2562 timing reifyNode:node_modules/acorn Completed in 2422ms
2563 http fetch GET 200 https://registry.npmjs.org/busboy/-/busboy-1.6.0.tgz 2369ms (cache miss)
2564 timing reifyNode:node_modules/openid-client Completed in 2430ms
2565 timing reifyNode:node_modules/undici-types Completed in 2424ms
2566 http fetch GET 200 https://registry.npmjs.org/minipass/-/minipass-7.1.2.tgz 2374ms (cache miss)
2567 timing reifyNode:node_modules/lightningcss Completed in 2425ms
2568 timing reifyNode:node_modules/foreground-child Completed in 2435ms
2569 timing reifyNode:node_modules/minipass Completed in 2436ms
2570 timing reifyNode:node_modules/ethers/node_modules/undici-types Completed in 2427ms
2571 timing reifyNode:node_modules/@emnapi/runtime Completed in 2443ms
2572 timing reifyNode:node_modules/busboy Completed in 2441ms
2573 timing metavuln:cache:put:security-advisory:@next/eslint-plugin-next:PvOLmaLvBa62/MSwOoeVcFtG41ceA4r3c/+CRslQCFHIqz2IKPEVFqVWr5T0jcFHrN6kR5E5FbNMo23kCF9gdg== Completed in 73ms
2574 timing metavuln:calculate:security-advisory:@next/eslint-plugin-next:NTB2XjbDOgk4lkd8PZ3tUAm1F3E/ohGF6rl9/3LEO7Z0FDzSR5nWwzd3nUENA3NCNdyeR+35DOC12wPml2IV+g== Completed in 145ms
2575 timing metavuln:packument:eslint-config-next Completed in 0ms
2576 timing metavuln:cache:get:security-advisory:eslint-config-next:volOrje9bMc3dFnnsdrvpxPiUdLeCov80INEmkNw6JaX2GvepJi9bsm+RGK6makQSL3N/126SYrBcGcbXdAW0g== Completed in 2ms
2577 timing metavuln:load:security-advisory:eslint-config-next:PvOLmaLvBa62/MSwOoeVcFtG41ceA4r3c/+CRslQCFHIqz2IKPEVFqVWr5T0jcFHrN6kR5E5FbNMo23kCF9gdg== Completed in 1682ms
2578 timing reifyNode:node_modules/@typescript-eslint/type-utils Completed in 4130ms
2579 http fetch GET 200 https://registry.npmjs.org/@next/eslint-plugin-next/-/eslint-plugin-next-14.2.16.tgz 4074ms (cache miss)
2580 http fetch GET 200 https://registry.npmjs.org/fraction.js/-/fraction.js-5.3.4.tgz 4070ms (cache miss)
2581 timing reifyNode:node_modules/fraction.js Completed in 4131ms
2582 timing reifyNode:node_modules/@next/eslint-plugin-next Completed in 4141ms
2583 http fetch GET 200 https://registry.npmjs.org/type-fest/-/type-fest-0.20.2.tgz 4095ms (cache miss)
2584 http fetch GET 200 https://registry.npmjs.org/react/-/react-18.3.1.tgz 4083ms (cache miss)
2585 timing reifyNode:node_modules/semver Completed in 4154ms
2586 timing reifyNode:node_modules/type-fest Completed in 4161ms
2587 http fetch GET 200 https://registry.npmjs.org/jackspeak/-/jackspeak-2.3.6.tgz 4103ms (cache miss)
2588 timing reifyNode:node_modules/jackspeak Completed in 4162ms
2589 http fetch GET 200 https://registry.npmjs.org/@types/react/-/react-18.3.27.tgz 4088ms (cache miss)
2590 timing reifyNode:node_modules/react Completed in 4155ms
2591 timing reifyNode:node_modules/@types/react Completed in 4155ms
2592 timing reifyNode:node_modules/@supabase/supabase-js Completed in 4163ms
2593 timing reifyNode:node_modules/js-yaml Completed in 4167ms
2594 timing reifyNode:node_modules/@jridgewell/trace-mapping Completed in 4167ms
2595 timing reifyNode:node_modules/preact-render-to-string Completed in 4185ms
2596 timing metavuln:cache:put:security-advisory:eslint-config-next:volOrje9bMc3dFnnsdrvpxPiUdLeCov80INEmkNw6JaX2GvepJi9bsm+RGK6makQSL3N/126SYrBcGcbXdAW0g== Completed in 57ms
2597 timing metavuln:calculate:security-advisory:eslint-config-next:PvOLmaLvBa62/MSwOoeVcFtG41ceA4r3c/+CRslQCFHIqz2IKPEVFqVWr5T0jcFHrN6kR5E5FbNMo23kCF9gdg== Completed in 1741ms
2598 timing auditReport:init Completed in 3333ms
2599 timing reify:audit Completed in 4209ms
2600 timing reifyNode:node_modules/@supabase/functions-js Completed in 4197ms
2601 timing reifyNode:node_modules/enhanced-resolve Completed in 4199ms
2602 timing reifyNode:node_modules/next/node_modules/postcss Completed in 4205ms
2603 timing reifyNode:node_modules/@prisma/get-platform Completed in 4222ms
2604 http fetch GET 200 https://registry.npmjs.org/graphemer/-/graphemer-1.4.0.tgz 4163ms (cache miss)
2605 http fetch GET 200 https://registry.npmjs.org/path-scurry/-/path-scurry-1.11.1.tgz 4177ms (cache miss)
2606 timing reifyNode:node_modules/path-scurry Completed in 4236ms
2607 timing reifyNode:node_modules/graphemer Completed in 4237ms
2608 timing reifyNode:node_modules/postcss Completed in 4238ms
2609 timing reifyNode:node_modules/csstype Completed in 4239ms
2610 timing reifyNode:node_modules/esquery Completed in 4240ms
2611 timing reifyNode:node_modules/uri-js Completed in 4250ms
2612 timing reifyNode:node_modules/@supabase/postgrest-js Completed in 4248ms
2613 timing reifyNode:node_modules/@typescript-eslint/typescript-estree/node_modules/minimatch Completed in 4255ms
2614 timing reifyNode:node_modules/glob/node_modules/minimatch Completed in 4255ms
2615 timing reifyNode:node_modules/tailwindcss Completed in 4252ms
2616 timing reifyNode:node_modules/uuid Completed in 4264ms
2617 timing reifyNode:node_modules/tailwind-merge Completed in 4273ms
2618 timing reifyNode:node_modules/@prisma/fetch-engine Completed in 4319ms
2619 http fetch GET 200 https://registry.npmjs.org/lru-cache/-/lru-cache-10.4.3.tgz 4242ms (cache miss)
2620 timing reifyNode:node_modules/path-scurry/node_modules/lru-cache Completed in 4324ms
2621 timing reifyNode:node_modules/tsconfig-paths Completed in 4320ms
2622 timing reifyNode:node_modules/@tybys/wasm-util Completed in 4340ms
2623 http fetch GET 200 https://registry.npmjs.org/@eslint/eslintrc/-/eslintrc-2.1.4.tgz 4273ms (cache miss)
2624 timing reifyNode:node_modules/@eslint/eslintrc Completed in 4333ms
2625 timing reifyNode:node_modules/@unrs/resolver-binding-darwin-arm64 Completed in 4347ms
2626 timing reifyNode:node_modules/@supabase/storage-js Completed in 4335ms
2627 timing reifyNode:node_modules/language-subtag-registry Completed in 4348ms
2628 timing reifyNode:node_modules/@typescript-eslint/utils Completed in 4344ms
2629 http fetch GET 200 https://registry.npmjs.org/styled-jsx/-/styled-jsx-5.1.1.tgz 4300ms (cache miss)
2630 timing reifyNode:node_modules/styled-jsx Completed in 4357ms
2631 timing reifyNode:node_modules/jiti Completed in 4353ms
2632 http fetch GET 200 https://registry.npmjs.org/glob/-/glob-10.3.10.tgz 4300ms (cache miss)
2633 timing reifyNode:node_modules/glob Completed in 4363ms
2634 http fetch GET 200 https://registry.npmjs.org/autoprefixer/-/autoprefixer-10.4.23.tgz 4297ms (cache miss)
2635 http fetch GET 200 https://registry.npmjs.org/@rushstack/eslint-patch/-/eslint-patch-1.15.0.tgz 4308ms (cache miss)
2636 timing reifyNode:node_modules/autoprefixer Completed in 4364ms
2637 timing reifyNode:node_modules/@rushstack/eslint-patch Completed in 4372ms
2638 timing reifyNode:node_modules/@typescript-eslint/typescript-estree Completed in 4375ms
2639 timing reifyNode:node_modules/@emnapi/core Completed in 4389ms
2640 timing reifyNode:node_modules/axobject-query Completed in 4388ms
2641 timing reifyNode:node_modules/jsx-ast-utils Completed in 4389ms
2642 timing reifyNode:node_modules/aes-js Completed in 4442ms
2643 timing reifyNode:node_modules/ajv Completed in 4449ms
2644 timing reifyNode:node_modules/@tailwindcss/oxide-darwin-arm64 Completed in 4457ms
2645 timing reifyNode:node_modules/es-iterator-helpers Completed in 4464ms
2646 timing reifyNode:node_modules/@supabase/realtime-js Completed in 4457ms
2647 timing reifyNode:node_modules/aria-query Completed in 4483ms
2648 timing reifyNode:node_modules/resolve Completed in 4525ms
2649 timing reifyNode:node_modules/eslint-plugin-react/node_modules/resolve Completed in 4538ms
2650 timing reifyNode:node_modules/axe-core Completed in 4559ms
2651 timing reifyNode:node_modules/@noble/hashes Completed in 4584ms
2652 timing reifyNode:node_modules/@types/node Completed in 4633ms
2653 timing reifyNode:node_modules/ethers/node_modules/@types/node Completed in 4648ms
2654 timing reifyNode:node_modules/@babel/runtime Completed in 4725ms
2655 timing reifyNode:node_modules/eslint-plugin-import Completed in 4721ms
2656 timing reifyNode:node_modules/@noble/curves Completed in 4771ms
2657 timing reifyNode:node_modules/preact Completed in 4808ms
2658 timing reifyNode:node_modules/eslint-plugin-jsx-a11y Completed in 4850ms
2659 timing reifyNode:node_modules/@supabase/auth-js Completed in 4959ms
2660 timing reifyNode:node_modules/@typescript-eslint/scope-manager Completed in 4996ms
2661 http fetch GET 200 https://registry.npmjs.org/react-dom/-/react-dom-18.3.1.tgz 4954ms (cache miss)
2662 timing reifyNode:node_modules/react-dom Completed in 5023ms
2663 timing reifyNode:node_modules/@napi-rs/wasm-runtime Completed in 6090ms
2664 timing reifyNode:node_modules/lightningcss-darwin-arm64 Completed in 6094ms
2665 timing reifyNode:node_modules/eslint-plugin-react Completed in 6089ms
2666 timing reifyNode:node_modules/@prisma/client Completed in 6275ms
2667 timing reifyNode:node_modules/next-auth Completed in 6302ms
2668 timing reifyNode:node_modules/jose Completed in 6414ms
2669 timing reifyNode:node_modules/@typescript-eslint/eslint-plugin Completed in 6451ms
2670 http fetch GET 200 https://registry.npmjs.org/@swc/helpers/-/helpers-0.5.5.tgz 6407ms (cache miss)
2671 timing reifyNode:node_modules/@swc/helpers Completed in 6468ms
2672 http fetch GET 200 https://registry.npmjs.org/eslint/-/eslint-8.57.0.tgz 6456ms (cache miss)
2673 warn deprecated eslint@8.57.0: This version is no longer supported. Please see https://eslint.org/version-support for other options.
2674 timing reifyNode:node_modules/eslint Completed in 6521ms
2675 timing reifyNode:node_modules/prisma Completed in 6564ms
2676 timing reifyNode:node_modules/caniuse-lite Completed in 6782ms
2677 timing reifyNode:node_modules/typescript Completed in 7125ms
2678 timing reifyNode:node_modules/ethers Completed in 7347ms
2679 timing reifyNode:node_modules/es-abstract Completed in 7560ms
2680 timing reifyNode:node_modules/lucide-react Completed in 8738ms
2681 http fetch GET 200 https://registry.npmjs.org/@next/swc-darwin-arm64/-/swc-darwin-arm64-14.2.16.tgz 9012ms (cache miss)
2682 timing reifyNode:node_modules/@next/swc-darwin-arm64 Completed in 9071ms
2683 http fetch GET 200 https://registry.npmjs.org/next/-/next-14.2.16.tgz 10754ms (cache miss)
2684 warn deprecated next@14.2.16: This version has a security vulnerability. Please upgrade to a patched version. See https://nextjs.org/blog/security-update-2025-12-11 for more details.
2685 timing reifyNode:node_modules/next Completed in 10817ms
2686 timing reify:unpack Completed in 10833ms
2687 timing reify:unretire Completed in 1ms
2688 timing build:queue Completed in 5ms
2689 info run prisma@5.22.0 preinstall node_modules/prisma node scripts/preinstall-entry.js
2690 info run prisma@5.22.0 preinstall { code: 0, signal: null }
2691 timing build:run:preinstall:node_modules/prisma Completed in 46ms
2692 timing build:run:preinstall Completed in 46ms
2693 timing build:link:node_modules/acorn Completed in 5ms
2694 timing build:link:node_modules/browserslist Completed in 4ms
2695 timing build:link:node_modules/json5 Completed in 3ms
2696 timing build:link:node_modules/eslint Completed in 3ms
2697 timing build:link:node_modules/baseline-browser-mapping Completed in 4ms
2698 timing build:link:node_modules/autoprefixer Completed in 4ms
2699 timing build:link:node_modules/js-yaml Completed in 3ms
2700 timing build:link:node_modules/loose-envify Completed in 3ms
2701 timing build:link:node_modules/glob Completed in 3ms
2702 timing build:link:node_modules/next Completed in 3ms
2703 timing build:link:node_modules/eslint-plugin-react/node_modules/resolve Completed in 2ms
2704 timing build:link:node_modules/eslint-plugin-import/node_modules/semver Completed in 2ms
2705 timing build:link:node_modules/nanoid Completed in 3ms
2706 timing build:link:node_modules/rimraf Completed in 4ms
2707 timing build:link:node_modules/update-browserslist-db Completed in 3ms
2708 timing build:link:node_modules/bcryptjs Completed in 5ms
2709 timing build:link:node_modules/napi-postinstall Completed in 4ms
2710 timing build:link:node_modules/resolve Completed in 4ms
2711 timing build:link:node_modules/which Completed in 3ms
2712 timing build:link:node_modules/uuid Completed in 3ms
2713 timing build:link:node_modules/prisma Completed in 4ms
2714 timing build:link:node_modules/typescript Completed in 3ms
2715 timing build:link:node_modules/jiti Completed in 4ms
2716 timing build:link:node_modules/semver Completed in 4ms
2717 timing build:link:node_modules/eslint-plugin-react/node_modules/semver Completed in 3ms
2718 timing build:link Completed in 6ms
2719 info run @prisma/client@5.22.0 postinstall node_modules/@prisma/client node scripts/postinstall.js
2720 info run @prisma/engines@5.22.0 postinstall node_modules/@prisma/engines node scripts/postinstall.js
2721 info run unrs-resolver@1.11.1 postinstall node_modules/unrs-resolver napi-postinstall unrs-resolver 1.11.1 check
2722 info run unrs-resolver@1.11.1 postinstall { code: 0, signal: null }
2723 timing build:run:postinstall:node_modules/unrs-resolver Completed in 242ms
2724 info run @prisma/engines@5.22.0 postinstall { code: 0, signal: null }
2725 timing build:run:postinstall:node_modules/@prisma/engines Completed in 359ms
2726 info run @prisma/client@5.22.0 postinstall { code: 0, signal: null }
2727 timing build:run:postinstall:node_modules/@prisma/client Completed in 1283ms
2728 timing build:run:postinstall Completed in 1283ms
2729 timing build:deps Completed in 1340ms
2730 timing build Completed in 1341ms
2731 timing reify:build Completed in 1341ms
2732 timing reify:trash Completed in 2ms
2733 timing reify:save Completed in 86ms
2734 timing reify Completed in 18825ms
2735 silly ADD node_modules/wrappy
2736 silly ADD node_modules/path-is-absolute
2737 silly ADD node_modules/once
2738 silly ADD node_modules/inherits
2739 silly ADD node_modules/inflight
2740 silly ADD node_modules/fs.realpath
2741 silly ADD node_modules/is-weakset
2742 silly ADD node_modules/is-weakmap
2743 silly ADD node_modules/is-map
2744 silly ADD node_modules/generator-function
2745 silly ADD node_modules/async-function
2746 silly ADD node_modules/which-collection
2747 silly ADD node_modules/is-generator-function
2748 silly ADD node_modules/is-finalizationregistry
2749 silly ADD node_modules/is-async-function
2750 silly ADD node_modules/is-number-object
2751 silly ADD node_modules/is-boolean-object
2752 silly ADD node_modules/is-bigint
2753 silly ADD node_modules/isexe
2754 silly ADD node_modules/punycode
2755 silly ADD node_modules/escalade
2756 silly ADD node_modules/@emnapi/wasi-threads
2757 silly ADD node_modules/@tybys/wasm-util
2758 silly ADD node_modules/@emnapi/runtime
2759 silly ADD node_modules/@emnapi/core
2760 silly ADD node_modules/@napi-rs/wasm-runtime
2761 silly ADD node_modules/napi-postinstall
2762 silly ADD
2763 silly ADD
2764 silly ADD
2765 silly ADD
2766 silly ADD
2767 silly ADD
2768 silly ADD
2769 silly ADD
2770 silly ADD
2771 silly ADD
2772 silly ADD
2773 silly ADD
2774 silly ADD
2775 silly ADD
2776 silly ADD
2777 silly ADD
2778 silly ADD node_modules/@unrs/resolver-binding-darwin-arm64
2779 silly ADD
2780 silly ADD
2781 silly ADD node_modules/which-boxed-primitive
2782 silly ADD node_modules/has-bigints
2783 silly ADD node_modules/which-builtin-type
2784 silly ADD node_modules/reflect.getprototypeof
2785 silly ADD node_modules/for-each
2786 silly ADD node_modules/strip-bom
2787 silly ADD node_modules/minimist
2788 silly ADD node_modules/json5
2789 silly ADD node_modules/@types/json5
2790 silly ADD node_modules/picomatch
2791 silly ADD node_modules/fdir
2792 silly ADD node_modules/has-flag
2793 silly ADD node_modules/client-only
2794 silly ADD node_modules/ansi-regex
2795 silly ADD node_modules/is-fullwidth-code-point
2796 silly ADD node_modules/eastasianwidth
2797 silly ADD node_modules/side-channel-weakmap
2798 silly ADD node_modules/side-channel-map
2799 silly ADD node_modules/side-channel-list
2800 silly ADD node_modules/shebang-regex
2801 silly ADD node_modules/isarray
2802 silly ADD node_modules/queue-microtask
2803 silly ADD node_modules/supports-preserve-symlinks-flag
2804 silly ADD node_modules/path-parse
2805 silly ADD node_modules/scheduler
2806 silly ADD node_modules/js-tokens
2807 silly ADD node_modules/react-is
2808 silly ADD node_modules/object-assign
2809 silly ADD node_modules/loose-envify
2810 silly ADD node_modules/@prisma/get-platform
2811 silly ADD node_modules/@prisma/fetch-engine
2812 silly ADD node_modules/@prisma/engines-version
2813 silly ADD node_modules/@prisma/debug
2814 silly ADD node_modules/fsevents
2815 silly ADD node_modules/@prisma/engines
2816 silly ADD node_modules/pretty-format
2817 silly ADD node_modules/nanoid
2818 silly ADD node_modules/callsites
2819 silly ADD node_modules/yocto-queue
2820 silly ADD node_modules/p-limit
2821 silly ADD node_modules/word-wrap
2822 silly ADD node_modules/fast-levenshtein
2823 silly ADD node_modules/deep-is
2824 silly ADD node_modules/yallist
2825 silly ADD node_modules/oidc-token-hash
2826 silly ADD node_modules/object-hash
2827 silly ADD node_modules/lru-cache
2828 silly ADD node_modules/uuid
2829 silly ADD node_modules/preact-render-to-string
2830 silly ADD node_modules/preact
2831 silly ADD node_modules/openid-client
2832 silly ADD node_modules/oauth
2833 silly ADD node_modules/jose
2834 silly ADD node_modules/cookie
2835 silly ADD node_modules/@panva/hkdf
2836 silly ADD node_modules/@babel/runtime
2837 silly ADD node_modules/streamsearch
2838 silly ADD node_modules/@swc/counter
2839 silly ADD node_modules/styled-jsx
2840 silly ADD node_modules/busboy
2841 silly ADD node_modules/@swc/helpers
2842 silly ADD
2843 silly ADD
2844 silly ADD
2845 silly ADD
2846 silly ADD
2847 silly ADD
2848 silly ADD
2849 silly ADD
2850 silly ADD node_modules/@next/swc-darwin-arm64
2851 silly ADD node_modules/@next/env
2852 silly ADD node_modules/concat-map
2853 silly ADD node_modules/balanced-match
2854 silly ADD node_modules/brace-expansion
2855 silly ADD node_modules/p-locate
2856 silly ADD
2857 silly ADD
2858 silly ADD
2859 silly ADD
2860 silly ADD
2861 silly ADD
2862 silly ADD
2863 silly ADD
2864 silly ADD
2865 silly ADD node_modules/lightningcss-darwin-arm64
2866 silly ADD
2867 silly ADD node_modules/detect-libc
2868 silly ADD node_modules/type-check
2869 silly ADD node_modules/prelude-ls
2870 silly ADD node_modules/language-subtag-registry
2871 silly ADD node_modules/json-buffer
2872 silly ADD node_modules/argparse
2873 silly ADD node_modules/wrap-ansi-cjs
2874 silly ADD node_modules/wrap-ansi-cjs/node_modules/emoji-regex
2875 silly ADD node_modules/wrap-ansi-cjs/node_modules/string-width
2876 silly ADD node_modules/wrap-ansi
2877 silly ADD node_modules/wrap-ansi/node_modules/ansi-regex
2878 silly ADD node_modules/wrap-ansi/node_modules/strip-ansi
2879 silly ADD node_modules/wrap-ansi/node_modules/ansi-styles
2880 silly ADD node_modules/strip-ansi-cjs
2881 silly ADD node_modules/string-width-cjs
2882 silly ADD node_modules/string-width-cjs/node_modules/emoji-regex
2883 silly ADD node_modules/string-width
2884 silly ADD node_modules/string-width/node_modules/ansi-regex
2885 silly ADD node_modules/string-width/node_modules/strip-ansi
2886 silly ADD node_modules/@pkgjs/parseargs
2887 silly ADD node_modules/@isaacs/cliui
2888 silly ADD node_modules/@isaacs/cliui/node_modules/ansi-regex
2889 silly ADD node_modules/@isaacs/cliui/node_modules/strip-ansi
2890 silly ADD node_modules/set-function-name
2891 silly ADD node_modules/is-extglob
2892 silly ADD node_modules/side-channel
2893 silly ADD node_modules/resolve-from
2894 silly ADD node_modules/parent-module
2895 silly ADD node_modules/type-fest
2896 silly ADD node_modules/signal-exit
2897 silly ADD node_modules/path-scurry
2898 silly ADD node_modules/path-scurry/node_modules/lru-cache
2899 silly ADD node_modules/minipass
2900 silly ADD node_modules/jackspeak
2901 silly ADD node_modules/foreground-child
2902 silly ADD node_modules/resolve-pkg-maps
2903 silly ADD node_modules/dunder-proto
2904 silly ADD node_modules/functions-have-names
2905 silly ADD node_modules/rimraf
2906 silly ADD node_modules/rimraf/node_modules/glob
2907 silly ADD node_modules/keyv
2908 silly ADD node_modules/flatted
2909 silly ADD node_modules/path-exists
2910 silly ADD node_modules/locate-path
2911 silly ADD node_modules/flat-cache
2912 silly ADD node_modules/reusify
2913 silly ADD node_modules/aes-js
2914 silly ADD node_modules/@noble/hashes
2915 silly ADD node_modules/@noble/curves
2916 silly ADD node_modules/@adraffy/ens-normalize
2917 silly ADD node_modules/acorn-jsx
2918 silly ADD node_modules/acorn
2919 silly ADD node_modules/esrecurse
2920 silly ADD node_modules/iterator.prototype
2921 silly ADD node_modules/string.prototype.repeat
2922 silly ADD node_modules/string.prototype.matchall
2923 silly ADD node_modules/prop-types
2924 silly ADD node_modules/object.entries
2925 silly ADD node_modules/estraverse
2926 silly ADD node_modules/es-iterator-helpers
2927 silly ADD node_modules/array.prototype.tosorted
2928 silly ADD node_modules/array.prototype.findlast
2929 silly ADD node_modules/string.prototype.includes
2930 silly ADD node_modules/language-tags
2931 silly ADD node_modules/jsx-ast-utils
2932 silly ADD node_modules/emoji-regex
2933 silly ADD node_modules/damerau-levenshtein
2934 silly ADD node_modules/axobject-query
2935 silly ADD node_modules/axe-core
2936 silly ADD node_modules/ast-types-flow
2937 silly ADD node_modules/aria-query
2938 silly ADD node_modules/is-symbol
2939 silly ADD node_modules/is-date-object
2940 silly ADD node_modules/has-tostringtag
2941 silly ADD node_modules/possible-typed-array-names
2942 silly ADD node_modules/which-typed-array
2943 silly ADD node_modules/unbox-primitive
2944 silly ADD node_modules/typed-array-length
2945 silly ADD node_modules/typed-array-byte-offset
2946 silly ADD node_modules/typed-array-byte-length
2947 silly ADD node_modules/typed-array-buffer
2948 silly ADD node_modules/string.prototype.trimstart
2949 silly ADD node_modules/string.prototype.trim
2950 silly ADD node_modules/stop-iteration-iterator
2951 silly ADD node_modules/set-proto
2952 silly ADD node_modules/safe-regex-test
2953 silly ADD node_modules/safe-push-apply
2954 silly ADD node_modules/safe-array-concat
2955 silly ADD node_modules/regexp.prototype.flags
2956 silly ADD node_modules/own-keys
2957 silly ADD node_modules/object.assign
2958 silly ADD node_modules/object-inspect
2959 silly ADD node_modules/is-weakref
2960 silly ADD node_modules/is-typed-array
2961 silly ADD node_modules/is-shared-array-buffer
2962 silly ADD node_modules/is-set
2963 silly ADD node_modules/is-regex
2964 silly ADD node_modules/is-negative-zero
2965 silly ADD node_modules/is-data-view
2966 silly ADD node_modules/is-callable
2967 silly ADD node_modules/is-array-buffer
2968 silly ADD node_modules/internal-slot
2969 silly ADD node_modules/has-symbols
2970 silly ADD node_modules/has-proto
2971 silly ADD node_modules/globalthis
2972 silly ADD node_modules/get-symbol-description
2973 silly ADD node_modules/get-proto
2974 silly ADD node_modules/function.prototype.name
2975 silly ADD node_modules/es-to-primitive
2976 silly ADD node_modules/es-set-tostringtag
2977 silly ADD node_modules/data-view-byte-offset
2978 silly ADD node_modules/data-view-byte-length
2979 silly ADD node_modules/data-view-buffer
2980 silly ADD node_modules/available-typed-arrays
2981 silly ADD node_modules/arraybuffer.prototype.slice
2982 silly ADD node_modules/array-buffer-byte-length
2983 silly ADD node_modules/gopd
2984 silly ADD node_modules/object-keys
2985 silly ADD node_modules/has-property-descriptors
2986 silly ADD node_modules/define-data-property
2987 silly ADD node_modules/function-bind
2988 silly ADD node_modules/set-function-length
2989 silly ADD node_modules/es-define-property
2990 silly ADD node_modules/call-bind-apply-helpers
2991 silly ADD node_modules/es-shim-unscopables
2992 silly ADD node_modules/es-errors
2993 silly ADD node_modules/math-intrinsics
2994 silly ADD node_modules/is-string
2995 silly ADD node_modules/get-intrinsic
2996 silly ADD node_modules/es-object-atoms
2997 silly ADD node_modules/es-abstract
2998 silly ADD node_modules/define-properties
2999 silly ADD node_modules/call-bound
3000 silly ADD node_modules/call-bind
3001 silly ADD node_modules/tsconfig-paths
3002 silly ADD node_modules/string.prototype.trimend
3003 silly ADD node_modules/object.values
3004 silly ADD node_modules/object.groupby
3005 silly ADD node_modules/object.fromentries
3006 silly ADD node_modules/hasown
3007 silly ADD node_modules/eslint-module-utils
3008 silly ADD node_modules/eslint-module-utils/node_modules/debug
3009 silly ADD node_modules/array.prototype.flatmap
3010 silly ADD node_modules/array.prototype.flat
3011 silly ADD node_modules/array.prototype.findlastindex
3012 silly ADD node_modules/array-includes
3013 silly ADD node_modules/@rtsao/scc
3014 silly ADD node_modules/unrs-resolver
3015 silly ADD node_modules/stable-hash
3016 silly ADD node_modules/is-bun-module
3017 silly ADD node_modules/get-tsconfig
3018 silly ADD node_modules/@nolyfill/is-core-module
3019 silly ADD node_modules/resolve
3020 silly ADD node_modules/is-core-module
3021 silly ADD node_modules/tinyglobby
3022 silly ADD node_modules/semver
3023 silly ADD node_modules/@typescript-eslint/tsconfig-utils
3024 silly ADD node_modules/@typescript-eslint/project-service
3025 silly ADD node_modules/@typescript-eslint/typescript-estree
3026 silly ADD node_modules/@typescript-eslint/typescript-estree/node_modules/brace-expansion
3027 silly ADD node_modules/@typescript-eslint/typescript-estree/node_modules/minimatch
3028 silly ADD node_modules/@typescript-eslint/types
3029 silly ADD node_modules/ts-api-utils
3030 silly ADD node_modules/@typescript-eslint/visitor-keys
3031 silly ADD node_modules/@typescript-eslint/visitor-keys/node_modules/eslint-visitor-keys
3032 silly ADD node_modules/@typescript-eslint/utils
3033 silly ADD node_modules/@typescript-eslint/type-utils
3034 silly ADD node_modules/@typescript-eslint/scope-manager
3035 silly ADD node_modules/glob
3036 silly ADD node_modules/glob/node_modules/brace-expansion
3037 silly ADD node_modules/glob/node_modules/minimatch
3038 silly ADD node_modules/eslint-plugin-react-hooks
3039 silly ADD node_modules/eslint-plugin-react
3040 silly ADD node_modules/eslint-plugin-react/node_modules/semver
3041 silly ADD node_modules/eslint-plugin-react/node_modules/resolve
3042 silly ADD node_modules/eslint-plugin-react/node_modules/doctrine
3043 silly ADD node_modules/eslint-plugin-jsx-a11y
3044 silly ADD node_modules/eslint-plugin-import
3045 silly ADD node_modules/eslint-plugin-import/node_modules/semver
3046 silly ADD node_modules/eslint-plugin-import/node_modules/doctrine
3047 silly ADD node_modules/eslint-plugin-import/node_modules/debug
3048 silly ADD node_modules/eslint-import-resolver-typescript
3049 silly ADD node_modules/eslint-import-resolver-node
3050 silly ADD node_modules/eslint-import-resolver-node/node_modules/debug
3051 silly ADD node_modules/@typescript-eslint/parser
3052 silly ADD node_modules/@typescript-eslint/eslint-plugin
3053 silly ADD node_modules/@typescript-eslint/eslint-plugin/node_modules/ignore
3054 silly ADD node_modules/@rushstack/eslint-patch
3055 silly ADD node_modules/@next/eslint-plugin-next
3056 silly ADD node_modules/ms
3057 silly ADD node_modules/which
3058 silly ADD node_modules/shebang-command
3059 silly ADD node_modules/path-key
3060 silly ADD node_modules/color-name
3061 silly ADD node_modules/color-convert
3062 silly ADD node_modules/supports-color
3063 silly ADD node_modules/ansi-styles
3064 silly ADD node_modules/uri-js
3065 silly ADD node_modules/json-schema-traverse
3066 silly ADD node_modules/fast-json-stable-stringify
3067 silly ADD node_modules/run-parallel
3068 silly ADD node_modules/@nodelib/fs.stat
3069 silly ADD node_modules/fastq
3070 silly ADD node_modules/@nodelib/fs.scandir
3071 silly ADD node_modules/@humanwhocodes/object-schema
3072 silly ADD node_modules/strip-json-comments
3073 silly ADD node_modules/import-fresh
3074 silly ADD node_modules/text-table
3075 silly ADD node_modules/strip-ansi
3076 silly ADD node_modules/optionator
3077 silly ADD node_modules/natural-compare
3078 silly ADD node_modules/minimatch
3079 silly ADD node_modules/lodash.merge
3080 silly ADD node_modules/levn
3081 silly ADD node_modules/json-stable-stringify-without-jsonify
3082 silly ADD node_modules/js-yaml
3083 silly ADD node_modules/is-path-inside
3084 silly ADD node_modules/is-glob
3085 silly ADD node_modules/imurmurhash
3086 silly ADD node_modules/ignore
3087 silly ADD node_modules/graphemer
3088 silly ADD node_modules/globals
3089 silly ADD node_modules/glob-parent
3090 silly ADD node_modules/find-up
3091 silly ADD node_modules/file-entry-cache
3092 silly ADD node_modules/fast-deep-equal
3093 silly ADD node_modules/esutils
3094 silly ADD node_modules/esquery
3095 silly ADD node_modules/espree
3096 silly ADD node_modules/eslint-visitor-keys
3097 silly ADD node_modules/eslint-scope
3098 silly ADD node_modules/escape-string-regexp
3099 silly ADD node_modules/doctrine
3100 silly ADD node_modules/debug
3101 silly ADD node_modules/cross-spawn
3102 silly ADD node_modules/chalk
3103 silly ADD node_modules/ajv
3104 silly ADD node_modules/@ungap/structured-clone
3105 silly ADD node_modules/@nodelib/fs.walk
3106 silly ADD node_modules/@humanwhocodes/module-importer
3107 silly ADD node_modules/@humanwhocodes/config-array
3108 silly ADD node_modules/@eslint/js
3109 silly ADD node_modules/@eslint/eslintrc
3110 silly ADD node_modules/@eslint-community/regexpp
3111 silly ADD node_modules/@eslint-community/eslint-utils
3112 silly ADD node_modules/tapable
3113 silly ADD node_modules/graceful-fs
3114 silly ADD node_modules/update-browserslist-db
3115 silly ADD node_modules/node-releases
3116 silly ADD node_modules/electron-to-chromium
3117 silly ADD node_modules/baseline-browser-mapping
3118 silly ADD node_modules/postcss-value-parser
3119 silly ADD node_modules/picocolors
3120 silly ADD node_modules/fraction.js
3121 silly ADD node_modules/caniuse-lite
3122 silly ADD node_modules/browserslist
3123 silly ADD node_modules/csstype
3124 silly ADD node_modules/@types/prop-types
3125 silly ADD node_modules/undici-types
3126 silly ADD
3127 silly ADD
3128 silly ADD
3129 silly ADD
3130 silly ADD
3131 silly ADD
3132 silly ADD
3133 silly ADD
3134 silly ADD
3135 silly ADD
3136 silly ADD node_modules/@tailwindcss/oxide-darwin-arm64
3137 silly ADD
3138 silly ADD node_modules/@jridgewell/resolve-uri
3139 silly ADD node_modules/@jridgewell/sourcemap-codec
3140 silly ADD node_modules/@jridgewell/trace-mapping
3141 silly ADD node_modules/@jridgewell/gen-mapping
3142 silly ADD node_modules/source-map-js
3143 silly ADD node_modules/magic-string
3144 silly ADD node_modules/lightningcss
3145 silly ADD node_modules/jiti
3146 silly ADD node_modules/enhanced-resolve
3147 silly ADD node_modules/@jridgewell/remapping
3148 silly ADD node_modules/@tailwindcss/oxide
3149 silly ADD node_modules/@tailwindcss/node
3150 silly ADD node_modules/@alloc/quick-lru
3151 silly ADD node_modules/iceberg-js
3152 silly ADD node_modules/ws
3153 silly ADD node_modules/@types/ws
3154 silly ADD node_modules/@types/phoenix
3155 silly ADD node_modules/tslib
3156 silly ADD node_modules/@supabase/storage-js
3157 silly ADD node_modules/@supabase/realtime-js
3158 silly ADD node_modules/@supabase/postgrest-js
3159 silly ADD node_modules/@supabase/functions-js
3160 silly ADD node_modules/@supabase/auth-js
3161 silly ADD node_modules/typescript
3162 silly ADD node_modules/tailwindcss
3163 silly ADD node_modules/tailwind-merge
3164 silly ADD node_modules/react-dom
3165 silly ADD node_modules/react
3166 silly ADD node_modules/prisma
3167 silly ADD node_modules/postcss
3168 silly ADD node_modules/next-auth
3169 silly ADD node_modules/next
3170 silly ADD node_modules/next/node_modules/postcss
3171 silly ADD node_modules/lucide-react
3172 silly ADD node_modules/ethers
3173 silly ADD node_modules/ethers/node_modules/undici-types
3174 silly ADD node_modules/ethers/node_modules/ws
3175 silly ADD node_modules/ethers/node_modules/tslib
3176 silly ADD node_modules/ethers/node_modules/@types/node
3177 silly ADD node_modules/eslint-config-next
3178 silly ADD node_modules/eslint
3179 silly ADD node_modules/clsx
3180 silly ADD node_modules/bcryptjs
3181 silly ADD node_modules/autoprefixer
3182 silly ADD node_modules/@types/react-dom
3183 silly ADD node_modules/@types/react
3184 silly ADD node_modules/@types/node
3185 silly ADD node_modules/@tailwindcss/postcss
3186 silly ADD node_modules/@supabase/supabase-js
3187 silly ADD node_modules/@prisma/client
3188 timing command:install Completed in 18892ms
3189 verbose exit 0
3190 timing npm Completed in 18984ms
3191 info ok
