0 verbose cli /usr/local/bin/node /usr/local/bin/npm
1 info using npm@9.8.1
2 info using node@v18.18.2
3 timing npm:load:whichnode Completed in 1ms
4 timing config:load:defaults Completed in 3ms
5 timing config:load:file:/usr/local/lib/node_modules/npm/npmrc Completed in 1ms
6 timing config:load:builtin Completed in 1ms
7 timing config:load:cli Completed in 2ms
8 timing config:load:env Completed in 0ms
9 timing config:load:file:/Users/chengfang/Downloads/make money/shopping/.npmrc Completed in 0ms
10 timing config:load:project Completed in 1ms
11 timing config:load:file:/Users/chengfang/.npmrc Completed in 0ms
12 timing config:load:user Completed in 0ms
13 timing config:load:file:/usr/local/etc/npmrc Completed in 0ms
14 timing config:load:global Completed in 0ms
15 timing config:load:setEnvs Completed in 0ms
16 timing config:load Completed in 8ms
17 timing npm:load:configload Completed in 8ms
18 timing config:load:flatten Completed in 1ms
19 timing npm:load:mkdirpcache Completed in 0ms
20 timing npm:load:mkdirplogs Completed in 0ms
21 verbose title npm install lucide-react prisma @prisma/client @supabase/supabase-js ethers next-auth bcryptjs clsx tailwind-merge
22 verbose argv "install" "--cache" "./.npm-cache" "lucide-react" "prisma" "@prisma/client" "@supabase/supabase-js" "ethers" "next-auth" "bcryptjs" "clsx" "tailwind-merge"
23 timing npm:load:setTitle Completed in 7ms
24 timing npm:load:display Completed in 1ms
25 verbose logfile logs-max:10 dir:/Users/chengfang/Downloads/make money/shopping/.npm-cache/_logs/2026-01-19T22_02_03_370Z-
26 verbose logfile /Users/chengfang/Downloads/make money/shopping/.npm-cache/_logs/2026-01-19T22_02_03_370Z-debug-0.log
27 timing npm:load:logFile Completed in 4ms
28 timing npm:load:timers Completed in 1ms
29 timing npm:load:configScope Completed in 0ms
30 timing npm:load Completed in 33ms
31 timing arborist:ctor Completed in 1ms
32 timing idealTree:init Completed in 114ms
33 timing idealTree:userRequests Completed in 1ms
34 silly idealTree buildDeps
35 silly fetch manifest lucide-react@*
36 silly logfile done cleaning log files
37 timing arborist:ctor Completed in 0ms
38 http fetch GET 200 https://registry.npmjs.org/lucide-react 176ms (cache miss)
39 silly fetch manifest react@19.2.3
40 http fetch GET 200 https://registry.npmjs.org/react 12ms (cache hit)
41 silly fetch manifest prisma@*
42 http fetch GET 200 https://registry.npmjs.org/prisma 681ms (cache miss)
43 silly fetch manifest better-sqlite3@>=9.0.0
44 http fetch GET 200 https://registry.npmjs.org/better-sqlite3 95ms (cache miss)
45 silly fetch manifest typescript@^5
46 http fetch GET 200 https://registry.npmjs.org/typescript 12ms (cache hit)
47 silly fetch manifest @prisma/client@*
48 http fetch GET 200 https://registry.npmjs.org/@prisma%2fclient 1141ms (cache miss)
49 silly fetch manifest @supabase/supabase-js@*
50 http fetch GET 200 https://registry.npmjs.org/@supabase%2fsupabase-js 187ms (cache miss)
51 silly fetch manifest ethers@*
52 http fetch GET 200 https://registry.npmjs.org/ethers 108ms (cache miss)
53 silly fetch manifest next-auth@*
54 http fetch GET 200 https://registry.npmjs.org/next-auth 84ms (cache miss)
55 silly fetch manifest @auth/core@0.34.3
56 http fetch GET 200 https://registry.npmjs.org/@auth%2fcore 150ms (cache miss)
57 silly fetch manifest @simplewebauthn/browser@^9.0.1
58 http fetch GET 200 https://registry.npmjs.org/@simplewebauthn%2fbrowser 180ms (cache miss)
59 silly fetch manifest @simplewebauthn/server@^9.0.2
60 http fetch GET 200 https://registry.npmjs.org/@simplewebauthn%2fserver 180ms (cache miss)
61 silly fetch manifest nodemailer@^7
62 http fetch GET 200 https://registry.npmjs.org/nodemailer 42ms (cache miss)
63 silly fetch manifest next@16.1.3
64 http fetch GET 200 https://registry.npmjs.org/next 29ms (cache hit)
65 silly fetch manifest @opentelemetry/api@^1.1.0
66 http fetch GET 200 https://registry.npmjs.org/@opentelemetry%2fapi 3ms (cache hit)
67 silly fetch manifest @playwright/test@^1.51.1
68 http fetch GET 200 https://registry.npmjs.org/@playwright%2ftest 6ms (cache hit)
69 silly fetch manifest babel-plugin-react-compiler@*
70 http fetch GET 200 https://registry.npmjs.org/babel-plugin-react-compiler 3ms (cache hit)
71 silly fetch manifest react-dom@19.2.3
72 http fetch GET 200 https://registry.npmjs.org/react-dom 5ms (cache hit)
73 silly fetch manifest sass@^1.3.0
74 http fetch GET 200 https://registry.npmjs.org/sass 9ms (cache hit)
75 silly fetch manifest bcryptjs@*
76 http fetch GET 200 https://registry.npmjs.org/bcryptjs 65ms (cache miss)
77 silly fetch manifest clsx@*
78 http fetch GET 200 https://registry.npmjs.org/clsx 42ms (cache miss)
79 silly fetch manifest tailwind-merge@*
80 http fetch GET 200 https://registry.npmjs.org/tailwind-merge 52ms (cache miss)
81 silly placeDep ROOT @prisma/client@7.2.0 OK for: shopping@0.1.0 want: *
82 silly fetch manifest @prisma/client-runtime-utils@7.2.0
83 silly placeDep ROOT @supabase/supabase-js@2.90.1 OK for: shopping@0.1.0 want: *
84 silly fetch manifest @supabase/auth-js@2.90.1
85 silly fetch manifest @supabase/storage-js@2.90.1
86 silly fetch manifest @supabase/realtime-js@2.90.1
87 silly fetch manifest @supabase/functions-js@2.90.1
88 silly fetch manifest @supabase/postgrest-js@2.90.1
89 silly placeDep ROOT bcryptjs@3.0.3 OK for: shopping@0.1.0 want: *
90 silly placeDep ROOT clsx@2.1.1 OK for: shopping@0.1.0 want: *
91 silly placeDep ROOT ethers@6.16.0 OK for: shopping@0.1.0 want: *
92 silly fetch manifest ws@8.17.1
93 silly fetch manifest tslib@2.7.0
94 silly fetch manifest aes-js@4.0.0-beta.5
95 silly fetch manifest @types/node@22.7.5
96 silly fetch manifest @noble/curves@1.2.0
97 silly fetch manifest @noble/hashes@1.3.2
98 silly fetch manifest @adraffy/ens-normalize@1.10.1
99 silly placeDep ROOT lucide-react@0.562.0 OK for: shopping@0.1.0 want: *
100 silly placeDep ROOT next-auth@4.24.13 OK for: shopping@0.1.0 want: *
101 silly fetch manifest @babel/runtime@^7.20.13
102 silly fetch manifest @panva/hkdf@^1.0.2
103 silly fetch manifest cookie@^0.7.0
104 silly fetch manifest jose@^4.15.5
105 silly fetch manifest oauth@^0.9.15
106 silly fetch manifest openid-client@^5.4.0
107 silly fetch manifest preact@^10.6.3
108 silly fetch manifest preact-render-to-string@^5.1.19
109 silly fetch manifest uuid@^8.3.2
110 silly placeDep ROOT prisma@7.2.0 OK for: shopping@0.1.0 want: *
111 silly fetch manifest mysql2@3.15.3
112 silly fetch manifest postgres@3.4.7
113 silly fetch manifest @prisma/dev@0.17.0
114 silly fetch manifest @prisma/config@7.2.0
115 silly fetch manifest @prisma/engines@7.2.0
116 silly fetch manifest @prisma/studio-core@0.9.0
117 silly placeDep ROOT tailwind-merge@3.4.0 OK for: shopping@0.1.0 want: *
118 http fetch GET 200 https://registry.npmjs.org/tslib 39ms (cache hit)
119 http fetch GET 200 https://registry.npmjs.org/@types%2fnode 41ms (cache hit)
120 http fetch GET 200 https://registry.npmjs.org/cookie 97ms (cache miss)
121 http fetch GET 200 https://registry.npmjs.org/oauth 98ms (cache miss)
122 http fetch GET 200 https://registry.npmjs.org/@supabase%2fstorage-js 124ms (cache miss)
123 http fetch GET 200 https://registry.npmjs.org/ws 128ms (cache miss)
124 http fetch GET 200 https://registry.npmjs.org/@prisma%2fclient-runtime-utils 136ms (cache miss)
125 http fetch GET 200 https://registry.npmjs.org/@noble%2fhashes 131ms (cache miss)
126 http fetch GET 200 https://registry.npmjs.org/@supabase%2fauth-js 152ms (cache miss)
127 http fetch GET 200 https://registry.npmjs.org/@babel%2fruntime 151ms (cache miss)
128 http fetch GET 200 https://registry.npmjs.org/@supabase%2frealtime-js 160ms (cache miss)
129 http fetch GET 200 https://registry.npmjs.org/@supabase%2ffunctions-js 166ms (cache miss)
130 http fetch GET 200 https://registry.npmjs.org/jose 161ms (cache miss)
131 http fetch GET 200 https://registry.npmjs.org/@panva%2fhkdf 165ms (cache miss)
132 http fetch GET 200 https://registry.npmjs.org/uuid 167ms (cache miss)
133 http fetch GET 200 https://registry.npmjs.org/mysql2 167ms (cache miss)
134 http fetch GET 200 https://registry.npmjs.org/postgres 183ms (cache miss)
135 http fetch GET 200 https://registry.npmjs.org/@noble%2fcurves 201ms (cache miss)
136 http fetch GET 200 https://registry.npmjs.org/preact-render-to-string 216ms (cache miss)
137 http fetch GET 200 https://registry.npmjs.org/@adraffy%2fens-normalize 272ms (cache miss)
138 http fetch GET 200 https://registry.npmjs.org/openid-client 283ms (cache miss)
139 http fetch GET 200 https://registry.npmjs.org/@prisma%2fdev 286ms (cache miss)
140 http fetch GET 200 https://registry.npmjs.org/preact 311ms (cache miss)
141 http fetch GET 200 https://registry.npmjs.org/aes-js 321ms (cache miss)
142 http fetch GET 200 https://registry.npmjs.org/@supabase%2fpostgrest-js 374ms (cache miss)
143 http fetch GET 200 https://registry.npmjs.org/@prisma%2fconfig 396ms (cache miss)
144 http fetch GET 200 https://registry.npmjs.org/@prisma%2fstudio-core 444ms (cache miss)
145 http fetch GET 200 https://registry.npmjs.org/@prisma%2fengines 1180ms (cache miss)
146 timing idealTree:#root Completed in 4987ms
147 silly placeDep ROOT @prisma/client-runtime-utils@7.2.0 OK for: @prisma/client@7.2.0 want: 7.2.0
148 timing idealTree:node_modules/@prisma/client Completed in 0ms
149 timing idealTree:node_modules/@prisma/client-runtime-utils Completed in 0ms
150 silly placeDep ROOT @supabase/auth-js@2.90.1 OK for: @supabase/supabase-js@2.90.1 want: 2.90.1
151 silly placeDep ROOT @supabase/functions-js@2.90.1 OK for: @supabase/supabase-js@2.90.1 want: 2.90.1
152 silly placeDep ROOT @supabase/postgrest-js@2.90.1 OK for: @supabase/supabase-js@2.90.1 want: 2.90.1
153 silly placeDep ROOT @supabase/realtime-js@2.90.1 OK for: @supabase/supabase-js@2.90.1 want: 2.90.1
154 silly fetch manifest ws@^8.18.2
155 silly fetch manifest @types/ws@^8.18.1
156 silly fetch manifest @types/phoenix@^1.6.6
157 silly placeDep ROOT @supabase/storage-js@2.90.1 OK for: @supabase/supabase-js@2.90.1 want: 2.90.1
158 silly fetch manifest iceberg-js@^0.8.1
159 http fetch GET 200 https://registry.npmjs.org/@types%2fphoenix 58ms (cache miss)
160 http fetch GET 200 https://registry.npmjs.org/@types%2fws 58ms (cache miss)
161 http fetch GET 200 https://registry.npmjs.org/iceberg-js 198ms (cache miss)
162 timing idealTree:node_modules/@supabase/supabase-js Completed in 218ms
163 timing idealTree:node_modules/@supabase/auth-js Completed in 0ms
164 timing idealTree:node_modules/@supabase/functions-js Completed in 1ms
165 timing idealTree:node_modules/@supabase/postgrest-js Completed in 0ms
166 silly fetch manifest bufferutil@^4.0.1
167 http fetch GET 200 https://registry.npmjs.org/bufferutil 27ms (cache miss)
168 silly fetch manifest utf-8-validate@>=5.0.2
169 http fetch GET 200 https://registry.npmjs.org/utf-8-validate 83ms (cache miss)
170 silly placeDep ROOT @types/phoenix@1.6.7 OK for: @supabase/realtime-js@2.90.1 want: ^1.6.6
171 silly placeDep ROOT @types/ws@8.18.1 OK for: @supabase/realtime-js@2.90.1 want: ^8.18.1
172 silly placeDep ROOT ws@8.19.0 OK for: @supabase/realtime-js@2.90.1 want: ^8.18.2
173 timing idealTree:node_modules/@supabase/realtime-js Completed in 114ms
174 silly placeDep ROOT iceberg-js@0.8.1 OK for: @supabase/storage-js@2.90.1 want: ^0.8.1
175 timing idealTree:node_modules/@supabase/storage-js Completed in 1ms
176 timing idealTree:node_modules/@tailwindcss/oxide-wasm32-wasi Completed in 0ms
177 timing idealTree:node_modules/@types/phoenix Completed in 0ms
178 timing idealTree:node_modules/@types/ws Completed in 0ms
179 timing idealTree:node_modules/bcryptjs Completed in 0ms
180 timing idealTree:node_modules/clsx Completed in 0ms
181 silly placeDep ROOT @adraffy/ens-normalize@1.10.1 OK for: ethers@6.16.0 want: 1.10.1
182 silly placeDep ROOT @noble/curves@1.2.0 OK for: ethers@6.16.0 want: 1.2.0
183 silly placeDep ROOT @noble/hashes@1.3.2 OK for: ethers@6.16.0 want: 1.3.2
184 silly placeDep node_modules/ethers @types/node@22.7.5 OK for: ethers@6.16.0 want: 22.7.5
185 silly fetch manifest undici-types@~6.19.2
186 silly placeDep ROOT aes-js@4.0.0-beta.5 OK for: ethers@6.16.0 want: 4.0.0-beta.5
187 silly placeDep node_modules/ethers tslib@2.7.0 OK for: ethers@6.16.0 want: 2.7.0
188 silly placeDep node_modules/ethers ws@8.17.1 OK for: ethers@6.16.0 want: 8.17.1
189 http fetch GET 200 https://registry.npmjs.org/undici-types 4ms (cache hit)
190 timing idealTree:node_modules/ethers Completed in 7ms
191 timing idealTree:node_modules/@adraffy/ens-normalize Completed in 0ms
192 timing idealTree:node_modules/@noble/curves Completed in 0ms
193 timing idealTree:node_modules/@noble/hashes Completed in 0ms
194 timing idealTree:node_modules/aes-js Completed in 0ms
195 timing idealTree:node_modules/iceberg-js Completed in 0ms
196 timing idealTree:node_modules/lucide-react Completed in 0ms
197 silly placeDep ROOT @babel/runtime@7.28.6 OK for: next-auth@4.24.13 want: ^7.20.13
198 silly placeDep ROOT @panva/hkdf@1.2.1 OK for: next-auth@4.24.13 want: ^1.0.2
199 silly placeDep ROOT cookie@0.7.2 OK for: next-auth@4.24.13 want: ^0.7.0
200 silly placeDep ROOT jose@4.15.9 OK for: next-auth@4.24.13 want: ^4.15.5
201 silly placeDep ROOT oauth@0.9.15 OK for: next-auth@4.24.13 want: ^0.9.15
202 silly placeDep ROOT openid-client@5.7.1 OK for: next-auth@4.24.13 want: ^5.4.0
203 silly fetch manifest lru-cache@^6.0.0
204 silly fetch manifest object-hash@^2.2.0
205 silly fetch manifest oidc-token-hash@^5.0.3
206 silly placeDep ROOT preact@10.28.2 OK for: next-auth@4.24.13 want: ^10.6.3
207 silly placeDep ROOT preact-render-to-string@5.2.6 OK for: next-auth@4.24.13 want: ^5.1.19
208 silly fetch manifest pretty-format@^3.8.0
209 silly placeDep ROOT uuid@8.3.2 OK for: next-auth@4.24.13 want: ^8.3.2
210 http fetch GET 200 https://registry.npmjs.org/lru-cache 11ms (cache hit)
211 http fetch GET 200 https://registry.npmjs.org/object-hash 37ms (cache miss)
212 http fetch GET 200 https://registry.npmjs.org/oidc-token-hash 59ms (cache miss)
213 http fetch GET 200 https://registry.npmjs.org/pretty-format 71ms (cache miss)
214 timing idealTree:node_modules/next-auth Completed in 87ms
215 timing idealTree:node_modules/@babel/runtime Completed in 0ms
216 timing idealTree:node_modules/@panva/hkdf Completed in 0ms
217 timing idealTree:node_modules/cookie Completed in 0ms
218 timing idealTree:node_modules/jose Completed in 0ms
219 timing idealTree:node_modules/oauth Completed in 0ms
220 silly placeDep node_modules/openid-client lru-cache@6.0.0 OK for: openid-client@5.7.1 want: ^6.0.0
221 silly fetch manifest yallist@^4.0.0
222 silly placeDep ROOT object-hash@2.2.0 OK for: openid-client@5.7.1 want: ^2.2.0
223 silly placeDep ROOT oidc-token-hash@5.2.0 OK for: openid-client@5.7.1 want: ^5.0.3
224 http fetch GET 200 https://registry.npmjs.org/yallist 4ms (cache hit)
225 timing idealTree:node_modules/openid-client Completed in 6ms
226 timing idealTree:node_modules/object-hash Completed in 0ms
227 timing idealTree:node_modules/oidc-token-hash Completed in 0ms
228 timing idealTree:node_modules/preact Completed in 0ms
229 silly placeDep ROOT pretty-format@3.8.0 OK for: preact-render-to-string@5.2.6 want: ^3.8.0
230 timing idealTree:node_modules/preact-render-to-string Completed in 1ms
231 timing idealTree:node_modules/pretty-format Completed in 0ms
232 silly fetch manifest @types/react@^18.0.0 || ^19.0.0
233 http fetch GET 200 https://registry.npmjs.org/@types%2freact 3ms (cache hit)
234 silly fetch manifest react@^18.0.0 || ^19.0.0
235 silly fetch manifest react-dom@^18.0.0 || ^19.0.0
236 silly placeDep ROOT @prisma/config@7.2.0 OK for: prisma@7.2.0 want: 7.2.0
237 silly fetch manifest c12@3.1.0
238 silly fetch manifest effect@3.18.4
239 silly fetch manifest empathic@2.0.0
240 silly fetch manifest deepmerge-ts@7.1.5
241 silly placeDep ROOT @prisma/dev@0.17.0 OK for: prisma@7.2.0 want: 0.17.0
242 silly fetch manifest hono@4.10.6
243 silly fetch manifest pathe@2.0.3
244 silly fetch manifest remeda@2.21.3
245 silly fetch manifest std-env@3.9.0
246 silly fetch manifest valibot@1.2.0
247 silly fetch manifest zeptomatch@2.0.2
248 silly fetch manifest get-port-please@3.1.2
249 silly fetch manifest proper-lockfile@4.1.2
250 silly fetch manifest foreground-child@3.3.1
251 silly fetch manifest @hono/node-server@1.19.6
252 silly fetch manifest http-status-codes@2.3.0
253 silly fetch manifest @mrleebo/prisma-ast@0.12.1
254 silly fetch manifest @electric-sql/pglite@0.3.2
255 silly fetch manifest @prisma/get-platform@6.8.2
256 silly fetch manifest @electric-sql/pglite-tools@0.2.7
257 silly fetch manifest @electric-sql/pglite-socket@0.0.6
258 silly fetch manifest @prisma/query-plan-executor@6.18.0
259 silly placeDep ROOT @prisma/engines@7.2.0 OK for: prisma@7.2.0 want: 7.2.0
260 silly fetch manifest @prisma/debug@7.2.0
261 silly fetch manifest @prisma/fetch-engine@7.2.0
262 silly fetch manifest @prisma/get-platform@7.2.0
263 silly fetch manifest @prisma/engines-version@7.2.0-4.0c8ef2ce45c83248ab3df073180d5eda9e8be7a3
264 silly placeDep ROOT @prisma/studio-core@0.9.0 OK for: prisma@7.2.0 want: 0.9.0
265 silly placeDep ROOT mysql2@3.15.3 OK for: prisma@7.2.0 want: 3.15.3
266 silly fetch manifest long@^5.2.1
267 silly fetch manifest denque@^2.1.0
268 silly fetch manifest lru.min@^1.0.0
269 silly fetch manifest seq-queue@^0.0.5
270 silly fetch manifest sqlstring@^2.3.2
271 silly fetch manifest iconv-lite@^0.7.0
272 silly fetch manifest aws-ssl-profiles@^1.1.1
273 silly fetch manifest generate-function@^2.3.1
274 silly fetch manifest named-placeholders@^1.1.3
275 silly placeDep ROOT postgres@3.4.7 OK for: prisma@7.2.0 want: 3.4.7
276 http fetch GET 200 https://registry.npmjs.org/valibot 52ms (cache miss)
277 http fetch GET 200 https://registry.npmjs.org/std-env 63ms (cache miss)
278 http fetch GET 200 https://registry.npmjs.org/empathic 66ms (cache miss)
279 http fetch GET 200 https://registry.npmjs.org/foreground-child 78ms (cache miss)
280 http fetch GET 200 https://registry.npmjs.org/zeptomatch 80ms (cache miss)
281 http fetch GET 200 https://registry.npmjs.org/pathe 81ms (cache miss)
282 http fetch GET 200 https://registry.npmjs.org/c12 83ms (cache miss)
283 http fetch GET 200 https://registry.npmjs.org/deepmerge-ts 84ms (cache miss)
284 http fetch GET 200 https://registry.npmjs.org/http-status-codes 84ms (cache miss)
285 http fetch GET 200 https://registry.npmjs.org/proper-lockfile 96ms (cache miss)
286 http fetch GET 200 https://registry.npmjs.org/remeda 102ms (cache miss)
287 http fetch GET 200 https://registry.npmjs.org/get-port-please 104ms (cache miss)
288 http fetch GET 200 https://registry.npmjs.org/effect 108ms (cache miss)
289 http fetch GET 200 https://registry.npmjs.org/@hono%2fnode-server 105ms (cache miss)
290 http fetch GET 200 https://registry.npmjs.org/hono 125ms (cache miss)
291 http fetch GET 200 https://registry.npmjs.org/@mrleebo%2fprisma-ast 130ms (cache miss)
292 http fetch GET 200 https://registry.npmjs.org/@electric-sql%2fpglite 130ms (cache miss)
293 http fetch GET 200 https://registry.npmjs.org/@electric-sql%2fpglite-tools 133ms (cache miss)
294 http fetch GET 200 https://registry.npmjs.org/long 131ms (cache miss)
295 http fetch GET 200 https://registry.npmjs.org/seq-queue 133ms (cache miss)
296 http fetch GET 200 https://registry.npmjs.org/lru.min 147ms (cache miss)
297 http fetch GET 200 https://registry.npmjs.org/generate-function 160ms (cache miss)
298 http fetch GET 200 https://registry.npmjs.org/sqlstring 165ms (cache miss)
299 http fetch GET 200 https://registry.npmjs.org/iconv-lite 165ms (cache miss)
300 http fetch GET 200 https://registry.npmjs.org/aws-ssl-profiles 168ms (cache miss)
301 http fetch GET 200 https://registry.npmjs.org/named-placeholders 184ms (cache miss)
302 http fetch GET 200 https://registry.npmjs.org/denque 246ms (cache miss)
303 http fetch GET 200 https://registry.npmjs.org/@electric-sql%2fpglite-socket 270ms (cache miss)
304 http fetch GET 200 https://registry.npmjs.org/@prisma%2fquery-plan-executor 408ms (cache miss)
305 http fetch GET 200 https://registry.npmjs.org/@prisma%2fengines-version 1522ms (cache miss)
306 http fetch GET 200 https://registry.npmjs.org/@prisma%2ffetch-engine 2296ms (cache miss)
307 http fetch GET 200 https://registry.npmjs.org/@prisma%2fget-platform 2399ms (cache miss)
308 http fetch GET 200 https://registry.npmjs.org/@prisma%2fget-platform 2613ms (cache miss)
309 http fetch GET 200 https://registry.npmjs.org/@prisma%2fdebug 3187ms (cache miss)
310 timing idealTree:node_modules/prisma Completed in 3242ms
311 silly fetch manifest magicast@^0.3.5
312 http fetch GET 200 https://registry.npmjs.org/magicast 41ms (cache miss)
313 silly placeDep ROOT c12@3.1.0 OK for: @prisma/config@7.2.0 want: 3.1.0
314 silly fetch manifest rc9@^2.1.2
315 silly fetch manifest defu@^6.1.4
316 silly fetch manifest giget@^2.0.0
317 silly fetch manifest ohash@^2.0.11
318 silly fetch manifest pathe@^2.0.3
319 silly fetch manifest dotenv@^16.6.1
320 silly fetch manifest confbox@^0.2.2
321 silly fetch manifest exsolve@^1.0.7
322 silly fetch manifest chokidar@^4.0.3
323 silly fetch manifest pkg-types@^2.2.0
324 silly fetch manifest perfect-debounce@^1.0.0
325 silly placeDep ROOT deepmerge-ts@7.1.5 OK for: @prisma/config@7.2.0 want: 7.1.5
326 silly placeDep ROOT effect@3.18.4 OK for: @prisma/config@7.2.0 want: 3.18.4
327 silly fetch manifest fast-check@^3.23.1
328 silly fetch manifest @standard-schema/spec@^1.0.0
329 silly placeDep ROOT empathic@2.0.0 OK for: @prisma/config@7.2.0 want: 2.0.0
330 http fetch GET 200 https://registry.npmjs.org/exsolve 38ms (cache miss)
331 http fetch GET 200 https://registry.npmjs.org/confbox 43ms (cache miss)
332 http fetch GET 200 https://registry.npmjs.org/pkg-types 45ms (cache miss)
333 http fetch GET 200 https://registry.npmjs.org/giget 48ms (cache miss)
334 http fetch GET 200 https://registry.npmjs.org/ohash 49ms (cache miss)
335 http fetch GET 200 https://registry.npmjs.org/defu 55ms (cache miss)
336 http fetch GET 200 https://registry.npmjs.org/rc9 57ms (cache miss)
337 http fetch GET 200 https://registry.npmjs.org/chokidar 54ms (cache miss)
338 http fetch GET 200 https://registry.npmjs.org/perfect-debounce 55ms (cache miss)
339 http fetch GET 200 https://registry.npmjs.org/@standard-schema%2fspec 63ms (cache miss)
340 http fetch GET 200 https://registry.npmjs.org/dotenv 69ms (cache miss)
341 http fetch GET 200 https://registry.npmjs.org/fast-check 67ms (cache miss)
342 timing idealTree:node_modules/@prisma/config Completed in 124ms
343 silly fetch manifest typescript@>=5
344 silly placeDep ROOT @electric-sql/pglite@0.3.2 OK for: @prisma/dev@0.17.0 want: 0.3.2
345 silly placeDep ROOT @electric-sql/pglite-socket@0.0.6 OK for: @prisma/dev@0.17.0 want: 0.0.6
346 silly placeDep ROOT @electric-sql/pglite-tools@0.2.7 OK for: @prisma/dev@0.17.0 want: 0.2.7
347 silly placeDep ROOT @hono/node-server@1.19.6 OK for: @prisma/dev@0.17.0 want: 1.19.6
348 silly placeDep ROOT hono@4.10.6 OK for: @hono/node-server@1.19.6 want: ^4
349 silly placeDep ROOT @mrleebo/prisma-ast@0.12.1 OK for: @prisma/dev@0.17.0 want: 0.12.1
350 silly fetch manifest lilconfig@^2.1.0
351 silly fetch manifest chevrotain@^10.5.0
352 silly placeDep ROOT @prisma/get-platform@6.8.2 OK for: @prisma/dev@0.17.0 want: 6.8.2
353 silly fetch manifest @prisma/debug@6.8.2
354 silly placeDep ROOT @prisma/query-plan-executor@6.18.0 OK for: @prisma/dev@0.17.0 want: 6.18.0
355 silly placeDep ROOT foreground-child@3.3.1 OK for: @prisma/dev@0.17.0 want: 3.3.1
356 silly fetch manifest signal-exit@^4.0.1
357 silly placeDep ROOT get-port-please@3.1.2 OK for: @prisma/dev@0.17.0 want: 3.1.2
358 silly placeDep ROOT http-status-codes@2.3.0 OK for: @prisma/dev@0.17.0 want: 2.3.0
359 silly placeDep ROOT pathe@2.0.3 OK for: @prisma/dev@0.17.0 want: 2.0.3
360 silly placeDep ROOT proper-lockfile@4.1.2 OK for: @prisma/dev@0.17.0 want: 4.1.2
361 silly fetch manifest retry@^0.12.0
362 silly fetch manifest signal-exit@^3.0.2
363 silly placeDep ROOT remeda@2.21.3 OK for: @prisma/dev@0.17.0 want: 2.21.3
364 silly fetch manifest type-fest@^4.39.1
365 silly placeDep ROOT std-env@3.9.0 OK for: @prisma/dev@0.17.0 want: 3.9.0
366 silly placeDep ROOT valibot@1.2.0 OK for: @prisma/dev@0.17.0 want: 1.2.0
367 silly placeDep ROOT zeptomatch@2.0.2 OK for: @prisma/dev@0.17.0 want: 2.0.2
368 silly fetch manifest grammex@^3.1.10
369 http fetch GET 200 https://registry.npmjs.org/lilconfig 45ms (cache miss)
370 http fetch GET 200 https://registry.npmjs.org/signal-exit 41ms (cache miss)
371 http fetch GET 200 https://registry.npmjs.org/retry 43ms (cache miss)
372 http fetch GET 200 https://registry.npmjs.org/grammex 41ms (cache miss)
373 http fetch GET 200 https://registry.npmjs.org/signal-exit 45ms (cache miss)
374 http fetch GET 200 https://registry.npmjs.org/type-fest 63ms (cache miss)
375 http fetch GET 200 https://registry.npmjs.org/chevrotain 76ms (cache miss)
376 timing idealTree:node_modules/@prisma/dev Completed in 84ms
377 timing idealTree:node_modules/@electric-sql/pglite Completed in 0ms
378 timing idealTree:node_modules/@electric-sql/pglite-socket Completed in 0ms
379 timing idealTree:node_modules/@electric-sql/pglite-tools Completed in 0ms
380 timing idealTree:node_modules/@hono/node-server Completed in 0ms
381 silly placeDep ROOT chevrotain@10.5.0 OK for: @mrleebo/prisma-ast@0.12.1 want: ^10.5.0
382 silly fetch manifest lodash@4.17.21
383 silly fetch manifest regexp-to-ast@0.5.0
384 silly fetch manifest @chevrotain/gast@10.5.0
385 silly fetch manifest @chevrotain/types@10.5.0
386 silly fetch manifest @chevrotain/utils@10.5.0
387 silly fetch manifest @chevrotain/cst-dts-gen@10.5.0
388 silly placeDep ROOT lilconfig@2.1.0 OK for: @mrleebo/prisma-ast@0.12.1 want: ^2.1.0
389 http fetch GET 200 https://registry.npmjs.org/regexp-to-ast 39ms (cache miss)
390 http fetch GET 200 https://registry.npmjs.org/@chevrotain%2futils 65ms (cache miss)
391 http fetch GET 200 https://registry.npmjs.org/lodash 67ms (cache miss)
392 http fetch GET 200 https://registry.npmjs.org/@chevrotain%2fgast 67ms (cache miss)
393 http fetch GET 200 https://registry.npmjs.org/@chevrotain%2fcst-dts-gen 117ms (cache miss)
394 http fetch GET 200 https://registry.npmjs.org/@chevrotain%2ftypes 182ms (cache miss)
395 timing idealTree:node_modules/@mrleebo/prisma-ast Completed in 185ms
396 silly placeDep ROOT @prisma/debug@7.2.0 OK for: @prisma/engines@7.2.0 want: 7.2.0
397 silly placeDep ROOT @prisma/engines-version@7.2.0-4.0c8ef2ce45c83248ab3df073180d5eda9e8be7a3 OK for: @prisma/engines@7.2.0 want: 7.2.0-4.0c8ef2ce45c83248ab3df073180d5eda9e8be7a3
398 silly placeDep ROOT @prisma/fetch-engine@7.2.0 OK for: @prisma/engines@7.2.0 want: 7.2.0
399 silly placeDep node_modules/@prisma/engines @prisma/get-platform@7.2.0 OK for: @prisma/engines@7.2.0 want: 7.2.0
400 timing idealTree:node_modules/@prisma/engines Completed in 2ms
401 timing idealTree:node_modules/@prisma/debug Completed in 0ms
402 timing idealTree:node_modules/@prisma/engines-version Completed in 0ms
403 silly placeDep node_modules/@prisma/fetch-engine @prisma/get-platform@7.2.0 OK for: @prisma/fetch-engine@7.2.0 want: 7.2.0
404 timing idealTree:node_modules/@prisma/fetch-engine Completed in 0ms
405 silly placeDep node_modules/@prisma/get-platform @prisma/debug@6.8.2 OK for: @prisma/get-platform@6.8.2 want: 6.8.2
406 timing idealTree:node_modules/@prisma/get-platform Completed in 0ms
407 timing idealTree:node_modules/@prisma/query-plan-executor Completed in 0ms
408 timing idealTree:node_modules/@prisma/studio-core Completed in 0ms
409 silly placeDep ROOT chokidar@4.0.3 OK for: c12@3.1.0 want: ^4.0.3
410 silly fetch manifest readdirp@^4.0.1
411 silly placeDep ROOT confbox@0.2.2 OK for: c12@3.1.0 want: ^0.2.2
412 silly placeDep ROOT defu@6.1.4 OK for: c12@3.1.0 want: ^6.1.4
413 silly placeDep ROOT dotenv@16.6.1 OK for: c12@3.1.0 want: ^16.6.1
414 silly placeDep ROOT exsolve@1.0.8 OK for: c12@3.1.0 want: ^1.0.7
415 silly placeDep ROOT giget@2.0.0 OK for: c12@3.1.0 want: ^2.0.0
416 silly fetch manifest citty@^0.1.6
417 silly fetch manifest consola@^3.4.0
418 silly fetch manifest node-fetch-native@^1.6.6
419 silly fetch manifest nypm@^0.6.0
420 silly placeDep ROOT ohash@2.0.11 OK for: c12@3.1.0 want: ^2.0.11
421 silly placeDep ROOT perfect-debounce@1.0.0 OK for: c12@3.1.0 want: ^1.0.0
422 silly placeDep ROOT pkg-types@2.3.0 OK for: c12@3.1.0 want: ^2.2.0
423 silly placeDep ROOT rc9@2.1.2 OK for: c12@3.1.0 want: ^2.1.2
424 silly fetch manifest destr@^2.0.3
425 http fetch GET 200 https://registry.npmjs.org/nypm 38ms (cache miss)
426 http fetch GET 200 https://registry.npmjs.org/citty 50ms (cache miss)
427 http fetch GET 200 https://registry.npmjs.org/readdirp 52ms (cache miss)
428 http fetch GET 200 https://registry.npmjs.org/destr 47ms (cache miss)
429 http fetch GET 200 https://registry.npmjs.org/node-fetch-native 55ms (cache miss)
430 http fetch GET 200 https://registry.npmjs.org/consola 58ms (cache miss)
431 timing idealTree:node_modules/c12 Completed in 62ms
432 silly placeDep ROOT @chevrotain/cst-dts-gen@10.5.0 OK for: chevrotain@10.5.0 want: 10.5.0
433 silly placeDep ROOT @chevrotain/gast@10.5.0 OK for: chevrotain@10.5.0 want: 10.5.0
434 silly placeDep ROOT @chevrotain/types@10.5.0 OK for: chevrotain@10.5.0 want: 10.5.0
435 silly placeDep ROOT @chevrotain/utils@10.5.0 OK for: chevrotain@10.5.0 want: 10.5.0
436 silly placeDep ROOT lodash@4.17.21 OK for: chevrotain@10.5.0 want: 4.17.21
437 silly placeDep ROOT regexp-to-ast@0.5.0 OK for: chevrotain@10.5.0 want: 0.5.0
438 timing idealTree:node_modules/chevrotain Completed in 3ms
439 timing idealTree:node_modules/@chevrotain/cst-dts-gen Completed in 0ms
440 timing idealTree:node_modules/@chevrotain/gast Completed in 0ms
441 timing idealTree:node_modules/@chevrotain/types Completed in 0ms
442 timing idealTree:node_modules/@chevrotain/utils Completed in 0ms
443 silly placeDep ROOT readdirp@4.1.2 OK for: chokidar@4.0.3 want: ^4.0.1
444 timing idealTree:node_modules/chokidar Completed in 0ms
445 timing idealTree:node_modules/confbox Completed in 0ms
446 timing idealTree:node_modules/deepmerge-ts Completed in 0ms
447 timing idealTree:node_modules/defu Completed in 0ms
448 timing idealTree:node_modules/dotenv Completed in 0ms
449 silly placeDep ROOT @standard-schema/spec@1.1.0 OK for: effect@3.18.4 want: ^1.0.0
450 silly placeDep ROOT fast-check@3.23.2 OK for: effect@3.18.4 want: ^3.23.1
451 silly fetch manifest pure-rand@^6.1.0
452 http fetch GET 200 https://registry.npmjs.org/pure-rand 62ms (cache miss)
453 timing idealTree:node_modules/effect Completed in 64ms
454 timing idealTree:node_modules/@standard-schema/spec Completed in 0ms
455 timing idealTree:node_modules/empathic Completed in 0ms
456 timing idealTree:node_modules/exsolve Completed in 0ms
457 silly placeDep ROOT pure-rand@6.1.0 OK for: fast-check@3.23.2 want: ^6.1.0
458 timing idealTree:node_modules/fast-check Completed in 0ms
459 silly placeDep ROOT signal-exit@4.1.0 OK for: foreground-child@3.3.1 want: ^4.0.1
460 timing idealTree:node_modules/foreground-child Completed in 1ms
461 timing idealTree:node_modules/get-port-please Completed in 0ms
462 silly placeDep ROOT citty@0.1.6 OK for: giget@2.0.0 want: ^0.1.6
463 silly fetch manifest consola@^3.2.3
464 silly placeDep ROOT consola@3.4.2 OK for: giget@2.0.0 want: ^3.4.0
465 silly placeDep ROOT node-fetch-native@1.6.7 OK for: giget@2.0.0 want: ^1.6.6
466 silly placeDep ROOT nypm@0.6.2 OK for: giget@2.0.0 want: ^0.6.0
467 silly fetch manifest tinyexec@^1.0.1
468 http fetch GET 200 https://registry.npmjs.org/tinyexec 103ms (cache miss)
469 timing idealTree:node_modules/giget Completed in 105ms
470 timing idealTree:node_modules/citty Completed in 0ms
471 timing idealTree:node_modules/consola Completed in 0ms
472 timing idealTree:node_modules/hono Completed in 0ms
473 timing idealTree:node_modules/http-status-codes Completed in 0ms
474 timing idealTree:node_modules/lilconfig Completed in 0ms
475 timing idealTree:node_modules/lodash Completed in 0ms
476 silly placeDep ROOT aws-ssl-profiles@1.1.2 OK for: mysql2@3.15.3 want: ^1.1.1
477 silly placeDep ROOT denque@2.1.0 OK for: mysql2@3.15.3 want: ^2.1.0
478 silly placeDep ROOT generate-function@2.3.1 OK for: mysql2@3.15.3 want: ^2.3.1
479 silly fetch manifest is-property@^1.0.2
480 silly placeDep ROOT iconv-lite@0.7.2 OK for: mysql2@3.15.3 want: ^0.7.0
481 silly fetch manifest safer-buffer@>= 2.1.2 < 3.0.0
482 silly placeDep ROOT long@5.3.2 OK for: mysql2@3.15.3 want: ^5.2.1
483 silly placeDep ROOT lru.min@1.1.3 OK for: mysql2@3.15.3 want: ^1.0.0
484 silly placeDep ROOT named-placeholders@1.1.6 OK for: mysql2@3.15.3 want: ^1.1.3
485 silly placeDep ROOT seq-queue@0.0.5 OK for: mysql2@3.15.3 want: ^0.0.5
486 silly placeDep ROOT sqlstring@2.3.3 OK for: mysql2@3.15.3 want: ^2.3.2
487 http fetch GET 200 https://registry.npmjs.org/safer-buffer 42ms (cache miss)
488 http fetch GET 200 https://registry.npmjs.org/is-property 54ms (cache miss)
489 timing idealTree:node_modules/mysql2 Completed in 56ms
490 timing idealTree:node_modules/aws-ssl-profiles Completed in 0ms
491 timing idealTree:node_modules/denque Completed in 0ms
492 silly placeDep ROOT is-property@1.0.2 OK for: generate-function@2.3.1 want: ^1.0.2
493 timing idealTree:node_modules/generate-function Completed in 1ms
494 silly placeDep ROOT safer-buffer@2.1.2 OK for: iconv-lite@0.7.2 want: >= 2.1.2 < 3.0.0
495 timing idealTree:node_modules/iconv-lite Completed in 1ms
496 timing idealTree:node_modules/is-property Completed in 0ms
497 timing idealTree:node_modules/long Completed in 0ms
498 timing idealTree:node_modules/lru.min Completed in 0ms
499 timing idealTree:node_modules/named-placeholders Completed in 0ms
500 timing idealTree:node_modules/node-fetch-native Completed in 0ms
501 silly placeDep ROOT tinyexec@1.0.2 OK for: nypm@0.6.2 want: ^1.0.1
502 timing idealTree:node_modules/nypm Completed in 0ms
503 timing idealTree:node_modules/ohash Completed in 0ms
504 timing idealTree:node_modules/pathe Completed in 0ms
505 timing idealTree:node_modules/perfect-debounce Completed in 0ms
506 timing idealTree:node_modules/pkg-types Completed in 0ms
507 timing idealTree:node_modules/postgres Completed in 0ms
508 silly placeDep ROOT retry@0.12.0 OK for: proper-lockfile@4.1.2 want: ^0.12.0
509 silly placeDep node_modules/proper-lockfile signal-exit@3.0.7 OK for: proper-lockfile@4.1.2 want: ^3.0.2
510 timing idealTree:node_modules/proper-lockfile Completed in 1ms
511 timing idealTree:node_modules/pure-rand Completed in 0ms
512 silly placeDep ROOT destr@2.0.5 OK for: rc9@2.1.2 want: ^2.0.3
513 timing idealTree:node_modules/rc9 Completed in 1ms
514 timing idealTree:node_modules/destr Completed in 0ms
515 timing idealTree:node_modules/readdirp Completed in 0ms
516 timing idealTree:node_modules/regexp-to-ast Completed in 0ms
517 silly placeDep ROOT type-fest@4.41.0 OK for: remeda@2.21.3 want: ^4.39.1
518 timing idealTree:node_modules/remeda Completed in 0ms
519 timing idealTree:node_modules/retry Completed in 0ms
520 timing idealTree:node_modules/safer-buffer Completed in 0ms
521 timing idealTree:node_modules/seq-queue Completed in 0ms
522 timing idealTree:node_modules/signal-exit Completed in 0ms
523 timing idealTree:node_modules/sqlstring Completed in 0ms
524 timing idealTree:node_modules/std-env Completed in 0ms
525 timing idealTree:node_modules/tailwind-merge Completed in 0ms
526 timing idealTree:node_modules/tinyexec Completed in 0ms
527 timing idealTree:node_modules/type-fest Completed in 0ms
528 timing idealTree:node_modules/uuid Completed in 0ms
529 timing idealTree:node_modules/valibot Completed in 0ms
530 timing idealTree:node_modules/ws Completed in 0ms
531 silly placeDep ROOT grammex@3.1.12 OK for: zeptomatch@2.0.2 want: ^3.1.10
532 timing idealTree:node_modules/zeptomatch Completed in 1ms
533 timing idealTree:node_modules/grammex Completed in 0ms
534 timing idealTree:node_modules/@prisma/engines/node_modules/@prisma/get-platform Completed in 0ms
535 timing idealTree:node_modules/@prisma/fetch-engine/node_modules/@prisma/get-platform Completed in 0ms
536 timing idealTree:node_modules/@prisma/get-platform/node_modules/@prisma/debug Completed in 0ms
537 silly placeDep node_modules/ethers undici-types@6.19.8 OK for: @types/node@22.7.5 want: ~6.19.2
538 timing idealTree:node_modules/ethers/node_modules/@types/node Completed in 0ms
539 timing idealTree:node_modules/ethers/node_modules/tslib Completed in 0ms
540 timing idealTree:node_modules/ethers/node_modules/undici-types Completed in 0ms
541 timing idealTree:node_modules/ethers/node_modules/ws Completed in 0ms
542 silly placeDep node_modules/openid-client yallist@4.0.0 OK for: lru-cache@6.0.0 want: ^4.0.0
543 timing idealTree:node_modules/openid-client/node_modules/lru-cache Completed in 1ms
544 timing idealTree:node_modules/openid-client/node_modules/yallist Completed in 0ms
545 timing idealTree:node_modules/proper-lockfile/node_modules/signal-exit Completed in 0ms
546 timing idealTree:buildDeps Completed in 9359ms
547 timing idealTree:fixDepFlags Completed in 2ms
548 warn EBADENGINE Unsupported engine {
548 warn EBADENGINE   package: 'next@16.1.3',
548 warn EBADENGINE   required: { node: '>=20.9.0' },
548 warn EBADENGINE   current: { node: 'v18.18.2', npm: '9.8.1' }
548 warn EBADENGINE }
549 warn EBADENGINE Unsupported engine {
549 warn EBADENGINE   package: '@prisma/client@7.2.0',
549 warn EBADENGINE   required: { node: '^20.19 || ^22.12 || >=24.0' },
549 warn EBADENGINE   current: { node: 'v18.18.2', npm: '9.8.1' }
549 warn EBADENGINE }
550 warn EBADENGINE Unsupported engine {
550 warn EBADENGINE   package: '@supabase/supabase-js@2.90.1',
550 warn EBADENGINE   required: { node: '>=20.0.0' },
550 warn EBADENGINE   current: { node: 'v18.18.2', npm: '9.8.1' }
550 warn EBADENGINE }
551 warn EBADENGINE Unsupported engine {
551 warn EBADENGINE   package: 'prisma@7.2.0',
551 warn EBADENGINE   required: { node: '^20.19 || ^22.12 || >=24.0' },
551 warn EBADENGINE   current: { node: 'v18.18.2', npm: '9.8.1' }
551 warn EBADENGINE }
552 warn EBADENGINE Unsupported engine {
552 warn EBADENGINE   package: '@supabase/auth-js@2.90.1',
552 warn EBADENGINE   required: { node: '>=20.0.0' },
552 warn EBADENGINE   current: { node: 'v18.18.2', npm: '9.8.1' }
552 warn EBADENGINE }
553 warn EBADENGINE Unsupported engine {
553 warn EBADENGINE   package: '@supabase/functions-js@2.90.1',
553 warn EBADENGINE   required: { node: '>=20.0.0' },
553 warn EBADENGINE   current: { node: 'v18.18.2', npm: '9.8.1' }
553 warn EBADENGINE }
554 warn EBADENGINE Unsupported engine {
554 warn EBADENGINE   package: '@supabase/postgrest-js@2.90.1',
554 warn EBADENGINE   required: { node: '>=20.0.0' },
554 warn EBADENGINE   current: { node: 'v18.18.2', npm: '9.8.1' }
554 warn EBADENGINE }
555 warn EBADENGINE Unsupported engine {
555 warn EBADENGINE   package: '@supabase/realtime-js@2.90.1',
555 warn EBADENGINE   required: { node: '>=20.0.0' },
555 warn EBADENGINE   current: { node: 'v18.18.2', npm: '9.8.1' }
555 warn EBADENGINE }
556 warn EBADENGINE Unsupported engine {
556 warn EBADENGINE   package: '@supabase/storage-js@2.90.1',
556 warn EBADENGINE   required: { node: '>=20.0.0' },
556 warn EBADENGINE   current: { node: 'v18.18.2', npm: '9.8.1' }
556 warn EBADENGINE }
557 warn EBADENGINE Unsupported engine {
557 warn EBADENGINE   package: 'iceberg-js@0.8.1',
557 warn EBADENGINE   required: { node: '>=20.0.0' },
557 warn EBADENGINE   current: { node: 'v18.18.2', npm: '9.8.1' }
557 warn EBADENGINE }
558 timing idealTree Completed in 9483ms
559 timing reify:loadTrees Completed in 9484ms
560 timing reify:diffTrees Completed in 5ms
561 silly reify moves {}
562 timing reify:retireShallow Completed in 0ms
563 timing reify:createSparse Completed in 7ms
564 verbose reify failed optional dependency /Users/chengfang/Downloads/make money/shopping/node_modules/@tailwindcss/oxide-wasm32-wasi
565 silly reify mark deleted [
565 silly reify   '/Users/chengfang/Downloads/make money/shopping/node_modules/@tailwindcss/oxide-wasm32-wasi'
565 silly reify ]
566 timing reifyNode:node_modules/@tailwindcss/oxide-wasm32-wasi Completed in 1ms
567 timing arborist:ctor Completed in 0ms
568 timing reify:diffTrees Completed in 2ms
569 timing reify:loadBundles Completed in 7ms
570 silly audit bulk request {
570 silly audit   '@alloc/quick-lru': [ '5.2.0' ],
570 silly audit   '@babel/code-frame': [ '7.28.6' ],
570 silly audit   '@babel/compat-data': [ '7.28.6' ],
570 silly audit   '@babel/core': [ '7.28.6' ],
570 silly audit   '@babel/generator': [ '7.28.6' ],
570 silly audit   '@babel/helper-compilation-targets': [ '7.28.6' ],
570 silly audit   '@babel/helper-globals': [ '7.28.0' ],
570 silly audit   '@babel/helper-module-imports': [ '7.28.6' ],
570 silly audit   '@babel/helper-module-transforms': [ '7.28.6' ],
570 silly audit   '@babel/helper-string-parser': [ '7.27.1' ],
570 silly audit   '@babel/helper-validator-identifier': [ '7.28.5' ],
570 silly audit   '@babel/helper-validator-option': [ '7.27.1' ],
570 silly audit   '@babel/helpers': [ '7.28.6' ],
570 silly audit   '@babel/parser': [ '7.28.6' ],
570 silly audit   '@babel/template': [ '7.28.6' ],
570 silly audit   '@babel/traverse': [ '7.28.6' ],
570 silly audit   '@babel/types': [ '7.28.6' ],
570 silly audit   '@emnapi/core': [ '1.8.1' ],
570 silly audit   '@emnapi/runtime': [ '1.8.1' ],
570 silly audit   '@emnapi/wasi-threads': [ '1.1.0' ],
570 silly audit   '@eslint-community/eslint-utils': [ '4.9.1' ],
570 silly audit   'eslint-visitor-keys': [ '3.4.3', '4.2.1' ],
570 silly audit   '@eslint-community/regexpp': [ '4.12.2' ],
570 silly audit   '@eslint/config-array': [ '0.21.1' ],
570 silly audit   '@eslint/config-helpers': [ '0.4.2' ],
570 silly audit   '@eslint/core': [ '0.17.0' ],
570 silly audit   '@eslint/eslintrc': [ '3.3.3' ],
570 silly audit   '@eslint/js': [ '9.39.2' ],
570 silly audit   '@eslint/object-schema': [ '2.1.7' ],
570 silly audit   '@eslint/plugin-kit': [ '0.4.1' ],
570 silly audit   '@humanfs/core': [ '0.19.1' ],
570 silly audit   '@humanfs/node': [ '0.16.7' ],
570 silly audit   '@humanwhocodes/module-importer': [ '1.0.1' ],
570 silly audit   '@humanwhocodes/retry': [ '0.4.3' ],
570 silly audit   '@img/colour': [ '1.0.0' ],
570 silly audit   '@img/sharp-darwin-arm64': [ '0.34.5' ],
570 silly audit   '@img/sharp-darwin-x64': [ '0.34.5' ],
570 silly audit   '@img/sharp-libvips-darwin-arm64': [ '1.2.4' ],
570 silly audit   '@img/sharp-libvips-darwin-x64': [ '1.2.4' ],
570 silly audit   '@img/sharp-libvips-linux-arm': [ '1.2.4' ],
570 silly audit   '@img/sharp-libvips-linux-arm64': [ '1.2.4' ],
570 silly audit   '@img/sharp-libvips-linux-ppc64': [ '1.2.4' ],
570 silly audit   '@img/sharp-libvips-linux-riscv64': [ '1.2.4' ],
570 silly audit   '@img/sharp-libvips-linux-s390x': [ '1.2.4' ],
570 silly audit   '@img/sharp-libvips-linux-x64': [ '1.2.4' ],
570 silly audit   '@img/sharp-libvips-linuxmusl-arm64': [ '1.2.4' ],
570 silly audit   '@img/sharp-libvips-linuxmusl-x64': [ '1.2.4' ],
570 silly audit   '@img/sharp-linux-arm': [ '0.34.5' ],
570 silly audit   '@img/sharp-linux-arm64': [ '0.34.5' ],
570 silly audit   '@img/sharp-linux-ppc64': [ '0.34.5' ],
570 silly audit   '@img/sharp-linux-riscv64': [ '0.34.5' ],
570 silly audit   '@img/sharp-linux-s390x': [ '0.34.5' ],
570 silly audit   '@img/sharp-linux-x64': [ '0.34.5' ],
570 silly audit   '@img/sharp-linuxmusl-arm64': [ '0.34.5' ],
570 silly audit   '@img/sharp-linuxmusl-x64': [ '0.34.5' ],
570 silly audit   '@img/sharp-wasm32': [ '0.34.5' ],
570 silly audit   '@img/sharp-win32-arm64': [ '0.34.5' ],
570 silly audit   '@img/sharp-win32-ia32': [ '0.34.5' ],
570 silly audit   '@img/sharp-win32-x64': [ '0.34.5' ],
570 silly audit   '@jridgewell/gen-mapping': [ '0.3.13' ],
570 silly audit   '@jridgewell/remapping': [ '2.3.5' ],
570 silly audit   '@jridgewell/resolve-uri': [ '3.1.2' ],
570 silly audit   '@jridgewell/sourcemap-codec': [ '1.5.5' ],
570 silly audit   '@jridgewell/trace-mapping': [ '0.3.31' ],
570 silly audit   '@napi-rs/wasm-runtime': [ '0.2.12' ],
570 silly audit   '@next/env': [ '16.1.3' ],
570 silly audit   '@next/eslint-plugin-next': [ '16.1.3' ],
570 silly audit   '@next/swc-darwin-arm64': [ '16.1.3' ],
570 silly audit   '@next/swc-darwin-x64': [ '16.1.3' ],
570 silly audit   '@next/swc-linux-arm64-gnu': [ '16.1.3' ],
570 silly audit   '@next/swc-linux-arm64-musl': [ '16.1.3' ],
570 silly audit   '@next/swc-linux-x64-gnu': [ '16.1.3' ],
570 silly audit   '@next/swc-linux-x64-musl': [ '16.1.3' ],
570 silly audit   '@next/swc-win32-arm64-msvc': [ '16.1.3' ],
570 silly audit   '@next/swc-win32-x64-msvc': [ '16.1.3' ],
570 silly audit   '@nodelib/fs.scandir': [ '2.1.5' ],
570 silly audit   '@nodelib/fs.stat': [ '2.0.5' ],
570 silly audit   '@nodelib/fs.walk': [ '1.2.8' ],
570 silly audit   '@nolyfill/is-core-module': [ '1.0.39' ],
570 silly audit   '@rtsao/scc': [ '1.1.0' ],
570 silly audit   '@swc/helpers': [ '0.5.15' ],
570 silly audit   '@tailwindcss/node': [ '4.1.18' ],
570 silly audit   '@tailwindcss/oxide': [ '4.1.18' ],
570 silly audit   '@tailwindcss/oxide-android-arm64': [ '4.1.18' ],
570 silly audit   '@tailwindcss/oxide-darwin-arm64': [ '4.1.18' ],
570 silly audit   '@tailwindcss/oxide-darwin-x64': [ '4.1.18' ],
570 silly audit   '@tailwindcss/oxide-freebsd-x64': [ '4.1.18' ],
570 silly audit   '@tailwindcss/oxide-linux-arm-gnueabihf': [ '4.1.18' ],
570 silly audit   '@tailwindcss/oxide-linux-arm64-gnu': [ '4.1.18' ],
570 silly audit   '@tailwindcss/oxide-linux-arm64-musl': [ '4.1.18' ],
570 silly audit   '@tailwindcss/oxide-linux-x64-gnu': [ '4.1.18' ],
570 silly audit   '@tailwindcss/oxide-linux-x64-musl': [ '4.1.18' ],
570 silly audit   '@tailwindcss/oxide-win32-arm64-msvc': [ '4.1.18' ],
570 silly audit   '@tailwindcss/oxide-win32-x64-msvc': [ '4.1.18' ],
570 silly audit   '@tailwindcss/postcss': [ '4.1.18' ],
570 silly audit   '@tybys/wasm-util': [ '0.10.1' ],
570 silly audit   '@types/estree': [ '1.0.8' ],
570 silly audit   '@types/json-schema': [ '7.0.15' ],
570 silly audit   '@types/json5': [ '0.0.29' ],
570 silly audit   '@types/node': [ '20.19.30', '22.7.5' ],
570 silly audit   '@types/react': [ '19.2.8' ],
570 silly audit   '@types/react-dom': [ '19.2.3' ],
570 silly audit   '@typescript-eslint/eslint-plugin': [ '8.53.1' ],
570 silly audit   ignore: [ '7.0.5', '5.3.2' ],
570 silly audit   '@typescript-eslint/parser': [ '8.53.1' ],
570 silly audit   '@typescript-eslint/project-service': [ '8.53.1' ],
570 silly audit   '@typescript-eslint/scope-manager': [ '8.53.1' ],
570 silly audit   '@typescript-eslint/tsconfig-utils': [ '8.53.1' ],
570 silly audit   '@typescript-eslint/type-utils': [ '8.53.1' ],
570 silly audit   '@typescript-eslint/types': [ '8.53.1' ],
570 silly audit   '@typescript-eslint/typescript-estree': [ '8.53.1' ],
570 silly audit   'brace-expansion': [ '2.0.2', '1.1.12' ],
570 silly audit   minimatch: [ '9.0.5', '3.1.2' ],
570 silly audit   semver: [ '7.7.3', '6.3.1' ],
570 silly audit   '@typescript-eslint/utils': [ '8.53.1' ],
570 silly audit   '@typescript-eslint/visitor-keys': [ '8.53.1' ],
570 silly audit   '@unrs/resolver-binding-android-arm-eabi': [ '1.11.1' ],
570 silly audit   '@unrs/resolver-binding-android-arm64': [ '1.11.1' ],
570 silly audit   '@unrs/resolver-binding-darwin-arm64': [ '1.11.1' ],
570 silly audit   '@unrs/resolver-binding-darwin-x64': [ '1.11.1' ],
570 silly audit   '@unrs/resolver-binding-freebsd-x64': [ '1.11.1' ],
570 silly audit   '@unrs/resolver-binding-linux-arm-gnueabihf': [ '1.11.1' ],
570 silly audit   '@unrs/resolver-binding-linux-arm-musleabihf': [ '1.11.1' ],
570 silly audit   '@unrs/resolver-binding-linux-arm64-gnu': [ '1.11.1' ],
570 silly audit   '@unrs/resolver-binding-linux-arm64-musl': [ '1.11.1' ],
570 silly audit   '@unrs/resolver-binding-linux-ppc64-gnu': [ '1.11.1' ],
570 silly audit   '@unrs/resolver-binding-linux-riscv64-gnu': [ '1.11.1' ],
570 silly audit   '@unrs/resolver-binding-linux-riscv64-musl': [ '1.11.1' ],
570 silly audit   '@unrs/resolver-binding-linux-s390x-gnu': [ '1.11.1' ],
570 silly audit   '@unrs/resolver-binding-linux-x64-gnu': [ '1.11.1' ],
570 silly audit   '@unrs/resolver-binding-linux-x64-musl': [ '1.11.1' ],
570 silly audit   '@unrs/resolver-binding-wasm32-wasi': [ '1.11.1' ],
570 silly audit   '@unrs/resolver-binding-win32-arm64-msvc': [ '1.11.1' ],
570 silly audit   '@unrs/resolver-binding-win32-ia32-msvc': [ '1.11.1' ],
570 silly audit   '@unrs/resolver-binding-win32-x64-msvc': [ '1.11.1' ],
570 silly audit   acorn: [ '8.15.0' ],
570 silly audit   'acorn-jsx': [ '5.3.2' ],
570 silly audit   ajv: [ '6.12.6' ],
570 silly audit   'ansi-styles': [ '4.3.0' ],
570 silly audit   argparse: [ '2.0.1' ],
570 silly audit   'aria-query': [ '5.3.2' ],
570 silly audit   'array-buffer-byte-length': [ '1.0.2' ],
570 silly audit   'array-includes': [ '3.1.9' ],
570 silly audit   'array.prototype.findlast': [ '1.2.5' ],
570 silly audit   'array.prototype.findlastindex': [ '1.2.6' ],
570 silly audit   'array.prototype.flat': [ '1.3.3' ],
570 silly audit   'array.prototype.flatmap': [ '1.3.3' ],
570 silly audit   'array.prototype.tosorted': [ '1.1.4' ],
570 silly audit   'arraybuffer.prototype.slice': [ '1.0.4' ],
570 silly audit   'ast-types-flow': [ '0.0.8' ],
570 silly audit   'async-function': [ '1.0.0' ],
570 silly audit   'available-typed-arrays': [ '1.0.7' ],
570 silly audit   'axe-core': [ '4.11.1' ],
570 silly audit   'axobject-query': [ '4.1.0' ],
570 silly audit   'balanced-match': [ '1.0.2' ],
570 silly audit   'baseline-browser-mapping': [ '2.9.15' ],
570 silly audit   braces: [ '3.0.3' ],
570 silly audit   browserslist: [ '4.28.1' ],
570 silly audit   'call-bind': [ '1.0.8' ],
570 silly audit   'call-bind-apply-helpers': [ '1.0.2' ],
570 silly audit   'call-bound': [ '1.0.4' ],
570 silly audit   callsites: [ '3.1.0' ],
570 silly audit   'caniuse-lite': [ '1.0.30001765' ],
570 silly audit   chalk: [ '4.1.2' ],
570 silly audit   'client-only': [ '0.0.1' ],
570 silly audit   'color-convert': [ '2.0.1' ],
570 silly audit   'color-name': [ '1.1.4' ],
570 silly audit   'concat-map': [ '0.0.1' ],
570 silly audit   'convert-source-map': [ '2.0.0' ],
570 silly audit   'cross-spawn': [ '7.0.6' ],
570 silly audit   csstype: [ '3.2.3' ],
570 silly audit   'damerau-levenshtein': [ '1.0.8' ],
570 silly audit   'data-view-buffer': [ '1.0.2' ],
570 silly audit   'data-view-byte-length': [ '1.0.2' ],
570 silly audit   'data-view-byte-offset': [ '1.0.1' ],
570 silly audit   debug: [ '4.4.3', '3.2.7' ],
570 silly audit   'deep-is': [ '0.1.4' ],
570 silly audit   'define-data-property': [ '1.1.4' ],
570 silly audit   'define-properties': [ '1.2.1' ],
570 silly audit   'detect-libc': [ '2.1.2' ],
570 silly audit   doctrine: [ '2.1.0' ],
570 silly audit   'dunder-proto': [ '1.0.1' ],
570 silly audit   'electron-to-chromium': [ '1.5.267' ],
570 silly audit   'emoji-regex': [ '9.2.2' ],
570 silly audit   'enhanced-resolve': [ '5.18.4' ],
570 silly audit   'es-abstract': [ '1.24.1' ],
570 silly audit   'es-define-property': [ '1.0.1' ],
570 silly audit   'es-errors': [ '1.3.0' ],
570 silly audit   'es-iterator-helpers': [ '1.2.2' ],
570 silly audit   'es-object-atoms': [ '1.1.1' ],
570 silly audit   'es-set-tostringtag': [ '2.1.0' ],
570 silly audit   'es-shim-unscopables': [ '1.1.0' ],
570 silly audit   'es-to-primitive': [ '1.3.0' ],
570 silly audit   escalade: [ '3.2.0' ],
570 silly audit   'escape-string-regexp': [ '4.0.0' ],
570 silly audit   eslint: [ '9.39.2' ],
570 silly audit   'eslint-config-next': [ '16.1.3' ],
570 silly audit   globals: [ '16.4.0', '14.0.0' ],
570 silly audit   'eslint-import-resolver-node': [ '0.3.9' ],
570 silly audit   'eslint-import-resolver-typescript': [ '3.10.1' ],
570 silly audit   'eslint-module-utils': [ '2.12.1' ],
570 silly audit   'eslint-plugin-import': [ '2.32.0' ],
570 silly audit   'eslint-plugin-jsx-a11y': [ '6.10.2' ],
570 silly audit   'eslint-plugin-react': [ '7.37.5' ],
570 silly audit   'eslint-plugin-react-hooks': [ '7.0.1' ],
570 silly audit   resolve: [ '2.0.0-next.5', '1.22.11' ],
570 silly audit   'eslint-scope': [ '8.4.0' ],
570 silly audit   espree: [ '10.4.0' ],
570 silly audit   esquery: [ '1.7.0' ],
570 silly audit   esrecurse: [ '4.3.0' ],
570 silly audit   estraverse: [ '5.3.0' ],
570 silly audit   esutils: [ '2.0.3' ],
570 silly audit   'fast-deep-equal': [ '3.1.3' ],
570 silly audit   'fast-glob': [ '3.3.1' ],
570 silly audit   'glob-parent': [ '5.1.2', '6.0.2' ],
570 silly audit   'fast-json-stable-stringify': [ '2.1.0' ],
570 silly audit   'fast-levenshtein': [ '2.0.6' ],
570 silly audit   fastq: [ '1.20.1' ],
570 silly audit   'file-entry-cache': [ '8.0.0' ],
570 silly audit   'fill-range': [ '7.1.1' ],
570 silly audit   'find-up': [ '5.0.0' ],
570 silly audit   'flat-cache': [ '4.0.1' ],
570 silly audit   flatted: [ '3.3.3' ],
570 silly audit   'for-each': [ '0.3.5' ],
570 silly audit   'function-bind': [ '1.1.2' ],
570 silly audit   'function.prototype.name': [ '1.1.8' ],
570 silly audit   'functions-have-names': [ '1.2.3' ],
570 silly audit   'generator-function': [ '2.0.1' ],
570 silly audit   gensync: [ '1.0.0-beta.2' ],
570 silly audit   'get-intrinsic': [ '1.3.0' ],
570 silly audit   'get-proto': [ '1.0.1' ],
570 silly audit   'get-symbol-description': [ '1.1.0' ],
570 silly audit   'get-tsconfig': [ '4.13.0' ],
570 silly audit   globalthis: [ '1.0.4' ],
570 silly audit   gopd: [ '1.2.0' ],
570 silly audit   'graceful-fs': [ '4.2.11' ],
570 silly audit   'has-bigints': [ '1.1.0' ],
570 silly audit   'has-flag': [ '4.0.0' ],
570 silly audit   'has-property-descriptors': [ '1.0.2' ],
570 silly audit   'has-proto': [ '1.2.0' ],
570 silly audit   'has-symbols': [ '1.1.0' ],
570 silly audit   'has-tostringtag': [ '1.0.2' ],
570 silly audit   hasown: [ '2.0.2' ],
570 silly audit   'hermes-estree': [ '0.25.1' ],
570 silly audit   'hermes-parser': [ '0.25.1' ],
570 silly audit   'import-fresh': [ '3.3.1' ],
570 silly audit   imurmurhash: [ '0.1.4' ],
570 silly audit   'internal-slot': [ '1.1.0' ],
570 silly audit   'is-array-buffer': [ '3.0.5' ],
570 silly audit   'is-async-function': [ '2.1.1' ],
570 silly audit   'is-bigint': [ '1.1.0' ],
570 silly audit   'is-boolean-object': [ '1.2.2' ],
570 silly audit   'is-bun-module': [ '2.0.0' ],
570 silly audit   'is-callable': [ '1.2.7' ],
570 silly audit   'is-core-module': [ '2.16.1' ],
570 silly audit   'is-data-view': [ '1.0.2' ],
570 silly audit   'is-date-object': [ '1.1.0' ],
570 silly audit   'is-extglob': [ '2.1.1' ],
570 silly audit   'is-finalizationregistry': [ '1.1.1' ],
570 silly audit   'is-generator-function': [ '1.1.2' ],
570 silly audit   'is-glob': [ '4.0.3' ],
570 silly audit   'is-map': [ '2.0.3' ],
570 silly audit   'is-negative-zero': [ '2.0.3' ],
570 silly audit   'is-number': [ '7.0.0' ],
570 silly audit   'is-number-object': [ '1.1.1' ],
570 silly audit   'is-regex': [ '1.2.1' ],
570 silly audit   'is-set': [ '2.0.3' ],
570 silly audit   'is-shared-array-buffer': [ '1.0.4' ],
570 silly audit   'is-string': [ '1.1.1' ],
570 silly audit   'is-symbol': [ '1.1.1' ],
570 silly audit   'is-typed-array': [ '1.1.15' ],
570 silly audit   'is-weakmap': [ '2.0.2' ],
570 silly audit   'is-weakref': [ '1.1.1' ],
570 silly audit   'is-weakset': [ '2.0.4' ],
570 silly audit   isarray: [ '2.0.5' ],
570 silly audit   isexe: [ '2.0.0' ],
570 silly audit   'iterator.prototype': [ '1.1.5' ],
570 silly audit   jiti: [ '2.6.1' ],
570 silly audit   'js-tokens': [ '4.0.0' ],
570 silly audit   'js-yaml': [ '4.1.1' ],
570 silly audit   jsesc: [ '3.1.0' ],
570 silly audit   'json-buffer': [ '3.0.1' ],
570 silly audit   'json-schema-traverse': [ '0.4.1' ],
570 silly audit   'json-stable-stringify-without-jsonify': [ '1.0.1' ],
570 silly audit   json5: [ '2.2.3', '1.0.2' ],
570 silly audit   'jsx-ast-utils': [ '3.3.5' ],
570 silly audit   keyv: [ '4.5.4' ],
570 silly audit   'language-subtag-registry': [ '0.3.23' ],
570 silly audit   'language-tags': [ '1.0.9' ],
570 silly audit   levn: [ '0.4.1' ],
570 silly audit   lightningcss: [ '1.30.2' ],
570 silly audit   'lightningcss-android-arm64': [ '1.30.2' ],
570 silly audit   'lightningcss-darwin-arm64': [ '1.30.2' ],
570 silly audit   'lightningcss-darwin-x64': [ '1.30.2' ],
570 silly audit   'lightningcss-freebsd-x64': [ '1.30.2' ],
570 silly audit   'lightningcss-linux-arm-gnueabihf': [ '1.30.2' ],
570 silly audit   'lightningcss-linux-arm64-gnu': [ '1.30.2' ],
570 silly audit   'lightningcss-linux-arm64-musl': [ '1.30.2' ],
570 silly audit   'lightningcss-linux-x64-gnu': [ '1.30.2' ],
570 silly audit   'lightningcss-linux-x64-musl': [ '1.30.2' ],
570 silly audit   'lightningcss-win32-arm64-msvc': [ '1.30.2' ],
570 silly audit   'lightningcss-win32-x64-msvc': [ '1.30.2' ],
570 silly audit   'locate-path': [ '6.0.0' ],
570 silly audit   'lodash.merge': [ '4.6.2' ],
570 silly audit   'loose-envify': [ '1.4.0' ],
570 silly audit   'lru-cache': [ '5.1.1', '6.0.0' ],
570 silly audit   'magic-string': [ '0.30.21' ],
570 silly audit   'math-intrinsics': [ '1.1.0' ],
570 silly audit   merge2: [ '1.4.1' ],
570 silly audit   micromatch: [ '4.0.8' ],
570 silly audit   minimist: [ '1.2.8' ],
570 silly audit   ms: [ '2.1.3' ],
570 silly audit   nanoid: [ '3.3.11' ],
570 silly audit   'napi-postinstall': [ '0.3.4' ],
570 silly audit   'natural-compare': [ '1.4.0' ],
570 silly audit   next: [ '16.1.3' ],
570 silly audit   postcss: [ '8.4.31', '8.5.6' ],
570 silly audit   'node-releases': [ '2.0.27' ],
570 silly audit   'object-assign': [ '4.1.1' ],
570 silly audit   'object-inspect': [ '1.13.4' ],
570 silly audit   'object-keys': [ '1.1.1' ],
570 silly audit   'object.assign': [ '4.1.7' ],
570 silly audit   'object.entries': [ '1.1.9' ],
570 silly audit   'object.fromentries': [ '2.0.8' ],
570 silly audit   'object.groupby': [ '1.0.3' ],
570 silly audit   'object.values': [ '1.2.1' ],
570 silly audit   optionator: [ '0.9.4' ],
570 silly audit   'own-keys': [ '1.0.1' ],
570 silly audit   'p-limit': [ '3.1.0' ],
570 silly audit   'p-locate': [ '5.0.0' ],
570 silly audit   'parent-module': [ '1.0.1' ],
570 silly audit   'path-exists': [ '4.0.0' ],
570 silly audit   'path-key': [ '3.1.1' ],
570 silly audit   'path-parse': [ '1.0.7' ],
570 silly audit   picocolors: [ '1.1.1' ],
570 silly audit   picomatch: [ '2.3.1', '4.0.3' ],
570 silly audit   'possible-typed-array-names': [ '1.1.0' ],
570 silly audit   'prelude-ls': [ '1.2.1' ],
570 silly audit   'prop-types': [ '15.8.1' ],
570 silly audit   punycode: [ '2.3.1' ],
570 silly audit   'queue-microtask': [ '1.2.3' ],
570 silly audit   react: [ '19.2.3' ],
570 silly audit   'react-dom': [ '19.2.3' ],
570 silly audit   'react-is': [ '16.13.1' ],
570 silly audit   'reflect.getprototypeof': [ '1.0.10' ],
570 silly audit   'regexp.prototype.flags': [ '1.5.4' ],
570 silly audit   'resolve-from': [ '4.0.0' ],
570 silly audit   'resolve-pkg-maps': [ '1.0.0' ],
570 silly audit   reusify: [ '1.1.0' ],
570 silly audit   'run-parallel': [ '1.2.0' ],
570 silly audit   'safe-array-concat': [ '1.1.3' ],
570 silly audit   'safe-push-apply': [ '1.0.0' ],
570 silly audit   'safe-regex-test': [ '1.1.0' ],
570 silly audit   scheduler: [ '0.27.0' ],
570 silly audit   'set-function-length': [ '1.2.2' ],
570 silly audit   'set-function-name': [ '2.0.2' ],
570 silly audit   'set-proto': [ '1.0.0' ],
570 silly audit   sharp: [ '0.34.5' ],
570 silly audit   'shebang-command': [ '2.0.0' ],
570 silly audit   'shebang-regex': [ '3.0.0' ],
570 silly audit   'side-channel': [ '1.1.0' ],
570 silly audit   'side-channel-list': [ '1.0.0' ],
570 silly audit   'side-channel-map': [ '1.0.1' ],
570 silly audit   'side-channel-weakmap': [ '1.0.2' ],
570 silly audit   'source-map-js': [ '1.2.1' ],
570 silly audit   'stable-hash': [ '0.0.5' ],
570 silly audit   'stop-iteration-iterator': [ '1.1.0' ],
570 silly audit   'string.prototype.includes': [ '2.0.1' ],
570 silly audit   'string.prototype.matchall': [ '4.0.12' ],
570 silly audit   'string.prototype.repeat': [ '1.0.0' ],
570 silly audit   'string.prototype.trim': [ '1.2.10' ],
570 silly audit   'string.prototype.trimend': [ '1.0.9' ],
570 silly audit   'string.prototype.trimstart': [ '1.0.8' ],
570 silly audit   'strip-bom': [ '3.0.0' ],
570 silly audit   'strip-json-comments': [ '3.1.1' ],
570 silly audit   'styled-jsx': [ '5.1.6' ],
570 silly audit   'supports-color': [ '7.2.0' ],
570 silly audit   'supports-preserve-symlinks-flag': [ '1.0.0' ],
570 silly audit   tailwindcss: [ '4.1.18' ],
570 silly audit   tapable: [ '2.3.0' ],
570 silly audit   tinyglobby: [ '0.2.15' ],
570 silly audit   fdir: [ '6.5.0' ],
570 silly audit   'to-regex-range': [ '5.0.1' ],
570 silly audit   'ts-api-utils': [ '2.4.0' ],
570 silly audit   'tsconfig-paths': [ '3.15.0' ],
570 silly audit   tslib: [ '2.8.1', '2.7.0' ],
570 silly audit   'type-check': [ '0.4.0' ],
570 silly audit   'typed-array-buffer': [ '1.0.3' ],
570 silly audit   'typed-array-byte-length': [ '1.0.3' ],
570 silly audit   'typed-array-byte-offset': [ '1.0.4' ],
570 silly audit   'typed-array-length': [ '1.0.7' ],
570 silly audit   typescript: [ '5.9.3' ],
570 silly audit   'typescript-eslint': [ '8.53.1' ],
570 silly audit   'unbox-primitive': [ '1.1.0' ],
570 silly audit   'undici-types': [ '6.21.0', '6.19.8' ],
570 silly audit   'unrs-resolver': [ '1.11.1' ],
570 silly audit   'update-browserslist-db': [ '1.2.3' ],
570 silly audit   'uri-js': [ '4.4.1' ],
570 silly audit   which: [ '2.0.2' ],
570 silly audit   'which-boxed-primitive': [ '1.1.1' ],
570 silly audit   'which-builtin-type': [ '1.2.1' ],
570 silly audit   'which-collection': [ '1.0.2' ],
570 silly audit   'which-typed-array': [ '1.1.20' ],
570 silly audit   'word-wrap': [ '1.2.5' ],
570 silly audit   yallist: [ '3.1.1', '4.0.0' ],
570 silly audit   'yocto-queue': [ '0.1.0' ],
570 silly audit   zod: [ '4.3.5' ],
570 silly audit   'zod-validation-error': [ '4.0.2' ],
570 silly audit   '@prisma/client': [ '7.2.0' ],
570 silly audit   '@supabase/supabase-js': [ '2.90.1' ],
570 silly audit   bcryptjs: [ '3.0.3' ],
570 silly audit   clsx: [ '2.1.1' ],
570 silly audit   ethers: [ '6.16.0' ],
570 silly audit   'lucide-react': [ '0.562.0' ],
570 silly audit   'next-auth': [ '4.24.13' ],
570 silly audit   prisma: [ '7.2.0' ],
570 silly audit   'tailwind-merge': [ '3.4.0' ],
570 silly audit   '@prisma/client-runtime-utils': [ '7.2.0' ],
570 silly audit   '@supabase/auth-js': [ '2.90.1' ],
570 silly audit   '@supabase/functions-js': [ '2.90.1' ],
570 silly audit   '@supabase/postgrest-js': [ '2.90.1' ],
570 silly audit   '@supabase/realtime-js': [ '2.90.1' ],
570 silly audit   '@supabase/storage-js': [ '2.90.1' ],
570 silly audit   '@types/phoenix': [ '1.6.7' ],
570 silly audit   '@types/ws': [ '8.18.1' ],
570 silly audit   ws: [ '8.19.0', '8.17.1' ],
570 silly audit   'iceberg-js': [ '0.8.1' ],
570 silly audit   '@adraffy/ens-normalize': [ '1.10.1' ],
570 silly audit   '@noble/curves': [ '1.2.0' ],
570 silly audit   '@noble/hashes': [ '1.3.2' ],
570 silly audit   'aes-js': [ '4.0.0-beta.5' ],
570 silly audit   '@babel/runtime': [ '7.28.6' ],
570 silly audit   '@panva/hkdf': [ '1.2.1' ],
570 silly audit   cookie: [ '0.7.2' ],
570 silly audit   jose: [ '4.15.9' ],
570 silly audit   oauth: [ '0.9.15' ],
570 silly audit   'openid-client': [ '5.7.1' ],
570 silly audit   preact: [ '10.28.2' ],
570 silly audit   'preact-render-to-string': [ '5.2.6' ],
570 silly audit   uuid: [ '8.3.2' ],
570 silly audit   'object-hash': [ '2.2.0' ],
570 silly audit   'oidc-token-hash': [ '5.2.0' ],
570 silly audit   'pretty-format': [ '3.8.0' ],
570 silly audit   '@prisma/config': [ '7.2.0' ],
570 silly audit   '@prisma/dev': [ '0.17.0' ],
570 silly audit   '@prisma/engines': [ '7.2.0' ],
570 silly audit   '@prisma/studio-core': [ '0.9.0' ],
570 silly audit   mysql2: [ '3.15.3' ],
570 silly audit   postgres: [ '3.4.7' ],
570 silly audit   c12: [ '3.1.0' ],
570 silly audit   'deepmerge-ts': [ '7.1.5' ],
570 silly audit   effect: [ '3.18.4' ],
570 silly audit   empathic: [ '2.0.0' ],
570 silly audit   '@electric-sql/pglite': [ '0.3.2' ],
570 silly audit   '@electric-sql/pglite-socket': [ '0.0.6' ],
570 silly audit   '@electric-sql/pglite-tools': [ '0.2.7' ],
570 silly audit   '@hono/node-server': [ '1.19.6' ],
570 silly audit   hono: [ '4.10.6' ],
570 silly audit   '@mrleebo/prisma-ast': [ '0.12.1' ],
570 silly audit   '@prisma/get-platform': [ '6.8.2', '7.2.0' ],
570 silly audit   '@prisma/query-plan-executor': [ '6.18.0' ],
570 silly audit   'foreground-child': [ '3.3.1' ],
570 silly audit   'get-port-please': [ '3.1.2' ],
570 silly audit   'http-status-codes': [ '2.3.0' ],
570 silly audit   pathe: [ '2.0.3' ],
570 silly audit   'proper-lockfile': [ '4.1.2' ],
570 silly audit   remeda: [ '2.21.3' ],
570 silly audit   'std-env': [ '3.9.0' ],
570 silly audit   valibot: [ '1.2.0' ],
570 silly audit   zeptomatch: [ '2.0.2' ],
570 silly audit   chevrotain: [ '10.5.0' ],
570 silly audit   lilconfig: [ '2.1.0' ],
570 silly audit   '@prisma/debug': [ '7.2.0', '6.8.2' ],
570 silly audit   '@prisma/engines-version': [ '7.2.0-4.0c8ef2ce45c83248ab3df073180d5eda9e8be7a3' ],
570 silly audit   '@prisma/fetch-engine': [ '7.2.0' ],
570 silly audit   chokidar: [ '4.0.3' ],
570 silly audit   confbox: [ '0.2.2' ],
570 silly audit   defu: [ '6.1.4' ],
570 silly audit   dotenv: [ '16.6.1' ],
570 silly audit   exsolve: [ '1.0.8' ],
570 silly audit   giget: [ '2.0.0' ],
570 silly audit   ohash: [ '2.0.11' ],
570 silly audit   'perfect-debounce': [ '1.0.0' ],
570 silly audit   'pkg-types': [ '2.3.0' ],
570 silly audit   rc9: [ '2.1.2' ],
570 silly audit   '@chevrotain/cst-dts-gen': [ '10.5.0' ],
570 silly audit   '@chevrotain/gast': [ '10.5.0' ],
570 silly audit   '@chevrotain/types': [ '10.5.0' ],
570 silly audit   '@chevrotain/utils': [ '10.5.0' ],
570 silly audit   lodash: [ '4.17.21' ],
570 silly audit   'regexp-to-ast': [ '0.5.0' ],
570 silly audit   readdirp: [ '4.1.2' ],
570 silly audit   '@standard-schema/spec': [ '1.1.0' ],
570 silly audit   'fast-check': [ '3.23.2' ],
570 silly audit   'pure-rand': [ '6.1.0' ],
570 silly audit   'signal-exit': [ '4.1.0', '3.0.7' ],
570 silly audit   citty: [ '0.1.6' ],
570 silly audit   consola: [ '3.4.2' ],
570 silly audit   'node-fetch-native': [ '1.6.7' ],
570 silly audit   nypm: [ '0.6.2' ],
570 silly audit   'aws-ssl-profiles': [ '1.1.2' ],
570 silly audit   denque: [ '2.1.0' ],
570 silly audit   'generate-function': [ '2.3.1' ],
570 silly audit   'iconv-lite': [ '0.7.2' ],
570 silly audit   long: [ '5.3.2' ],
570 silly audit   'lru.min': [ '1.1.3' ],
570 silly audit   'named-placeholders': [ '1.1.6' ],
570 silly audit   'seq-queue': [ '0.0.5' ],
570 silly audit   sqlstring: [ '2.3.3' ],
570 silly audit   'is-property': [ '1.0.2' ],
570 silly audit   'safer-buffer': [ '2.1.2' ],
570 silly audit   tinyexec: [ '1.0.2' ],
570 silly audit   retry: [ '0.12.0' ],
570 silly audit   destr: [ '2.0.5' ],
570 silly audit   'type-fest': [ '4.41.0' ],
570 silly audit   grammex: [ '3.1.12' ],
570 silly audit   '@tailwindcss/oxide-wasm32-wasi': [ '4.1.18' ]
570 silly audit }
571 verbose reify failed optional dependency /Users/chengfang/Downloads/make money/shopping/node_modules/lightningcss-win32-x64-msvc
572 silly reify mark deleted [
572 silly reify   '/Users/chengfang/Downloads/make money/shopping/node_modules/lightningcss-win32-x64-msvc'
572 silly reify ]
573 verbose reify failed optional dependency /Users/chengfang/Downloads/make money/shopping/node_modules/lightningcss-win32-arm64-msvc
574 silly reify mark deleted [
574 silly reify   '/Users/chengfang/Downloads/make money/shopping/node_modules/lightningcss-win32-arm64-msvc'
574 silly reify ]
575 verbose reify failed optional dependency /Users/chengfang/Downloads/make money/shopping/node_modules/lightningcss-linux-x64-musl
576 silly reify mark deleted [
576 silly reify   '/Users/chengfang/Downloads/make money/shopping/node_modules/lightningcss-linux-x64-musl'
576 silly reify ]
577 verbose reify failed optional dependency /Users/chengfang/Downloads/make money/shopping/node_modules/lightningcss-linux-x64-gnu
578 silly reify mark deleted [
578 silly reify   '/Users/chengfang/Downloads/make money/shopping/node_modules/lightningcss-linux-x64-gnu'
578 silly reify ]
579 verbose reify failed optional dependency /Users/chengfang/Downloads/make money/shopping/node_modules/lightningcss-linux-arm64-musl
580 silly reify mark deleted [
580 silly reify   '/Users/chengfang/Downloads/make money/shopping/node_modules/lightningcss-linux-arm64-musl'
580 silly reify ]
581 verbose reify failed optional dependency /Users/chengfang/Downloads/make money/shopping/node_modules/lightningcss-linux-arm64-gnu
582 silly reify mark deleted [
582 silly reify   '/Users/chengfang/Downloads/make money/shopping/node_modules/lightningcss-linux-arm64-gnu'
582 silly reify ]
583 verbose reify failed optional dependency /Users/chengfang/Downloads/make money/shopping/node_modules/lightningcss-linux-arm-gnueabihf
584 silly reify mark deleted [
584 silly reify   '/Users/chengfang/Downloads/make money/shopping/node_modules/lightningcss-linux-arm-gnueabihf'
584 silly reify ]
585 verbose reify failed optional dependency /Users/chengfang/Downloads/make money/shopping/node_modules/lightningcss-freebsd-x64
586 silly reify mark deleted [
586 silly reify   '/Users/chengfang/Downloads/make money/shopping/node_modules/lightningcss-freebsd-x64'
586 silly reify ]
587 verbose reify failed optional dependency /Users/chengfang/Downloads/make money/shopping/node_modules/lightningcss-darwin-x64
588 silly reify mark deleted [
588 silly reify   '/Users/chengfang/Downloads/make money/shopping/node_modules/lightningcss-darwin-x64'
588 silly reify ]
589 verbose reify failed optional dependency /Users/chengfang/Downloads/make money/shopping/node_modules/lightningcss-android-arm64
590 silly reify mark deleted [
590 silly reify   '/Users/chengfang/Downloads/make money/shopping/node_modules/lightningcss-android-arm64'
590 silly reify ]
591 verbose reify failed optional dependency /Users/chengfang/Downloads/make money/shopping/node_modules/@unrs/resolver-binding-win32-x64-msvc
592 silly reify mark deleted [
592 silly reify   '/Users/chengfang/Downloads/make money/shopping/node_modules/@unrs/resolver-binding-win32-x64-msvc'
592 silly reify ]
593 verbose reify failed optional dependency /Users/chengfang/Downloads/make money/shopping/node_modules/@unrs/resolver-binding-win32-ia32-msvc
594 silly reify mark deleted [
594 silly reify   '/Users/chengfang/Downloads/make money/shopping/node_modules/@unrs/resolver-binding-win32-ia32-msvc'
594 silly reify ]
595 verbose reify failed optional dependency /Users/chengfang/Downloads/make money/shopping/node_modules/@unrs/resolver-binding-win32-arm64-msvc
596 silly reify mark deleted [
596 silly reify   '/Users/chengfang/Downloads/make money/shopping/node_modules/@unrs/resolver-binding-win32-arm64-msvc'
596 silly reify ]
597 verbose reify failed optional dependency /Users/chengfang/Downloads/make money/shopping/node_modules/@unrs/resolver-binding-wasm32-wasi
598 silly reify mark deleted [
598 silly reify   '/Users/chengfang/Downloads/make money/shopping/node_modules/@unrs/resolver-binding-wasm32-wasi'
598 silly reify ]
599 verbose reify failed optional dependency /Users/chengfang/Downloads/make money/shopping/node_modules/@unrs/resolver-binding-linux-x64-musl
600 silly reify mark deleted [
600 silly reify   '/Users/chengfang/Downloads/make money/shopping/node_modules/@unrs/resolver-binding-linux-x64-musl'
600 silly reify ]
601 verbose reify failed optional dependency /Users/chengfang/Downloads/make money/shopping/node_modules/@unrs/resolver-binding-linux-x64-gnu
602 silly reify mark deleted [
602 silly reify   '/Users/chengfang/Downloads/make money/shopping/node_modules/@unrs/resolver-binding-linux-x64-gnu'
602 silly reify ]
603 verbose reify failed optional dependency /Users/chengfang/Downloads/make money/shopping/node_modules/@unrs/resolver-binding-linux-s390x-gnu
604 silly reify mark deleted [
604 silly reify   '/Users/chengfang/Downloads/make money/shopping/node_modules/@unrs/resolver-binding-linux-s390x-gnu'
604 silly reify ]
605 verbose reify failed optional dependency /Users/chengfang/Downloads/make money/shopping/node_modules/@unrs/resolver-binding-linux-riscv64-musl
606 silly reify mark deleted [
606 silly reify   '/Users/chengfang/Downloads/make money/shopping/node_modules/@unrs/resolver-binding-linux-riscv64-musl'
606 silly reify ]
607 verbose reify failed optional dependency /Users/chengfang/Downloads/make money/shopping/node_modules/@unrs/resolver-binding-linux-riscv64-gnu
608 silly reify mark deleted [
608 silly reify   '/Users/chengfang/Downloads/make money/shopping/node_modules/@unrs/resolver-binding-linux-riscv64-gnu'
608 silly reify ]
609 verbose reify failed optional dependency /Users/chengfang/Downloads/make money/shopping/node_modules/@unrs/resolver-binding-linux-ppc64-gnu
610 silly reify mark deleted [
610 silly reify   '/Users/chengfang/Downloads/make money/shopping/node_modules/@unrs/resolver-binding-linux-ppc64-gnu'
610 silly reify ]
611 verbose reify failed optional dependency /Users/chengfang/Downloads/make money/shopping/node_modules/@unrs/resolver-binding-linux-arm64-musl
612 silly reify mark deleted [
612 silly reify   '/Users/chengfang/Downloads/make money/shopping/node_modules/@unrs/resolver-binding-linux-arm64-musl'
612 silly reify ]
613 verbose reify failed optional dependency /Users/chengfang/Downloads/make money/shopping/node_modules/@unrs/resolver-binding-linux-arm64-gnu
614 silly reify mark deleted [
614 silly reify   '/Users/chengfang/Downloads/make money/shopping/node_modules/@unrs/resolver-binding-linux-arm64-gnu'
614 silly reify ]
615 verbose reify failed optional dependency /Users/chengfang/Downloads/make money/shopping/node_modules/@unrs/resolver-binding-linux-arm-musleabihf
616 silly reify mark deleted [
616 silly reify   '/Users/chengfang/Downloads/make money/shopping/node_modules/@unrs/resolver-binding-linux-arm-musleabihf'
616 silly reify ]
617 verbose reify failed optional dependency /Users/chengfang/Downloads/make money/shopping/node_modules/@unrs/resolver-binding-linux-arm-gnueabihf
618 silly reify mark deleted [
618 silly reify   '/Users/chengfang/Downloads/make money/shopping/node_modules/@unrs/resolver-binding-linux-arm-gnueabihf'
618 silly reify ]
619 verbose reify failed optional dependency /Users/chengfang/Downloads/make money/shopping/node_modules/@unrs/resolver-binding-freebsd-x64
620 silly reify mark deleted [
620 silly reify   '/Users/chengfang/Downloads/make money/shopping/node_modules/@unrs/resolver-binding-freebsd-x64'
620 silly reify ]
621 verbose reify failed optional dependency /Users/chengfang/Downloads/make money/shopping/node_modules/@unrs/resolver-binding-darwin-x64
622 silly reify mark deleted [
622 silly reify   '/Users/chengfang/Downloads/make money/shopping/node_modules/@unrs/resolver-binding-darwin-x64'
622 silly reify ]
623 verbose reify failed optional dependency /Users/chengfang/Downloads/make money/shopping/node_modules/@unrs/resolver-binding-android-arm64
624 silly reify mark deleted [
624 silly reify   '/Users/chengfang/Downloads/make money/shopping/node_modules/@unrs/resolver-binding-android-arm64'
624 silly reify ]
625 verbose reify failed optional dependency /Users/chengfang/Downloads/make money/shopping/node_modules/@unrs/resolver-binding-android-arm-eabi
626 silly reify mark deleted [
626 silly reify   '/Users/chengfang/Downloads/make money/shopping/node_modules/@unrs/resolver-binding-android-arm-eabi'
626 silly reify ]
627 verbose reify failed optional dependency /Users/chengfang/Downloads/make money/shopping/node_modules/@tailwindcss/oxide-win32-x64-msvc
628 silly reify mark deleted [
628 silly reify   '/Users/chengfang/Downloads/make money/shopping/node_modules/@tailwindcss/oxide-win32-x64-msvc'
628 silly reify ]
629 verbose reify failed optional dependency /Users/chengfang/Downloads/make money/shopping/node_modules/@tailwindcss/oxide-win32-arm64-msvc
630 silly reify mark deleted [
630 silly reify   '/Users/chengfang/Downloads/make money/shopping/node_modules/@tailwindcss/oxide-win32-arm64-msvc'
630 silly reify ]
631 verbose reify failed optional dependency /Users/chengfang/Downloads/make money/shopping/node_modules/@tailwindcss/oxide-linux-x64-musl
632 silly reify mark deleted [
632 silly reify   '/Users/chengfang/Downloads/make money/shopping/node_modules/@tailwindcss/oxide-linux-x64-musl'
632 silly reify ]
633 verbose reify failed optional dependency /Users/chengfang/Downloads/make money/shopping/node_modules/@tailwindcss/oxide-linux-x64-gnu
634 silly reify mark deleted [
634 silly reify   '/Users/chengfang/Downloads/make money/shopping/node_modules/@tailwindcss/oxide-linux-x64-gnu'
634 silly reify ]
635 verbose reify failed optional dependency /Users/chengfang/Downloads/make money/shopping/node_modules/@tailwindcss/oxide-linux-arm64-musl
636 silly reify mark deleted [
636 silly reify   '/Users/chengfang/Downloads/make money/shopping/node_modules/@tailwindcss/oxide-linux-arm64-musl'
636 silly reify ]
637 verbose reify failed optional dependency /Users/chengfang/Downloads/make money/shopping/node_modules/@tailwindcss/oxide-linux-arm64-gnu
638 silly reify mark deleted [
638 silly reify   '/Users/chengfang/Downloads/make money/shopping/node_modules/@tailwindcss/oxide-linux-arm64-gnu'
638 silly reify ]
639 verbose reify failed optional dependency /Users/chengfang/Downloads/make money/shopping/node_modules/@tailwindcss/oxide-linux-arm-gnueabihf
640 silly reify mark deleted [
640 silly reify   '/Users/chengfang/Downloads/make money/shopping/node_modules/@tailwindcss/oxide-linux-arm-gnueabihf'
640 silly reify ]
641 verbose reify failed optional dependency /Users/chengfang/Downloads/make money/shopping/node_modules/@tailwindcss/oxide-freebsd-x64
642 silly reify mark deleted [
642 silly reify   '/Users/chengfang/Downloads/make money/shopping/node_modules/@tailwindcss/oxide-freebsd-x64'
642 silly reify ]
643 verbose reify failed optional dependency /Users/chengfang/Downloads/make money/shopping/node_modules/@tailwindcss/oxide-darwin-x64
644 silly reify mark deleted [
644 silly reify   '/Users/chengfang/Downloads/make money/shopping/node_modules/@tailwindcss/oxide-darwin-x64'
644 silly reify ]
645 verbose reify failed optional dependency /Users/chengfang/Downloads/make money/shopping/node_modules/@tailwindcss/oxide-android-arm64
646 silly reify mark deleted [
646 silly reify   '/Users/chengfang/Downloads/make money/shopping/node_modules/@tailwindcss/oxide-android-arm64'
646 silly reify ]
647 verbose reify failed optional dependency /Users/chengfang/Downloads/make money/shopping/node_modules/@next/swc-win32-x64-msvc
648 silly reify mark deleted [
648 silly reify   '/Users/chengfang/Downloads/make money/shopping/node_modules/@next/swc-win32-x64-msvc'
648 silly reify ]
649 verbose reify failed optional dependency /Users/chengfang/Downloads/make money/shopping/node_modules/@next/swc-win32-arm64-msvc
650 silly reify mark deleted [
650 silly reify   '/Users/chengfang/Downloads/make money/shopping/node_modules/@next/swc-win32-arm64-msvc'
650 silly reify ]
651 verbose reify failed optional dependency /Users/chengfang/Downloads/make money/shopping/node_modules/@next/swc-linux-x64-musl
652 silly reify mark deleted [
652 silly reify   '/Users/chengfang/Downloads/make money/shopping/node_modules/@next/swc-linux-x64-musl'
652 silly reify ]
653 verbose reify failed optional dependency /Users/chengfang/Downloads/make money/shopping/node_modules/@next/swc-linux-x64-gnu
654 silly reify mark deleted [
654 silly reify   '/Users/chengfang/Downloads/make money/shopping/node_modules/@next/swc-linux-x64-gnu'
654 silly reify ]
655 verbose reify failed optional dependency /Users/chengfang/Downloads/make money/shopping/node_modules/@next/swc-linux-arm64-musl
656 silly reify mark deleted [
656 silly reify   '/Users/chengfang/Downloads/make money/shopping/node_modules/@next/swc-linux-arm64-musl'
656 silly reify ]
657 verbose reify failed optional dependency /Users/chengfang/Downloads/make money/shopping/node_modules/@next/swc-linux-arm64-gnu
658 silly reify mark deleted [
658 silly reify   '/Users/chengfang/Downloads/make money/shopping/node_modules/@next/swc-linux-arm64-gnu'
658 silly reify ]
659 verbose reify failed optional dependency /Users/chengfang/Downloads/make money/shopping/node_modules/@next/swc-darwin-x64
660 silly reify mark deleted [
660 silly reify   '/Users/chengfang/Downloads/make money/shopping/node_modules/@next/swc-darwin-x64'
660 silly reify ]
661 verbose reify failed optional dependency /Users/chengfang/Downloads/make money/shopping/node_modules/@img/sharp-win32-x64
662 silly reify mark deleted [
662 silly reify   '/Users/chengfang/Downloads/make money/shopping/node_modules/@img/sharp-win32-x64'
662 silly reify ]
663 verbose reify failed optional dependency /Users/chengfang/Downloads/make money/shopping/node_modules/@img/sharp-win32-ia32
664 silly reify mark deleted [
664 silly reify   '/Users/chengfang/Downloads/make money/shopping/node_modules/@img/sharp-win32-ia32'
664 silly reify ]
665 verbose reify failed optional dependency /Users/chengfang/Downloads/make money/shopping/node_modules/@img/sharp-win32-arm64
666 silly reify mark deleted [
666 silly reify   '/Users/chengfang/Downloads/make money/shopping/node_modules/@img/sharp-win32-arm64'
666 silly reify ]
667 verbose reify failed optional dependency /Users/chengfang/Downloads/make money/shopping/node_modules/@img/sharp-wasm32
668 silly reify mark deleted [
668 silly reify   '/Users/chengfang/Downloads/make money/shopping/node_modules/@img/sharp-wasm32'
668 silly reify ]
669 verbose reify failed optional dependency /Users/chengfang/Downloads/make money/shopping/node_modules/@img/sharp-linuxmusl-x64
670 silly reify mark deleted [
670 silly reify   '/Users/chengfang/Downloads/make money/shopping/node_modules/@img/sharp-linuxmusl-x64'
670 silly reify ]
671 verbose reify failed optional dependency /Users/chengfang/Downloads/make money/shopping/node_modules/@img/sharp-linuxmusl-arm64
672 silly reify mark deleted [
672 silly reify   '/Users/chengfang/Downloads/make money/shopping/node_modules/@img/sharp-linuxmusl-arm64'
672 silly reify ]
673 verbose reify failed optional dependency /Users/chengfang/Downloads/make money/shopping/node_modules/@img/sharp-linux-x64
674 silly reify mark deleted [
674 silly reify   '/Users/chengfang/Downloads/make money/shopping/node_modules/@img/sharp-linux-x64'
674 silly reify ]
675 verbose reify failed optional dependency /Users/chengfang/Downloads/make money/shopping/node_modules/@img/sharp-linux-s390x
676 silly reify mark deleted [
676 silly reify   '/Users/chengfang/Downloads/make money/shopping/node_modules/@img/sharp-linux-s390x'
676 silly reify ]
677 verbose reify failed optional dependency /Users/chengfang/Downloads/make money/shopping/node_modules/@img/sharp-linux-riscv64
678 silly reify mark deleted [
678 silly reify   '/Users/chengfang/Downloads/make money/shopping/node_modules/@img/sharp-linux-riscv64'
678 silly reify ]
679 verbose reify failed optional dependency /Users/chengfang/Downloads/make money/shopping/node_modules/@img/sharp-linux-ppc64
680 silly reify mark deleted [
680 silly reify   '/Users/chengfang/Downloads/make money/shopping/node_modules/@img/sharp-linux-ppc64'
680 silly reify ]
681 verbose reify failed optional dependency /Users/chengfang/Downloads/make money/shopping/node_modules/@img/sharp-linux-arm64
682 silly reify mark deleted [
682 silly reify   '/Users/chengfang/Downloads/make money/shopping/node_modules/@img/sharp-linux-arm64'
682 silly reify ]
683 verbose reify failed optional dependency /Users/chengfang/Downloads/make money/shopping/node_modules/@img/sharp-linux-arm
684 silly reify mark deleted [
684 silly reify   '/Users/chengfang/Downloads/make money/shopping/node_modules/@img/sharp-linux-arm'
684 silly reify ]
685 verbose reify failed optional dependency /Users/chengfang/Downloads/make money/shopping/node_modules/@img/sharp-libvips-linuxmusl-x64
686 silly reify mark deleted [
686 silly reify   '/Users/chengfang/Downloads/make money/shopping/node_modules/@img/sharp-libvips-linuxmusl-x64'
686 silly reify ]
687 verbose reify failed optional dependency /Users/chengfang/Downloads/make money/shopping/node_modules/@img/sharp-libvips-linuxmusl-arm64
688 silly reify mark deleted [
688 silly reify   '/Users/chengfang/Downloads/make money/shopping/node_modules/@img/sharp-libvips-linuxmusl-arm64'
688 silly reify ]
689 verbose reify failed optional dependency /Users/chengfang/Downloads/make money/shopping/node_modules/@img/sharp-libvips-linux-x64
690 silly reify mark deleted [
690 silly reify   '/Users/chengfang/Downloads/make money/shopping/node_modules/@img/sharp-libvips-linux-x64'
690 silly reify ]
691 verbose reify failed optional dependency /Users/chengfang/Downloads/make money/shopping/node_modules/@img/sharp-libvips-linux-s390x
692 silly reify mark deleted [
692 silly reify   '/Users/chengfang/Downloads/make money/shopping/node_modules/@img/sharp-libvips-linux-s390x'
692 silly reify ]
693 verbose reify failed optional dependency /Users/chengfang/Downloads/make money/shopping/node_modules/@img/sharp-libvips-linux-riscv64
694 silly reify mark deleted [
694 silly reify   '/Users/chengfang/Downloads/make money/shopping/node_modules/@img/sharp-libvips-linux-riscv64'
694 silly reify ]
695 verbose reify failed optional dependency /Users/chengfang/Downloads/make money/shopping/node_modules/@img/sharp-libvips-linux-ppc64
696 silly reify mark deleted [
696 silly reify   '/Users/chengfang/Downloads/make money/shopping/node_modules/@img/sharp-libvips-linux-ppc64'
696 silly reify ]
697 verbose reify failed optional dependency /Users/chengfang/Downloads/make money/shopping/node_modules/@img/sharp-libvips-linux-arm64
698 silly reify mark deleted [
698 silly reify   '/Users/chengfang/Downloads/make money/shopping/node_modules/@img/sharp-libvips-linux-arm64'
698 silly reify ]
699 verbose reify failed optional dependency /Users/chengfang/Downloads/make money/shopping/node_modules/@img/sharp-libvips-linux-arm
700 silly reify mark deleted [
700 silly reify   '/Users/chengfang/Downloads/make money/shopping/node_modules/@img/sharp-libvips-linux-arm'
700 silly reify ]
701 verbose reify failed optional dependency /Users/chengfang/Downloads/make money/shopping/node_modules/@img/sharp-libvips-darwin-x64
702 silly reify mark deleted [
702 silly reify   '/Users/chengfang/Downloads/make money/shopping/node_modules/@img/sharp-libvips-darwin-x64'
702 silly reify ]
703 verbose reify failed optional dependency /Users/chengfang/Downloads/make money/shopping/node_modules/@img/sharp-darwin-x64
704 silly reify mark deleted [
704 silly reify   '/Users/chengfang/Downloads/make money/shopping/node_modules/@img/sharp-darwin-x64'
704 silly reify ]
705 timing reifyNode:node_modules/lightningcss-win32-x64-msvc Completed in 13ms
706 timing reifyNode:node_modules/lightningcss-win32-arm64-msvc Completed in 13ms
707 timing reifyNode:node_modules/lightningcss-linux-x64-musl Completed in 13ms
708 timing reifyNode:node_modules/lightningcss-linux-x64-gnu Completed in 13ms
709 timing reifyNode:node_modules/lightningcss-linux-arm64-musl Completed in 14ms
710 timing reifyNode:node_modules/lightningcss-linux-arm64-gnu Completed in 14ms
711 timing reifyNode:node_modules/lightningcss-linux-arm-gnueabihf Completed in 14ms
712 timing reifyNode:node_modules/lightningcss-freebsd-x64 Completed in 14ms
713 timing reifyNode:node_modules/lightningcss-darwin-x64 Completed in 14ms
714 timing reifyNode:node_modules/lightningcss-android-arm64 Completed in 14ms
715 timing reifyNode:node_modules/@unrs/resolver-binding-win32-x64-msvc Completed in 14ms
716 timing reifyNode:node_modules/@unrs/resolver-binding-win32-ia32-msvc Completed in 14ms
717 timing reifyNode:node_modules/@unrs/resolver-binding-win32-arm64-msvc Completed in 14ms
718 timing reifyNode:node_modules/@unrs/resolver-binding-wasm32-wasi Completed in 14ms
719 timing reifyNode:node_modules/@unrs/resolver-binding-linux-x64-musl Completed in 14ms
720 timing reifyNode:node_modules/@unrs/resolver-binding-linux-x64-gnu Completed in 14ms
721 timing reifyNode:node_modules/@unrs/resolver-binding-linux-s390x-gnu Completed in 14ms
722 timing reifyNode:node_modules/@unrs/resolver-binding-linux-riscv64-musl Completed in 14ms
723 timing reifyNode:node_modules/@unrs/resolver-binding-linux-riscv64-gnu Completed in 13ms
724 timing reifyNode:node_modules/@unrs/resolver-binding-linux-ppc64-gnu Completed in 13ms
725 timing reifyNode:node_modules/@unrs/resolver-binding-linux-arm64-musl Completed in 13ms
726 timing reifyNode:node_modules/@unrs/resolver-binding-linux-arm64-gnu Completed in 13ms
727 timing reifyNode:node_modules/@unrs/resolver-binding-linux-arm-musleabihf Completed in 13ms
728 timing reifyNode:node_modules/@unrs/resolver-binding-linux-arm-gnueabihf Completed in 13ms
729 timing reifyNode:node_modules/@unrs/resolver-binding-freebsd-x64 Completed in 13ms
730 timing reifyNode:node_modules/@unrs/resolver-binding-darwin-x64 Completed in 13ms
731 timing reifyNode:node_modules/@unrs/resolver-binding-android-arm64 Completed in 13ms
732 timing reifyNode:node_modules/@unrs/resolver-binding-android-arm-eabi Completed in 13ms
733 timing reifyNode:node_modules/@tailwindcss/oxide-win32-x64-msvc Completed in 13ms
734 timing reifyNode:node_modules/@tailwindcss/oxide-win32-arm64-msvc Completed in 13ms
735 timing reifyNode:node_modules/@tailwindcss/oxide-linux-x64-musl Completed in 13ms
736 timing reifyNode:node_modules/@tailwindcss/oxide-linux-x64-gnu Completed in 13ms
737 timing reifyNode:node_modules/@tailwindcss/oxide-linux-arm64-musl Completed in 13ms
738 timing reifyNode:node_modules/@tailwindcss/oxide-linux-arm64-gnu Completed in 13ms
739 timing reifyNode:node_modules/@tailwindcss/oxide-linux-arm-gnueabihf Completed in 13ms
740 timing reifyNode:node_modules/@tailwindcss/oxide-freebsd-x64 Completed in 13ms
741 timing reifyNode:node_modules/@tailwindcss/oxide-darwin-x64 Completed in 13ms
742 timing reifyNode:node_modules/@tailwindcss/oxide-android-arm64 Completed in 13ms
743 timing reifyNode:node_modules/@next/swc-win32-x64-msvc Completed in 13ms
744 timing reifyNode:node_modules/@next/swc-win32-arm64-msvc Completed in 13ms
745 timing reifyNode:node_modules/@next/swc-linux-x64-musl Completed in 13ms
746 timing reifyNode:node_modules/@next/swc-linux-x64-gnu Completed in 13ms
747 timing reifyNode:node_modules/@next/swc-linux-arm64-musl Completed in 13ms
748 timing reifyNode:node_modules/@next/swc-linux-arm64-gnu Completed in 13ms
749 timing reifyNode:node_modules/@next/swc-darwin-x64 Completed in 13ms
750 timing reifyNode:node_modules/@img/sharp-win32-x64 Completed in 13ms
751 timing reifyNode:node_modules/@img/sharp-win32-ia32 Completed in 14ms
752 timing reifyNode:node_modules/@img/sharp-win32-arm64 Completed in 13ms
753 timing reifyNode:node_modules/@img/sharp-wasm32 Completed in 13ms
754 timing reifyNode:node_modules/@img/sharp-linuxmusl-x64 Completed in 13ms
755 timing reifyNode:node_modules/@img/sharp-linuxmusl-arm64 Completed in 13ms
756 timing reifyNode:node_modules/@img/sharp-linux-x64 Completed in 13ms
757 timing reifyNode:node_modules/@img/sharp-linux-s390x Completed in 13ms
758 timing reifyNode:node_modules/@img/sharp-linux-riscv64 Completed in 13ms
759 timing reifyNode:node_modules/@img/sharp-linux-ppc64 Completed in 13ms
760 timing reifyNode:node_modules/@img/sharp-linux-arm64 Completed in 13ms
761 timing reifyNode:node_modules/@img/sharp-linux-arm Completed in 13ms
762 timing reifyNode:node_modules/@img/sharp-libvips-linuxmusl-x64 Completed in 13ms
763 timing reifyNode:node_modules/@img/sharp-libvips-linuxmusl-arm64 Completed in 13ms
764 timing reifyNode:node_modules/@img/sharp-libvips-linux-x64 Completed in 13ms
765 timing reifyNode:node_modules/@img/sharp-libvips-linux-s390x Completed in 13ms
766 timing reifyNode:node_modules/@img/sharp-libvips-linux-riscv64 Completed in 13ms
767 timing reifyNode:node_modules/@img/sharp-libvips-linux-ppc64 Completed in 13ms
768 timing reifyNode:node_modules/@img/sharp-libvips-linux-arm64 Completed in 13ms
769 timing reifyNode:node_modules/@img/sharp-libvips-linux-arm Completed in 13ms
770 timing reifyNode:node_modules/@img/sharp-libvips-darwin-x64 Completed in 13ms
771 timing reifyNode:node_modules/@img/sharp-darwin-x64 Completed in 13ms
772 silly tarball no local data for grammex@https://registry.npmjs.org/grammex/-/grammex-3.1.12.tgz. Extracting by manifest.
773 silly tarball no local data for destr@https://registry.npmjs.org/destr/-/destr-2.0.5.tgz. Extracting by manifest.
774 silly tarball no local data for tinyexec@https://registry.npmjs.org/tinyexec/-/tinyexec-1.0.2.tgz. Extracting by manifest.
775 silly tarball no local data for retry@https://registry.npmjs.org/retry/-/retry-0.12.0.tgz. Extracting by manifest.
776 silly tarball no local data for type-fest@https://registry.npmjs.org/type-fest/-/type-fest-4.41.0.tgz. Extracting by manifest.
777 silly tarball no local data for is-property@https://registry.npmjs.org/is-property/-/is-property-1.0.2.tgz. Extracting by manifest.
778 silly tarball no local data for safer-buffer@https://registry.npmjs.org/safer-buffer/-/safer-buffer-2.1.2.tgz. Extracting by manifest.
779 silly tarball no local data for sqlstring@https://registry.npmjs.org/sqlstring/-/sqlstring-2.3.3.tgz. Extracting by manifest.
780 silly tarball no local data for seq-queue@https://registry.npmjs.org/seq-queue/-/seq-queue-0.0.5.tgz. Extracting by manifest.
781 silly tarball no local data for named-placeholders@https://registry.npmjs.org/named-placeholders/-/named-placeholders-1.1.6.tgz. Extracting by manifest.
782 silly tarball no local data for long@https://registry.npmjs.org/long/-/long-5.3.2.tgz. Extracting by manifest.
783 silly tarball no local data for generate-function@https://registry.npmjs.org/generate-function/-/generate-function-2.3.1.tgz. Extracting by manifest.
784 silly tarball no local data for lru.min@https://registry.npmjs.org/lru.min/-/lru.min-1.1.3.tgz. Extracting by manifest.
785 silly tarball no local data for nypm@https://registry.npmjs.org/nypm/-/nypm-0.6.2.tgz. Extracting by manifest.
786 silly tarball no local data for node-fetch-native@https://registry.npmjs.org/node-fetch-native/-/node-fetch-native-1.6.7.tgz. Extracting by manifest.
787 silly tarball no local data for consola@https://registry.npmjs.org/consola/-/consola-3.4.2.tgz. Extracting by manifest.
788 silly tarball no local data for denque@https://registry.npmjs.org/denque/-/denque-2.1.0.tgz. Extracting by manifest.
789 silly tarball no local data for signal-exit@https://registry.npmjs.org/signal-exit/-/signal-exit-4.1.0.tgz. Extracting by manifest.
790 silly tarball no local data for citty@https://registry.npmjs.org/citty/-/citty-0.1.6.tgz. Extracting by manifest.
791 silly tarball no local data for aws-ssl-profiles@https://registry.npmjs.org/aws-ssl-profiles/-/aws-ssl-profiles-1.1.2.tgz. Extracting by manifest.
792 silly tarball no local data for pure-rand@https://registry.npmjs.org/pure-rand/-/pure-rand-6.1.0.tgz. Extracting by manifest.
793 silly tarball no local data for fast-check@https://registry.npmjs.org/fast-check/-/fast-check-3.23.2.tgz. Extracting by manifest.
794 silly tarball no local data for readdirp@https://registry.npmjs.org/readdirp/-/readdirp-4.1.2.tgz. Extracting by manifest.
795 silly tarball no local data for @standard-schema/spec@https://registry.npmjs.org/@standard-schema/spec/-/spec-1.1.0.tgz. Extracting by manifest.
796 silly tarball no local data for regexp-to-ast@https://registry.npmjs.org/regexp-to-ast/-/regexp-to-ast-0.5.0.tgz. Extracting by manifest.
797 silly tarball no local data for lodash@https://registry.npmjs.org/lodash/-/lodash-4.17.21.tgz. Extracting by manifest.
798 silly tarball no local data for @chevrotain/utils@https://registry.npmjs.org/@chevrotain/utils/-/utils-10.5.0.tgz. Extracting by manifest.
799 silly tarball no local data for iconv-lite@https://registry.npmjs.org/iconv-lite/-/iconv-lite-0.7.2.tgz. Extracting by manifest.
800 silly tarball no local data for @chevrotain/gast@https://registry.npmjs.org/@chevrotain/gast/-/gast-10.5.0.tgz. Extracting by manifest.
801 silly tarball no local data for rc9@https://registry.npmjs.org/rc9/-/rc9-2.1.2.tgz. Extracting by manifest.
802 silly tarball no local data for pkg-types@https://registry.npmjs.org/pkg-types/-/pkg-types-2.3.0.tgz. Extracting by manifest.
803 silly tarball no local data for @chevrotain/types@https://registry.npmjs.org/@chevrotain/types/-/types-10.5.0.tgz. Extracting by manifest.
804 silly tarball no local data for perfect-debounce@https://registry.npmjs.org/perfect-debounce/-/perfect-debounce-1.0.0.tgz. Extracting by manifest.
805 silly tarball no local data for ohash@https://registry.npmjs.org/ohash/-/ohash-2.0.11.tgz. Extracting by manifest.
806 silly tarball no local data for giget@https://registry.npmjs.org/giget/-/giget-2.0.0.tgz. Extracting by manifest.
807 silly tarball no local data for exsolve@https://registry.npmjs.org/exsolve/-/exsolve-1.0.8.tgz. Extracting by manifest.
808 silly tarball no local data for confbox@https://registry.npmjs.org/confbox/-/confbox-0.2.2.tgz. Extracting by manifest.
809 silly tarball no local data for @chevrotain/cst-dts-gen@https://registry.npmjs.org/@chevrotain/cst-dts-gen/-/cst-dts-gen-10.5.0.tgz. Extracting by manifest.
810 silly tarball no local data for dotenv@https://registry.npmjs.org/dotenv/-/dotenv-16.6.1.tgz. Extracting by manifest.
811 silly tarball no local data for defu@https://registry.npmjs.org/defu/-/defu-6.1.4.tgz. Extracting by manifest.
812 silly tarball no local data for @prisma/fetch-engine@https://registry.npmjs.org/@prisma/fetch-engine/-/fetch-engine-7.2.0.tgz. Extracting by manifest.
813 silly tarball no local data for chokidar@https://registry.npmjs.org/chokidar/-/chokidar-4.0.3.tgz. Extracting by manifest.
814 silly tarball no local data for @prisma/engines-version@https://registry.npmjs.org/@prisma/engines-version/-/engines-version-7.2.0-4.0c8ef2ce45c83248ab3df073180d5eda9e8be7a3.tgz. Extracting by manifest.
815 silly tarball no local data for @prisma/debug@https://registry.npmjs.org/@prisma/debug/-/debug-7.2.0.tgz. Extracting by manifest.
816 silly tarball no local data for lilconfig@https://registry.npmjs.org/lilconfig/-/lilconfig-2.1.0.tgz. Extracting by manifest.
817 silly tarball no local data for remeda@https://registry.npmjs.org/remeda/-/remeda-2.21.3.tgz. Extracting by manifest.
818 silly tarball no local data for chevrotain@https://registry.npmjs.org/chevrotain/-/chevrotain-10.5.0.tgz. Extracting by manifest.
819 silly tarball no local data for proper-lockfile@https://registry.npmjs.org/proper-lockfile/-/proper-lockfile-4.1.2.tgz. Extracting by manifest.
820 silly tarball no local data for std-env@https://registry.npmjs.org/std-env/-/std-env-3.9.0.tgz. Extracting by manifest.
821 silly tarball no local data for zeptomatch@https://registry.npmjs.org/zeptomatch/-/zeptomatch-2.0.2.tgz. Extracting by manifest.
822 silly tarball no local data for pathe@https://registry.npmjs.org/pathe/-/pathe-2.0.3.tgz. Extracting by manifest.
823 silly tarball no local data for valibot@https://registry.npmjs.org/valibot/-/valibot-1.2.0.tgz. Extracting by manifest.
824 silly tarball no local data for http-status-codes@https://registry.npmjs.org/http-status-codes/-/http-status-codes-2.3.0.tgz. Extracting by manifest.
825 silly tarball no local data for foreground-child@https://registry.npmjs.org/foreground-child/-/foreground-child-3.3.1.tgz. Extracting by manifest.
826 silly tarball no local data for @prisma/get-platform@https://registry.npmjs.org/@prisma/get-platform/-/get-platform-6.8.2.tgz. Extracting by manifest.
827 silly tarball no local data for @mrleebo/prisma-ast@https://registry.npmjs.org/@mrleebo/prisma-ast/-/prisma-ast-0.12.1.tgz. Extracting by manifest.
828 silly tarball no local data for @prisma/query-plan-executor@https://registry.npmjs.org/@prisma/query-plan-executor/-/query-plan-executor-6.18.0.tgz. Extracting by manifest.
829 silly tarball no local data for hono@https://registry.npmjs.org/hono/-/hono-4.10.6.tgz. Extracting by manifest.
830 silly tarball no local data for @electric-sql/pglite-tools@https://registry.npmjs.org/@electric-sql/pglite-tools/-/pglite-tools-0.2.7.tgz. Extracting by manifest.
831 silly tarball no local data for @hono/node-server@https://registry.npmjs.org/@hono/node-server/-/node-server-1.19.6.tgz. Extracting by manifest.
832 silly tarball no local data for @electric-sql/pglite-socket@https://registry.npmjs.org/@electric-sql/pglite-socket/-/pglite-socket-0.0.6.tgz. Extracting by manifest.
833 silly tarball no local data for get-port-please@https://registry.npmjs.org/get-port-please/-/get-port-please-3.1.2.tgz. Extracting by manifest.
834 silly tarball no local data for @electric-sql/pglite@https://registry.npmjs.org/@electric-sql/pglite/-/pglite-0.3.2.tgz. Extracting by manifest.
835 silly tarball no local data for deepmerge-ts@https://registry.npmjs.org/deepmerge-ts/-/deepmerge-ts-7.1.5.tgz. Extracting by manifest.
836 silly tarball no local data for effect@https://registry.npmjs.org/effect/-/effect-3.18.4.tgz. Extracting by manifest.
837 silly tarball no local data for c12@https://registry.npmjs.org/c12/-/c12-3.1.0.tgz. Extracting by manifest.
838 silly tarball no local data for postgres@https://registry.npmjs.org/postgres/-/postgres-3.4.7.tgz. Extracting by manifest.
839 silly tarball no local data for mysql2@https://registry.npmjs.org/mysql2/-/mysql2-3.15.3.tgz. Extracting by manifest.
840 silly tarball no local data for @prisma/studio-core@https://registry.npmjs.org/@prisma/studio-core/-/studio-core-0.9.0.tgz. Extracting by manifest.
841 silly tarball no local data for empathic@https://registry.npmjs.org/empathic/-/empathic-2.0.0.tgz. Extracting by manifest.
842 silly tarball no local data for @prisma/dev@https://registry.npmjs.org/@prisma/dev/-/dev-0.17.0.tgz. Extracting by manifest.
843 silly tarball no local data for @prisma/config@https://registry.npmjs.org/@prisma/config/-/config-7.2.0.tgz. Extracting by manifest.
844 silly tarball no local data for pretty-format@https://registry.npmjs.org/pretty-format/-/pretty-format-3.8.0.tgz. Extracting by manifest.
845 silly tarball no local data for oidc-token-hash@https://registry.npmjs.org/oidc-token-hash/-/oidc-token-hash-5.2.0.tgz. Extracting by manifest.
846 silly tarball no local data for object-hash@https://registry.npmjs.org/object-hash/-/object-hash-2.2.0.tgz. Extracting by manifest.
847 silly tarball no local data for uuid@https://registry.npmjs.org/uuid/-/uuid-8.3.2.tgz. Extracting by manifest.
848 silly tarball no local data for @prisma/engines@https://registry.npmjs.org/@prisma/engines/-/engines-7.2.0.tgz. Extracting by manifest.
849 silly tarball no local data for preact-render-to-string@https://registry.npmjs.org/preact-render-to-string/-/preact-render-to-string-5.2.6.tgz. Extracting by manifest.
850 silly tarball no local data for openid-client@https://registry.npmjs.org/openid-client/-/openid-client-5.7.1.tgz. Extracting by manifest.
851 silly tarball no local data for oauth@https://registry.npmjs.org/oauth/-/oauth-0.9.15.tgz. Extracting by manifest.
852 silly tarball no local data for preact@https://registry.npmjs.org/preact/-/preact-10.28.2.tgz. Extracting by manifest.
853 silly tarball no local data for jose@https://registry.npmjs.org/jose/-/jose-4.15.9.tgz. Extracting by manifest.
854 silly tarball no local data for @panva/hkdf@https://registry.npmjs.org/@panva/hkdf/-/hkdf-1.2.1.tgz. Extracting by manifest.
855 silly tarball no local data for cookie@https://registry.npmjs.org/cookie/-/cookie-0.7.2.tgz. Extracting by manifest.
856 silly tarball no local data for aes-js@https://registry.npmjs.org/aes-js/-/aes-js-4.0.0-beta.5.tgz. Extracting by manifest.
857 silly tarball no local data for @babel/runtime@https://registry.npmjs.org/@babel/runtime/-/runtime-7.28.6.tgz. Extracting by manifest.
858 silly tarball no local data for @noble/hashes@https://registry.npmjs.org/@noble/hashes/-/hashes-1.3.2.tgz. Extracting by manifest.
859 silly tarball no local data for @noble/curves@https://registry.npmjs.org/@noble/curves/-/curves-1.2.0.tgz. Extracting by manifest.
860 silly tarball no local data for iceberg-js@https://registry.npmjs.org/iceberg-js/-/iceberg-js-0.8.1.tgz. Extracting by manifest.
861 silly tarball no local data for @adraffy/ens-normalize@https://registry.npmjs.org/@adraffy/ens-normalize/-/ens-normalize-1.10.1.tgz. Extracting by manifest.
862 silly tarball no local data for @types/ws@https://registry.npmjs.org/@types/ws/-/ws-8.18.1.tgz. Extracting by manifest.
863 silly tarball no local data for @types/phoenix@https://registry.npmjs.org/@types/phoenix/-/phoenix-1.6.7.tgz. Extracting by manifest.
864 silly tarball no local data for ws@https://registry.npmjs.org/ws/-/ws-8.19.0.tgz. Extracting by manifest.
865 silly tarball no local data for @supabase/storage-js@https://registry.npmjs.org/@supabase/storage-js/-/storage-js-2.90.1.tgz. Extracting by manifest.
866 silly tarball no local data for @supabase/realtime-js@https://registry.npmjs.org/@supabase/realtime-js/-/realtime-js-2.90.1.tgz. Extracting by manifest.
867 silly tarball no local data for @supabase/functions-js@https://registry.npmjs.org/@supabase/functions-js/-/functions-js-2.90.1.tgz. Extracting by manifest.
868 silly tarball no local data for @supabase/postgrest-js@https://registry.npmjs.org/@supabase/postgrest-js/-/postgrest-js-2.90.1.tgz. Extracting by manifest.
869 silly tarball no local data for @prisma/client-runtime-utils@https://registry.npmjs.org/@prisma/client-runtime-utils/-/client-runtime-utils-7.2.0.tgz. Extracting by manifest.
870 silly tarball no local data for next-auth@https://registry.npmjs.org/next-auth/-/next-auth-4.24.13.tgz. Extracting by manifest.
871 silly tarball no local data for lucide-react@https://registry.npmjs.org/lucide-react/-/lucide-react-0.562.0.tgz. Extracting by manifest.
872 silly tarball no local data for ethers@https://registry.npmjs.org/ethers/-/ethers-6.16.0.tgz. Extracting by manifest.
873 silly tarball no local data for prisma@https://registry.npmjs.org/prisma/-/prisma-7.2.0.tgz. Extracting by manifest.
874 silly tarball no local data for tailwind-merge@https://registry.npmjs.org/tailwind-merge/-/tailwind-merge-3.4.0.tgz. Extracting by manifest.
875 silly tarball no local data for clsx@https://registry.npmjs.org/clsx/-/clsx-2.1.1.tgz. Extracting by manifest.
876 silly tarball no local data for bcryptjs@https://registry.npmjs.org/bcryptjs/-/bcryptjs-3.0.3.tgz. Extracting by manifest.
877 silly tarball no local data for @supabase/auth-js@https://registry.npmjs.org/@supabase/auth-js/-/auth-js-2.90.1.tgz. Extracting by manifest.
878 silly tarball no local data for @supabase/supabase-js@https://registry.npmjs.org/@supabase/supabase-js/-/supabase-js-2.90.1.tgz. Extracting by manifest.
879 silly tarball no local data for @prisma/client@https://registry.npmjs.org/@prisma/client/-/client-7.2.0.tgz. Extracting by manifest.
880 silly tarball no local data for @prisma/debug@https://registry.npmjs.org/@prisma/debug/-/debug-6.8.2.tgz. Extracting by manifest.
881 silly tarball no local data for @prisma/get-platform@https://registry.npmjs.org/@prisma/get-platform/-/get-platform-7.2.0.tgz. Extracting by manifest.
882 silly tarball no local data for lru-cache@https://registry.npmjs.org/lru-cache/-/lru-cache-6.0.0.tgz. Extracting by manifest.
883 silly tarball no local data for @prisma/get-platform@https://registry.npmjs.org/@prisma/get-platform/-/get-platform-7.2.0.tgz. Extracting by manifest.
884 silly tarball no local data for undici-types@https://registry.npmjs.org/undici-types/-/undici-types-6.19.8.tgz. Extracting by manifest.
885 silly tarball no local data for tslib@https://registry.npmjs.org/tslib/-/tslib-2.7.0.tgz. Extracting by manifest.
886 silly tarball no local data for signal-exit@https://registry.npmjs.org/signal-exit/-/signal-exit-3.0.7.tgz. Extracting by manifest.
887 silly tarball no local data for yallist@https://registry.npmjs.org/yallist/-/yallist-4.0.0.tgz. Extracting by manifest.
888 silly tarball no local data for ws@https://registry.npmjs.org/ws/-/ws-8.17.1.tgz. Extracting by manifest.
889 silly tarball no local data for @types/node@https://registry.npmjs.org/@types/node/-/node-22.7.5.tgz. Extracting by manifest.
890 http fetch GET 200 https://registry.npmjs.org/is-property/-/is-property-1.0.2.tgz 99ms (cache miss)
891 timing reifyNode:node_modules/is-property Completed in 128ms
892 http fetch GET 200 https://registry.npmjs.org/seq-queue/-/seq-queue-0.0.5.tgz 98ms (cache miss)
893 http fetch POST 200 https://registry.npmjs.org/-/npm/v1/security/advisories/bulk 130ms
894 timing auditReport:getReport Completed in 134ms
895 silly audit report {
895 silly audit report   hono: [
895 silly audit report     {
895 silly audit report       id: 1112134,
895 silly audit report       url: 'https://github.com/advisories/GHSA-3vhc-576x-3qv4',
895 silly audit report       title: 'Hono JWK Auth Middleware has JWT algorithm confusion when JWK lacks "alg" (untrusted header.alg fallback)',
895 silly audit report       severity: 'high',
895 silly audit report       vulnerable_versions: '<4.11.4',
895 silly audit report       cwe: [Array],
895 silly audit report       cvss: [Object]
895 silly audit report     },
895 silly audit report     {
895 silly audit report       id: 1112135,
895 silly audit report       url: 'https://github.com/advisories/GHSA-f67f-6cw9-8mq4',
895 silly audit report       title: "Hono JWT Middleware's JWT Algorithm Confusion via Unsafe Default (HS256) Allows Token Forgery and Auth Bypass",
895 silly audit report       severity: 'high',
895 silly audit report       vulnerable_versions: '<4.11.4',
895 silly audit report       cwe: [Array],
895 silly audit report       cvss: [Object]
895 silly audit report     }
895 silly audit report   ]
895 silly audit report }
896 timing metavuln:packument:hono Completed in 0ms
897 timing metavuln:cache:get:security-advisory:hono:n5xHtLYQKIMcHAVB/YmRilnRh1rW9alRKD+ZlSOXe3gOvj+5SxdegJ21ZdE9eXOitbUXCwCwprzfqgpKE0hYTA== Completed in 1ms
898 timing metavuln:load:security-advisory:hono:1112134 Completed in 6ms
899 timing metavuln:cache:get:security-advisory:hono:LcNFR9zW9uzri+RMq0FrTwzeG+7D0APX9vILek0RfB0RUdvkDxdT8Ebm27i8B8FZCRO4NM5GIUxqvptdRwZJ4Q== Completed in 8ms
900 timing metavuln:load:security-advisory:hono:1112135 Completed in 5ms
901 http fetch GET 200 https://registry.npmjs.org/lru.min/-/lru.min-1.1.3.tgz 115ms (cache miss)
902 http fetch GET 200 https://registry.npmjs.org/generate-function/-/generate-function-2.3.1.tgz 116ms (cache miss)
903 timing reifyNode:node_modules/generate-function Completed in 146ms
904 timing reifyNode:node_modules/seq-queue Completed in 147ms
905 http fetch GET 200 https://registry.npmjs.org/safer-buffer/-/safer-buffer-2.1.2.tgz 117ms (cache miss)
906 timing reifyNode:node_modules/safer-buffer Completed in 147ms
907 http fetch GET 200 https://registry.npmjs.org/tinyexec/-/tinyexec-1.0.2.tgz 126ms (cache miss)
908 timing reifyNode:node_modules/tinyexec Completed in 155ms
909 timing reifyNode:node_modules/lru.min Completed in 154ms
910 http fetch GET 200 https://registry.npmjs.org/destr/-/destr-2.0.5.tgz 127ms (cache miss)
911 timing reifyNode:node_modules/destr Completed in 157ms
912 http fetch GET 200 https://registry.npmjs.org/named-placeholders/-/named-placeholders-1.1.6.tgz 129ms (cache miss)
913 timing reifyNode:node_modules/named-placeholders Completed in 159ms
914 http fetch GET 200 https://registry.npmjs.org/sqlstring/-/sqlstring-2.3.3.tgz 132ms (cache miss)
915 timing reifyNode:node_modules/sqlstring Completed in 162ms
916 http fetch GET 200 https://registry.npmjs.org/nypm/-/nypm-0.6.2.tgz 131ms (cache miss)
917 http fetch GET 200 https://registry.npmjs.org/grammex/-/grammex-3.1.12.tgz 136ms (cache miss)
918 timing reifyNode:node_modules/grammex Completed in 163ms
919 timing reifyNode:node_modules/nypm Completed in 166ms
920 timing metavuln:cache:put:security-advisory:hono:LcNFR9zW9uzri+RMq0FrTwzeG+7D0APX9vILek0RfB0RUdvkDxdT8Ebm27i8B8FZCRO4NM5GIUxqvptdRwZJ4Q== Completed in 63ms
921 timing metavuln:calculate:security-advisory:hono:1112135 Completed in 76ms
922 http fetch GET 200 https://registry.npmjs.org/denque/-/denque-2.1.0.tgz 172ms (cache miss)
923 timing reifyNode:node_modules/denque Completed in 205ms
924 http fetch GET 200 https://registry.npmjs.org/signal-exit/-/signal-exit-4.1.0.tgz 172ms (cache miss)
925 http fetch GET 200 https://registry.npmjs.org/long/-/long-5.3.2.tgz 190ms (cache miss)
926 http fetch GET 200 https://registry.npmjs.org/retry/-/retry-0.12.0.tgz 192ms (cache miss)
927 http fetch GET 200 https://registry.npmjs.org/citty/-/citty-0.1.6.tgz 194ms (cache miss)
928 timing metavuln:cache:put:security-advisory:hono:n5xHtLYQKIMcHAVB/YmRilnRh1rW9alRKD+ZlSOXe3gOvj+5SxdegJ21ZdE9eXOitbUXCwCwprzfqgpKE0hYTA== Completed in 92ms
929 timing metavuln:calculate:security-advisory:hono:1112134 Completed in 100ms
930 timing metavuln:packument:@prisma/dev Completed in 1ms
931 timing metavuln:packument:@hono/node-server Completed in 1ms
932 timing metavuln:cache:get:security-advisory:@prisma/dev:R3U55GK/PReL3bn3j0KCNplKDqLF9mTr9kwtmoUlg7xqF9UXFv0+e2zh+6fBnO9WDyza36CaSdI6MYfShF3ZSg== Completed in 9ms
933 timing metavuln:load:security-advisory:@prisma/dev:n5xHtLYQKIMcHAVB/YmRilnRh1rW9alRKD+ZlSOXe3gOvj+5SxdegJ21ZdE9eXOitbUXCwCwprzfqgpKE0hYTA== Completed in 35ms
934 timing metavuln:cache:get:security-advisory:@hono/node-server:Km6RWlyY8f9FZFpcN3NwQLcHs4/gtzwNegk2y1HqsHx6jQ4GR6i+okblT5UL0FZuYkxErFSKZs4Il7BouUzF3A== Completed in 45ms
935 timing metavuln:load:security-advisory:@hono/node-server:n5xHtLYQKIMcHAVB/YmRilnRh1rW9alRKD+ZlSOXe3gOvj+5SxdegJ21ZdE9eXOitbUXCwCwprzfqgpKE0hYTA== Completed in 1ms
936 timing reifyNode:node_modules/long Completed in 274ms
937 http fetch GET 200 https://registry.npmjs.org/readdirp/-/readdirp-4.1.2.tgz 243ms (cache miss)
938 timing reifyNode:node_modules/readdirp Completed in 278ms
939 timing reifyNode:node_modules/retry Completed in 279ms
940 timing reifyNode:node_modules/citty Completed in 289ms
941 http fetch GET 200 https://registry.npmjs.org/regexp-to-ast/-/regexp-to-ast-0.5.0.tgz 261ms (cache miss)
942 timing reifyNode:node_modules/regexp-to-ast Completed in 296ms
943 http fetch GET 200 https://registry.npmjs.org/@standard-schema/spec/-/spec-1.1.0.tgz 274ms (cache miss)
944 timing reifyNode:node_modules/@standard-schema/spec Completed in 309ms
945 http fetch GET 200 https://registry.npmjs.org/@chevrotain/gast/-/gast-10.5.0.tgz 277ms (cache miss)
946 http fetch GET 200 https://registry.npmjs.org/ohash/-/ohash-2.0.11.tgz 279ms (cache miss)
947 http fetch GET 200 https://registry.npmjs.org/exsolve/-/exsolve-1.0.8.tgz 278ms (cache miss)
948 timing reifyNode:node_modules/exsolve Completed in 315ms
949 http fetch GET 200 https://registry.npmjs.org/pkg-types/-/pkg-types-2.3.0.tgz 279ms (cache miss)
950 timing reifyNode:node_modules/pkg-types Completed in 316ms
951 http fetch GET 200 https://registry.npmjs.org/@chevrotain/utils/-/utils-10.5.0.tgz 282ms (cache miss)
952 http fetch GET 200 https://registry.npmjs.org/rc9/-/rc9-2.1.2.tgz 286ms (cache miss)
953 timing reifyNode:node_modules/rc9 Completed in 322ms
954 http fetch GET 200 https://registry.npmjs.org/perfect-debounce/-/perfect-debounce-1.0.0.tgz 286ms (cache miss)
955 timing reifyNode:node_modules/perfect-debounce Completed in 324ms
956 timing metavuln:cache:put:security-advisory:@hono/node-server:Km6RWlyY8f9FZFpcN3NwQLcHs4/gtzwNegk2y1HqsHx6jQ4GR6i+okblT5UL0FZuYkxErFSKZs4Il7BouUzF3A== Completed in 52ms
957 timing metavuln:calculate:security-advisory:@hono/node-server:n5xHtLYQKIMcHAVB/YmRilnRh1rW9alRKD+ZlSOXe3gOvj+5SxdegJ21ZdE9eXOitbUXCwCwprzfqgpKE0hYTA== Completed in 98ms
958 timing metavuln:cache:put:security-advisory:@prisma/dev:R3U55GK/PReL3bn3j0KCNplKDqLF9mTr9kwtmoUlg7xqF9UXFv0+e2zh+6fBnO9WDyza36CaSdI6MYfShF3ZSg== Completed in 54ms
959 timing metavuln:calculate:security-advisory:@prisma/dev:n5xHtLYQKIMcHAVB/YmRilnRh1rW9alRKD+ZlSOXe3gOvj+5SxdegJ21ZdE9eXOitbUXCwCwprzfqgpKE0hYTA== Completed in 98ms
960 timing metavuln:packument:prisma Completed in 0ms
961 http fetch GET 200 https://registry.npmjs.org/@chevrotain/cst-dts-gen/-/cst-dts-gen-10.5.0.tgz 289ms (cache miss)
962 http fetch GET 200 https://registry.npmjs.org/defu/-/defu-6.1.4.tgz 289ms (cache miss)
963 http fetch GET 200 https://registry.npmjs.org/@prisma/debug/-/debug-7.2.0.tgz 287ms (cache miss)
964 http fetch GET 200 https://registry.npmjs.org/@prisma/engines-version/-/engines-version-7.2.0-4.0c8ef2ce45c83248ab3df073180d5eda9e8be7a3.tgz 287ms (cache miss)
965 timing reifyNode:node_modules/@prisma/engines-version Completed in 328ms
966 timing metavuln:cache:get:security-advisory:prisma:Hw7UcWb4V4BbU1arQcGXhGJEd1xtm/VZh3Bn+PiE5wojT6+6HREUyaLQ1cgJsaPen7qKNi8pImmkxnmSmfh3SA== Completed in 3ms
967 timing metavuln:load:security-advisory:prisma:R3U55GK/PReL3bn3j0KCNplKDqLF9mTr9kwtmoUlg7xqF9UXFv0+e2zh+6fBnO9WDyza36CaSdI6MYfShF3ZSg== Completed in 240ms
968 http fetch GET 200 https://registry.npmjs.org/lilconfig/-/lilconfig-2.1.0.tgz 534ms (cache miss)
969 timing reifyNode:node_modules/lilconfig Completed in 576ms
970 timing reifyNode:node_modules/@prisma/debug Completed in 577ms
971 http fetch GET 200 https://registry.npmjs.org/@chevrotain/types/-/types-10.5.0.tgz 541ms (cache miss)
972 timing reifyNode:node_modules/@chevrotain/types Completed in 578ms
973 timing reifyNode:node_modules/defu Completed in 594ms
974 http fetch GET 200 https://registry.npmjs.org/aws-ssl-profiles/-/aws-ssl-profiles-1.1.2.tgz 561ms (cache miss)
975 timing reifyNode:node_modules/@chevrotain/utils Completed in 603ms
976 timing reifyNode:node_modules/aws-ssl-profiles Completed in 604ms
977 http fetch GET 200 https://registry.npmjs.org/giget/-/giget-2.0.0.tgz 567ms (cache miss)
978 timing reifyNode:node_modules/giget Completed in 606ms
979 http fetch GET 200 https://registry.npmjs.org/proper-lockfile/-/proper-lockfile-4.1.2.tgz 567ms (cache miss)
980 timing reifyNode:node_modules/proper-lockfile Completed in 609ms
981 http fetch GET 200 https://registry.npmjs.org/dotenv/-/dotenv-16.6.1.tgz 573ms (cache miss)
982 timing reifyNode:node_modules/@chevrotain/cst-dts-gen Completed in 616ms
983 timing reifyNode:node_modules/dotenv Completed in 616ms
984 timing reifyNode:node_modules/@chevrotain/gast Completed in 618ms
985 http fetch GET 200 https://registry.npmjs.org/chokidar/-/chokidar-4.0.3.tgz 581ms (cache miss)
986 timing reifyNode:node_modules/signal-exit Completed in 621ms
987 timing reifyNode:node_modules/chokidar Completed in 626ms
988 timing reifyNode:node_modules/ohash Completed in 628ms
989 http fetch GET 200 https://registry.npmjs.org/zeptomatch/-/zeptomatch-2.0.2.tgz 588ms (cache miss)
990 timing metavuln:cache:put:security-advisory:prisma:Hw7UcWb4V4BbU1arQcGXhGJEd1xtm/VZh3Bn+PiE5wojT6+6HREUyaLQ1cgJsaPen7qKNi8pImmkxnmSmfh3SA== Completed in 66ms
991 timing metavuln:calculate:security-advisory:prisma:R3U55GK/PReL3bn3j0KCNplKDqLF9mTr9kwtmoUlg7xqF9UXFv0+e2zh+6fBnO9WDyza36CaSdI6MYfShF3ZSg== Completed in 309ms
992 timing metavuln:packument:@prisma/client Completed in 0ms
993 http fetch GET 200 https://registry.npmjs.org/confbox/-/confbox-0.2.2.tgz 598ms (cache miss)
994 http fetch GET 200 https://registry.npmjs.org/foreground-child/-/foreground-child-3.3.1.tgz 592ms (cache miss)
995 http fetch GET 200 https://registry.npmjs.org/std-env/-/std-env-3.9.0.tgz 594ms (cache miss)
996 timing reifyNode:node_modules/std-env Completed in 636ms
997 timing metavuln:cache:get:security-advisory:@prisma/client:xeSLsYpRFiJv2+HcvhxhbGnqLrhRezMSUgwYWQN4Lds9Ed6LfLmAMTm9ciGjvkxh3qkWdXuskgPQiB/0tPQzLQ== Completed in 1ms
998 timing metavuln:load:security-advisory:@prisma/client:Hw7UcWb4V4BbU1arQcGXhGJEd1xtm/VZh3Bn+PiE5wojT6+6HREUyaLQ1cgJsaPen7qKNi8pImmkxnmSmfh3SA== Completed in 244ms
999 http fetch GET 200 https://registry.npmjs.org/pathe/-/pathe-2.0.3.tgz 841ms (cache miss)
1000 http fetch GET 200 https://registry.npmjs.org/get-port-please/-/get-port-please-3.1.2.tgz 839ms (cache miss)
1001 timing reifyNode:node_modules/get-port-please Completed in 885ms
1002 timing reifyNode:node_modules/confbox Completed in 904ms
1003 timing reifyNode:node_modules/pathe Completed in 927ms
1004 timing reifyNode:node_modules/zeptomatch Completed in 929ms
1005 timing metavuln:cache:put:security-advisory:@prisma/client:xeSLsYpRFiJv2+HcvhxhbGnqLrhRezMSUgwYWQN4Lds9Ed6LfLmAMTm9ciGjvkxh3qkWdXuskgPQiB/0tPQzLQ== Completed in 67ms
1006 timing metavuln:calculate:security-advisory:@prisma/client:Hw7UcWb4V4BbU1arQcGXhGJEd1xtm/VZh3Bn+PiE5wojT6+6HREUyaLQ1cgJsaPen7qKNi8pImmkxnmSmfh3SA== Completed in 312ms
1007 timing auditReport:init Completed in 820ms
1008 timing reify:audit Completed in 954ms
1009 http fetch GET 200 https://registry.npmjs.org/oidc-token-hash/-/oidc-token-hash-5.2.0.tgz 898ms (cache miss)
1010 timing reifyNode:node_modules/oidc-token-hash Completed in 947ms
1011 http fetch GET 200 https://registry.npmjs.org/@prisma/config/-/config-7.2.0.tgz 900ms (cache miss)
1012 timing reifyNode:node_modules/@prisma/config Completed in 947ms
1013 http fetch GET 200 https://registry.npmjs.org/c12/-/c12-3.1.0.tgz 903ms (cache miss)
1014 http fetch GET 200 https://registry.npmjs.org/pretty-format/-/pretty-format-3.8.0.tgz 903ms (cache miss)
1015 timing reifyNode:node_modules/pretty-format Completed in 950ms
1016 http fetch GET 200 https://registry.npmjs.org/consola/-/consola-3.4.2.tgz 923ms (cache miss)
1017 timing reifyNode:node_modules/c12 Completed in 962ms
1018 http fetch GET 200 https://registry.npmjs.org/deepmerge-ts/-/deepmerge-ts-7.1.5.tgz 918ms (cache miss)
1019 timing reifyNode:node_modules/consola Completed in 967ms
1020 http fetch GET 200 https://registry.npmjs.org/empathic/-/empathic-2.0.0.tgz 918ms (cache miss)
1021 timing reifyNode:node_modules/deepmerge-ts Completed in 969ms
1022 timing reifyNode:node_modules/empathic Completed in 972ms
1023 http fetch GET 200 https://registry.npmjs.org/iconv-lite/-/iconv-lite-0.7.2.tgz 963ms (cache miss)
1024 timing reifyNode:node_modules/iconv-lite Completed in 999ms
1025 http fetch GET 200 https://registry.npmjs.org/cookie/-/cookie-0.7.2.tgz 947ms (cache miss)
1026 timing reifyNode:node_modules/cookie Completed in 998ms
1027 timing reifyNode:node_modules/foreground-child Completed in 1011ms
1028 http fetch GET 200 https://registry.npmjs.org/node-fetch-native/-/node-fetch-native-1.6.7.tgz 983ms (cache miss)
1029 http fetch GET 200 https://registry.npmjs.org/@panva/hkdf/-/hkdf-1.2.1.tgz 964ms (cache miss)
1030 http fetch GET 200 https://registry.npmjs.org/@prisma/dev/-/dev-0.17.0.tgz 971ms (cache miss)
1031 timing reifyNode:node_modules/node-fetch-native Completed in 1022ms
1032 http fetch GET 200 https://registry.npmjs.org/http-status-codes/-/http-status-codes-2.3.0.tgz 979ms (cache miss)
1033 http fetch GET 200 https://registry.npmjs.org/@electric-sql/pglite-socket/-/pglite-socket-0.0.6.tgz 978ms (cache miss)
1034 timing reifyNode:node_modules/@prisma/dev Completed in 1026ms
1035 timing reifyNode:node_modules/@electric-sql/pglite-socket Completed in 1027ms
1036 timing reifyNode:node_modules/http-status-codes Completed in 1029ms
1037 http fetch GET 200 https://registry.npmjs.org/@prisma/engines/-/engines-7.2.0.tgz 977ms (cache miss)
1038 timing reifyNode:node_modules/@prisma/engines Completed in 1037ms
1039 http fetch GET 200 https://registry.npmjs.org/oauth/-/oauth-0.9.15.tgz 1005ms (cache miss)
1040 timing reifyNode:node_modules/oauth Completed in 1070ms
1041 http fetch GET 200 https://registry.npmjs.org/openid-client/-/openid-client-5.7.1.tgz 1049ms (cache miss)
1042 http fetch GET 200 https://registry.npmjs.org/@hono/node-server/-/node-server-1.19.6.tgz 1057ms (cache miss)
1043 http fetch GET 200 https://registry.npmjs.org/@mrleebo/prisma-ast/-/prisma-ast-0.12.1.tgz 1059ms (cache miss)
1044 timing reifyNode:node_modules/openid-client Completed in 1107ms
1045 timing reifyNode:node_modules/@hono/node-server Completed in 1110ms
1046 timing reifyNode:node_modules/@mrleebo/prisma-ast Completed in 1110ms
1047 http fetch GET 200 https://registry.npmjs.org/postgres/-/postgres-3.4.7.tgz 1065ms (cache miss)
1048 http fetch GET 200 https://registry.npmjs.org/@prisma/get-platform/-/get-platform-6.8.2.tgz 1073ms (cache miss)
1049 timing reifyNode:node_modules/postgres Completed in 1116ms
1050 timing reifyNode:node_modules/@prisma/get-platform Completed in 1122ms
1051 http fetch GET 200 https://registry.npmjs.org/@types/phoenix/-/phoenix-1.6.7.tgz 1073ms (cache miss)
1052 timing reifyNode:node_modules/@types/phoenix Completed in 1126ms
1053 http fetch GET 200 https://registry.npmjs.org/@types/ws/-/ws-8.18.1.tgz 1076ms (cache miss)
1054 timing reifyNode:node_modules/@types/ws Completed in 1129ms
1055 timing reifyNode:node_modules/@panva/hkdf Completed in 1131ms
1056 http fetch GET 200 https://registry.npmjs.org/@prisma/fetch-engine/-/fetch-engine-7.2.0.tgz 1104ms (cache miss)
1057 timing reifyNode:node_modules/@prisma/fetch-engine Completed in 1144ms
1058 http fetch GET 200 https://registry.npmjs.org/object-hash/-/object-hash-2.2.0.tgz 1099ms (cache miss)
1059 timing reifyNode:node_modules/object-hash Completed in 1148ms
1060 http fetch GET 200 https://registry.npmjs.org/preact-render-to-string/-/preact-render-to-string-5.2.6.tgz 1097ms (cache miss)
1061 http fetch GET 200 https://registry.npmjs.org/iceberg-js/-/iceberg-js-0.8.1.tgz 1095ms (cache miss)
1062 timing reifyNode:node_modules/iceberg-js Completed in 1150ms
1063 timing reifyNode:node_modules/preact-render-to-string Completed in 1152ms
1064 http fetch GET 200 https://registry.npmjs.org/pure-rand/-/pure-rand-6.1.0.tgz 1129ms (cache miss)
1065 timing reifyNode:node_modules/pure-rand Completed in 1167ms
1066 http fetch GET 200 https://registry.npmjs.org/ws/-/ws-8.19.0.tgz 1122ms (cache miss)
1067 timing reifyNode:node_modules/ws Completed in 1175ms
1068 http fetch GET 200 https://registry.npmjs.org/uuid/-/uuid-8.3.2.tgz 1128ms (cache miss)
1069 timing reifyNode:node_modules/uuid Completed in 1179ms
1070 http fetch GET 200 https://registry.npmjs.org/valibot/-/valibot-1.2.0.tgz 1146ms (cache miss)
1071 timing reifyNode:node_modules/valibot Completed in 1193ms
1072 http fetch GET 200 https://registry.npmjs.org/@adraffy/ens-normalize/-/ens-normalize-1.10.1.tgz 1142ms (cache miss)
1073 timing reifyNode:node_modules/@adraffy/ens-normalize Completed in 1195ms
1074 http fetch GET 200 https://registry.npmjs.org/type-fest/-/type-fest-4.41.0.tgz 1203ms (cache miss)
1075 timing reifyNode:node_modules/type-fest Completed in 1244ms
1076 http fetch GET 200 https://registry.npmjs.org/@electric-sql/pglite-tools/-/pglite-tools-0.2.7.tgz 1215ms (cache miss)
1077 timing reifyNode:node_modules/@electric-sql/pglite-tools Completed in 1260ms
1078 http fetch GET 200 https://registry.npmjs.org/@supabase/storage-js/-/storage-js-2.90.1.tgz 1262ms (cache miss)
1079 timing reifyNode:node_modules/@supabase/storage-js Completed in 1316ms
1080 http fetch GET 200 https://registry.npmjs.org/@prisma/client-runtime-utils/-/client-runtime-utils-7.2.0.tgz 1265ms (cache miss)
1081 timing reifyNode:node_modules/@prisma/client-runtime-utils Completed in 1320ms
1082 http fetch GET 200 https://registry.npmjs.org/mysql2/-/mysql2-3.15.3.tgz 1305ms (cache miss)
1083 timing reifyNode:node_modules/mysql2 Completed in 1354ms
1084 http fetch GET 200 https://registry.npmjs.org/@supabase/functions-js/-/functions-js-2.90.1.tgz 1313ms (cache miss)
1085 timing reifyNode:node_modules/@supabase/functions-js Completed in 1370ms
1086 http fetch GET 200 https://registry.npmjs.org/clsx/-/clsx-2.1.1.tgz 1337ms (cache miss)
1087 timing reifyNode:node_modules/clsx Completed in 1393ms
1088 http fetch GET 200 https://registry.npmjs.org/bcryptjs/-/bcryptjs-3.0.3.tgz 1355ms (cache miss)
1089 timing reifyNode:node_modules/bcryptjs Completed in 1413ms
1090 http fetch GET 200 https://registry.npmjs.org/tailwind-merge/-/tailwind-merge-3.4.0.tgz 1409ms (cache miss)
1091 timing reifyNode:node_modules/tailwind-merge Completed in 1474ms
1092 http fetch GET 200 https://registry.npmjs.org/@noble/hashes/-/hashes-1.3.2.tgz 1430ms (cache miss)
1093 timing reifyNode:node_modules/@noble/hashes Completed in 1492ms
1094 http fetch GET 200 https://registry.npmjs.org/@supabase/realtime-js/-/realtime-js-2.90.1.tgz 1439ms (cache miss)
1095 timing reifyNode:node_modules/@supabase/realtime-js Completed in 1493ms
1096 http fetch GET 200 https://registry.npmjs.org/@babel/runtime/-/runtime-7.28.6.tgz 1449ms (cache miss)
1097 http fetch GET 200 https://registry.npmjs.org/@supabase/postgrest-js/-/postgrest-js-2.90.1.tgz 1448ms (cache miss)
1098 timing reifyNode:node_modules/@supabase/postgrest-js Completed in 1503ms
1099 timing reifyNode:node_modules/@babel/runtime Completed in 1506ms
1100 http fetch GET 200 https://registry.npmjs.org/@supabase/supabase-js/-/supabase-js-2.90.1.tgz 1490ms (cache miss)
1101 timing reifyNode:node_modules/@supabase/supabase-js Completed in 1550ms
1102 http fetch GET 200 https://registry.npmjs.org/preact/-/preact-10.28.2.tgz 1512ms (cache miss)
1103 http fetch GET 200 https://registry.npmjs.org/@prisma/debug/-/debug-6.8.2.tgz 1509ms (cache miss)
1104 timing reifyNode:node_modules/preact Completed in 1570ms
1105 timing reifyNode:node_modules/@prisma/get-platform/node_modules/@prisma/debug Completed in 1572ms
1106 http fetch GET 200 https://registry.npmjs.org/lru-cache/-/lru-cache-6.0.0.tgz 1516ms (cache miss)
1107 timing reifyNode:node_modules/openid-client/node_modules/lru-cache Completed in 1578ms
1108 http fetch GET 200 https://registry.npmjs.org/@prisma/query-plan-executor/-/query-plan-executor-6.18.0.tgz 1575ms (cache miss)
1109 timing reifyNode:node_modules/@prisma/query-plan-executor Completed in 1621ms
1110 http fetch GET 200 https://registry.npmjs.org/@noble/curves/-/curves-1.2.0.tgz 1618ms (cache miss)
1111 timing reifyNode:node_modules/@noble/curves Completed in 1670ms
1112 http fetch GET 200 https://registry.npmjs.org/signal-exit/-/signal-exit-3.0.7.tgz 1626ms (cache miss)
1113 timing reifyNode:node_modules/proper-lockfile/node_modules/signal-exit Completed in 1689ms
1114 http fetch GET 200 https://registry.npmjs.org/aes-js/-/aes-js-4.0.0-beta.5.tgz 1648ms (cache miss)
1115 timing reifyNode:node_modules/aes-js Completed in 1700ms
1116 http fetch GET 200 https://registry.npmjs.org/undici-types/-/undici-types-6.19.8.tgz 1657ms (cache miss)
1117 timing reifyNode:node_modules/ethers/node_modules/undici-types Completed in 1724ms
1118 http fetch GET 200 https://registry.npmjs.org/@prisma/get-platform/-/get-platform-7.2.0.tgz 1670ms (cache miss)
1119 timing reifyNode:node_modules/@prisma/fetch-engine/node_modules/@prisma/get-platform Completed in 1736ms
1120 http fetch GET 200 https://registry.npmjs.org/tslib/-/tslib-2.7.0.tgz 1714ms (cache miss)
1121 http fetch GET 200 https://registry.npmjs.org/yallist/-/yallist-4.0.0.tgz 1715ms (cache miss)
1122 timing reifyNode:node_modules/openid-client/node_modules/yallist Completed in 1777ms
1123 timing reifyNode:node_modules/ethers/node_modules/tslib Completed in 1777ms
1124 http fetch GET 200 https://registry.npmjs.org/chevrotain/-/chevrotain-10.5.0.tgz 1756ms (cache miss)
1125 timing reifyNode:node_modules/chevrotain Completed in 1800ms
1126 http fetch GET 200 https://registry.npmjs.org/ws/-/ws-8.17.1.tgz 1746ms (cache miss)
1127 timing reifyNode:node_modules/ethers/node_modules/ws Completed in 1809ms
1128 http fetch GET 200 https://registry.npmjs.org/@supabase/auth-js/-/auth-js-2.90.1.tgz 1840ms (cache miss)
1129 timing reifyNode:node_modules/@supabase/auth-js Completed in 1899ms
1130 http fetch GET 200 https://registry.npmjs.org/jose/-/jose-4.15.9.tgz 1861ms (cache miss)
1131 timing reifyNode:node_modules/jose Completed in 1915ms
1132 http fetch GET 200 https://registry.npmjs.org/@prisma/get-platform/-/get-platform-7.2.0.tgz 1858ms (cache miss)
1133 timing reifyNode:node_modules/@prisma/engines/node_modules/@prisma/get-platform Completed in 1921ms
1134 http fetch GET 200 https://registry.npmjs.org/next-auth/-/next-auth-4.24.13.tgz 1956ms (cache miss)
1135 timing reifyNode:node_modules/next-auth Completed in 2013ms
1136 http fetch GET 200 https://registry.npmjs.org/remeda/-/remeda-2.21.3.tgz 2088ms (cache miss)
1137 timing reifyNode:node_modules/remeda Completed in 2131ms
1138 http fetch GET 200 https://registry.npmjs.org/lodash/-/lodash-4.17.21.tgz 2120ms (cache miss)
1139 timing reifyNode:node_modules/lodash Completed in 2156ms
1140 http fetch GET 200 https://registry.npmjs.org/hono/-/hono-4.10.6.tgz 2167ms (cache miss)
1141 timing reifyNode:node_modules/hono Completed in 2213ms
1142 http fetch GET 200 https://registry.npmjs.org/@types/node/-/node-22.7.5.tgz 2209ms (cache miss)
1143 timing reifyNode:node_modules/ethers/node_modules/@types/node Completed in 2272ms
1144 http fetch GET 200 https://registry.npmjs.org/fast-check/-/fast-check-3.23.2.tgz 2245ms (cache miss)
1145 timing reifyNode:node_modules/fast-check Completed in 2281ms
1146 http fetch GET 200 https://registry.npmjs.org/ethers/-/ethers-6.16.0.tgz 2864ms (cache miss)
1147 timing reifyNode:node_modules/ethers Completed in 2920ms
1148 http fetch GET 200 https://registry.npmjs.org/@prisma/studio-core/-/studio-core-0.9.0.tgz 3130ms (cache miss)
1149 timing reifyNode:node_modules/@prisma/studio-core Completed in 3177ms
1150 http fetch GET 200 https://registry.npmjs.org/effect/-/effect-3.18.4.tgz 3438ms (cache miss)
1151 timing reifyNode:node_modules/effect Completed in 3485ms
1152 http fetch GET 200 https://registry.npmjs.org/lucide-react/-/lucide-react-0.562.0.tgz 3808ms (cache miss)
1153 timing reifyNode:node_modules/lucide-react Completed in 3863ms
1154 http fetch GET 200 https://registry.npmjs.org/@prisma/client/-/client-7.2.0.tgz 3950ms (cache miss)
1155 timing reifyNode:node_modules/@prisma/client Completed in 4009ms
1156 http fetch GET 200 https://registry.npmjs.org/prisma/-/prisma-7.2.0.tgz 4086ms (cache miss)
1157 timing reifyNode:node_modules/prisma Completed in 4142ms
1158 http fetch GET 200 https://registry.npmjs.org/@electric-sql/pglite/-/pglite-0.3.2.tgz 4515ms (cache miss)
1159 timing reifyNode:node_modules/@electric-sql/pglite Completed in 4560ms
1160 timing reify:unpack Completed in 4563ms
1161 timing reify:unretire Completed in 0ms
1162 timing build:queue Completed in 4ms
1163 info run prisma@7.2.0 preinstall node_modules/prisma node scripts/preinstall-entry.js
1164 info run prisma@7.2.0 preinstall { code: 1, signal: null }
1165 timing reify:rollback:createSparse Completed in 1087ms
1166 timing reify:rollback:retireShallow Completed in 0ms
1167 timing command:install Completed in 15226ms
1168 verbose stack Error: command failed
1168 verbose stack     at ChildProcess.<anonymous> (/usr/local/lib/node_modules/npm/node_modules/@npmcli/promise-spawn/lib/index.js:53:27)
1168 verbose stack     at ChildProcess.emit (node:events:517:28)
1168 verbose stack     at maybeClose (node:internal/child_process:1098:16)
1168 verbose stack     at ChildProcess._handle.onexit (node:internal/child_process:303:5)
1169 verbose pkgid prisma@7.2.0
1170 verbose cwd /Users/chengfang/Downloads/make money/shopping
1171 verbose Darwin 23.0.0
1172 verbose node v18.18.2
1173 verbose npm  v9.8.1
1174 error code 1
1175 error path /Users/chengfang/Downloads/make money/shopping/node_modules/prisma
1176 error command failed
1177 error command sh -c node scripts/preinstall-entry.js
1178 error ┌────────────────────────────────────────────────────────────────────┐
1178 error │    Prisma only supports Node.js versions 20.19+, 22.12+, 24.0+.    │
1178 error │    Please upgrade your Node.js version.                            │
1178 error └────────────────────────────────────────────────────────────────────┘
1179 verbose exit 1
1180 timing npm Completed in 15374ms
1181 verbose unfinished npm timer reify 1768860123516
1182 verbose unfinished npm timer reify:build 1768860137589
1183 verbose unfinished npm timer build 1768860137590
1184 verbose unfinished npm timer build:deps 1768860137590
1185 verbose unfinished npm timer build:run:preinstall 1768860137594
1186 verbose unfinished npm timer build:run:preinstall:node_modules/prisma 1768860137594
1187 verbose code 1
1188 error A complete log of this run can be found in: /Users/chengfang/Downloads/make money/shopping/.npm-cache/_logs/2026-01-19T22_02_03_370Z-debug-0.log
