0 verbose cli /usr/local/bin/node /usr/local/bin/npm
1 info using npm@9.8.1
2 info using node@v18.18.2
3 timing npm:load:whichnode Completed in 0ms
4 timing config:load:defaults Completed in 1ms
5 timing config:load:file:/usr/local/lib/node_modules/npm/npmrc Completed in 1ms
6 timing config:load:builtin Completed in 1ms
7 timing config:load:cli Completed in 2ms
8 timing config:load:env Completed in 0ms
9 timing config:load:file:/Users/chengfang/Downloads/make money/shopping/.npmrc Completed in 1ms
10 timing config:load:project Completed in 3ms
11 timing config:load:file:/Users/chengfang/.npmrc Completed in 0ms
12 timing config:load:user Completed in 0ms
13 timing config:load:file:/usr/local/etc/npmrc Completed in 0ms
14 timing config:load:global Completed in 0ms
15 timing config:load:setEnvs Completed in 0ms
16 timing config:load Completed in 7ms
17 timing npm:load:configload Completed in 7ms
18 timing config:load:flatten Completed in 1ms
19 timing npm:load:mkdirpcache Completed in 0ms
20 timing npm:load:mkdirplogs Completed in 0ms
21 verbose title npm install
22 verbose argv "install" "--cache" "./.npm-cache"
23 timing npm:load:setTitle Completed in 6ms
24 timing npm:load:display Completed in 0ms
25 verbose logfile logs-max:10 dir:/Users/chengfang/Downloads/make money/shopping/.npm-cache/_logs/2026-01-19T22_01_34_339Z-
26 verbose logfile /Users/chengfang/Downloads/make money/shopping/.npm-cache/_logs/2026-01-19T22_01_34_339Z-debug-0.log
27 timing npm:load:logFile Completed in 5ms
28 timing npm:load:timers Completed in 0ms
29 timing npm:load:configScope Completed in 0ms
30 timing npm:load Completed in 28ms
31 timing arborist:ctor Completed in 0ms
32 timing arborist:ctor Completed in 0ms
33 timing idealTree:init Completed in 19ms
34 timing idealTree:userRequests Completed in 0ms
35 silly idealTree buildDeps
36 silly fetch manifest next@16.1.3
37 silly logfile done cleaning log files
38 http fetch GET 200 https://registry.npmjs.org/npm 180ms (cache miss)
39 http fetch GET 200 https://registry.npmjs.org/next 478ms (cache miss)
40 silly fetch manifest @opentelemetry/api@^1.1.0
41 http fetch GET 200 https://registry.npmjs.org/@opentelemetry%2fapi 58ms (cache miss)
42 silly fetch manifest @playwright/test@^1.51.1
43 http fetch GET 200 https://registry.npmjs.org/@playwright%2ftest 207ms (cache miss)
44 silly fetch manifest babel-plugin-react-compiler@*
45 http fetch GET 200 https://registry.npmjs.org/babel-plugin-react-compiler 80ms (cache miss)
46 silly fetch manifest react@19.2.3
47 http fetch GET 200 https://registry.npmjs.org/react 192ms (cache miss)
48 silly fetch manifest react-dom@19.2.3
49 http fetch GET 200 https://registry.npmjs.org/react-dom 174ms (cache miss)
50 silly fetch manifest sass@^1.3.0
51 http fetch GET 200 https://registry.npmjs.org/sass 60ms (cache miss)
52 silly fetch manifest @tailwindcss/postcss@^4
53 http fetch GET 200 https://registry.npmjs.org/@tailwindcss%2fpostcss 69ms (cache miss)
54 silly fetch manifest @types/node@^20
55 http fetch GET 200 https://registry.npmjs.org/@types%2fnode 168ms (cache miss)
56 silly fetch manifest @types/react@^19
57 http fetch GET 200 https://registry.npmjs.org/@types%2freact 101ms (cache miss)
58 silly fetch manifest @types/react-dom@^19
59 http fetch GET 200 https://registry.npmjs.org/@types%2freact-dom 72ms (cache miss)
60 silly fetch manifest eslint@^9
61 http fetch GET 200 https://registry.npmjs.org/eslint 61ms (cache miss)
62 silly fetch manifest jiti@*
63 http fetch GET 200 https://registry.npmjs.org/jiti 46ms (cache miss)
64 silly fetch manifest eslint-config-next@16.1.3
65 http fetch GET 200 https://registry.npmjs.org/eslint-config-next 170ms (cache miss)
66 silly fetch manifest typescript@^5
67 http fetch GET 200 https://registry.npmjs.org/typescript 182ms (cache miss)
68 silly fetch manifest tailwindcss@^4
69 http fetch GET 200 https://registry.npmjs.org/tailwindcss 150ms (cache miss)
70 silly placeDep ROOT @tailwindcss/postcss@4.1.18 OK for: shopping@0.1.0 want: ^4
71 silly fetch manifest postcss@^8.4.41
72 silly fetch manifest tailwindcss@4.1.18
73 silly fetch manifest @alloc/quick-lru@^5.2.0
74 silly fetch manifest @tailwindcss/node@4.1.18
75 silly fetch manifest @tailwindcss/oxide@4.1.18
76 silly placeDep ROOT @types/node@20.19.30 OK for: shopping@0.1.0 want: ^20
77 silly fetch manifest undici-types@~6.21.0
78 silly placeDep ROOT @types/react@19.2.8 OK for: shopping@0.1.0 want: ^19
79 silly fetch manifest csstype@^3.2.2
80 silly placeDep ROOT @types/react-dom@19.2.3 OK for: shopping@0.1.0 want: ^19
81 silly placeDep ROOT eslint@9.39.2 OK for: shopping@0.1.0 want: ^9
82 silly fetch manifest ajv@^6.12.4
83 silly fetch manifest chalk@^4.0.0
84 silly fetch manifest debug@^4.3.2
85 silly fetch manifest espree@^10.4.0
86 silly fetch manifest ignore@^5.2.0
87 silly fetch manifest esquery@^1.5.0
88 silly fetch manifest esutils@^2.0.2
89 silly fetch manifest find-up@^5.0.0
90 silly fetch manifest is-glob@^4.0.0
91 silly fetch manifest minimatch@^3.1.2
92 silly fetch manifest @eslint/js@9.39.2
93 silly fetch manifest optionator@^0.9.3
94 silly fetch manifest cross-spawn@^7.0.6
95 silly fetch manifest glob-parent@^6.0.2
96 silly fetch manifest imurmurhash@^0.1.4
97 silly fetch manifest @eslint/core@^0.17.0
98 silly fetch manifest eslint-scope@^8.4.0
99 silly fetch manifest lodash.merge@^4.6.2
100 silly fetch manifest @humanfs/node@^0.16.6
101 silly fetch manifest @types/estree@^1.0.6
102 silly fetch manifest fast-deep-equal@^3.1.3
103 silly fetch manifest natural-compare@^1.4.0
104 silly fetch manifest @eslint/eslintrc@^3.3.1
105 silly fetch manifest file-entry-cache@^8.0.0
106 silly fetch manifest @eslint/plugin-kit@^0.4.1
107 silly fetch manifest eslint-visitor-keys@^4.2.1
108 silly fetch manifest @eslint/config-array@^0.21.1
109 silly fetch manifest @humanwhocodes/retry@^0.4.2
110 silly fetch manifest escape-string-regexp@^4.0.0
111 silly fetch manifest @eslint/config-helpers@^0.4.2
112 silly fetch manifest @eslint-community/regexpp@^4.12.1
113 silly fetch manifest @eslint-community/eslint-utils@^4.8.0
114 silly fetch manifest @humanwhocodes/module-importer@^1.0.1
115 silly fetch manifest json-stable-stringify-without-jsonify@^1.0.1
116 silly placeDep ROOT eslint-config-next@16.1.3 OK for: shopping@0.1.0 want: 16.1.3
117 silly fetch manifest globals@16.4.0
118 silly fetch manifest typescript-eslint@^8.46.0
119 silly fetch manifest eslint-plugin-react@^7.37.0
120 silly fetch manifest eslint-plugin-import@^2.32.0
121 silly fetch manifest eslint-plugin-jsx-a11y@^6.10.0
122 silly fetch manifest @next/eslint-plugin-next@16.1.3
123 silly fetch manifest eslint-plugin-react-hooks@^7.0.0
124 silly fetch manifest eslint-import-resolver-node@^0.3.6
125 silly fetch manifest eslint-import-resolver-typescript@^3.5.2
126 silly placeDep ROOT next@16.1.3 OK for: shopping@0.1.0 want: 16.1.3
127 silly placeDep ROOT react@19.2.3 OK for: next@16.1.3 want: ^18.2.0 || 19.0.0-rc-de68d2f4-20241204 || ^19.0.0
128 silly placeDep ROOT react-dom@19.2.3 OK for: next@16.1.3 want: ^18.2.0 || 19.0.0-rc-de68d2f4-20241204 || ^19.0.0
129 silly fetch manifest postcss@8.4.31
130 silly fetch manifest @next/env@16.1.3
131 silly fetch manifest styled-jsx@5.1.6
132 silly fetch manifest @swc/helpers@0.5.15
133 silly fetch manifest caniuse-lite@^1.0.30001579
134 silly fetch manifest baseline-browser-mapping@^2.8.3
135 silly fetch manifest sharp@^0.34.4
136 silly fetch manifest @next/swc-darwin-x64@16.1.3
137 silly fetch manifest @next/swc-darwin-arm64@16.1.3
138 silly fetch manifest @next/swc-linux-x64-gnu@16.1.3
139 silly fetch manifest @next/swc-linux-x64-musl@16.1.3
140 silly fetch manifest @next/swc-win32-x64-msvc@16.1.3
141 silly fetch manifest @next/swc-linux-arm64-gnu@16.1.3
142 silly fetch manifest @next/swc-linux-arm64-musl@16.1.3
143 silly fetch manifest @next/swc-win32-arm64-msvc@16.1.3
144 silly fetch manifest scheduler@^0.27.0
145 silly placeDep ROOT tailwindcss@4.1.18 OK for: shopping@0.1.0 want: ^4
146 silly placeDep ROOT typescript@5.9.3 OK for: shopping@0.1.0 want: ^5
147 http fetch GET 200 https://registry.npmjs.org/postcss 83ms (cache miss)
148 http fetch GET 200 https://registry.npmjs.org/esutils 89ms (cache miss)
149 http fetch GET 200 https://registry.npmjs.org/is-glob 88ms (cache miss)
150 http fetch GET 200 https://registry.npmjs.org/chalk 91ms (cache miss)
151 http fetch GET 200 https://registry.npmjs.org/debug 95ms (cache miss)
152 http fetch GET 200 https://registry.npmjs.org/esquery 100ms (cache miss)
153 http fetch GET 200 https://registry.npmjs.org/find-up 100ms (cache miss)
154 http fetch GET 200 https://registry.npmjs.org/undici-types 109ms (cache miss)
155 http fetch GET 200 https://registry.npmjs.org/csstype 115ms (cache miss)
156 http fetch GET 200 https://registry.npmjs.org/ignore 118ms (cache miss)
157 http fetch GET 200 https://registry.npmjs.org/espree 119ms (cache miss)
158 http fetch GET 200 https://registry.npmjs.org/ajv 122ms (cache miss)
159 http fetch GET 200 https://registry.npmjs.org/optionator 125ms (cache miss)
160 http fetch GET 200 https://registry.npmjs.org/minimatch 128ms (cache miss)
161 http fetch GET 200 https://registry.npmjs.org/cross-spawn 128ms (cache miss)
162 http fetch GET 200 https://registry.npmjs.org/glob-parent 130ms (cache miss)
163 http fetch GET 200 https://registry.npmjs.org/imurmurhash 132ms (cache miss)
164 http fetch GET 200 https://registry.npmjs.org/@eslint%2fjs 133ms (cache miss)
165 http fetch GET 200 https://registry.npmjs.org/@eslint%2fcore 151ms (cache miss)
166 http fetch GET 200 https://registry.npmjs.org/eslint-scope 152ms (cache miss)
167 http fetch GET 200 https://registry.npmjs.org/@tailwindcss%2fnode 161ms (cache miss)
168 http fetch GET 200 https://registry.npmjs.org/natural-compare 157ms (cache miss)
169 http fetch GET 200 https://registry.npmjs.org/lodash.merge 163ms (cache miss)
170 http fetch GET 200 https://registry.npmjs.org/file-entry-cache 164ms (cache miss)
171 http fetch GET 200 https://registry.npmjs.org/eslint-visitor-keys 163ms (cache miss)
172 http fetch GET 200 https://registry.npmjs.org/fast-deep-equal 166ms (cache miss)
173 http fetch GET 200 https://registry.npmjs.org/@eslint%2fplugin-kit 166ms (cache miss)
174 http fetch GET 200 https://registry.npmjs.org/@humanfs%2fnode 170ms (cache miss)
175 http fetch GET 200 https://registry.npmjs.org/@types%2festree 169ms (cache miss)
176 http fetch GET 200 https://registry.npmjs.org/@eslint%2fconfig-array 169ms (cache miss)
177 http fetch GET 200 https://registry.npmjs.org/@eslint%2feslintrc 173ms (cache miss)
178 http fetch GET 200 https://registry.npmjs.org/escape-string-regexp 178ms (cache miss)
179 http fetch GET 200 https://registry.npmjs.org/json-stable-stringify-without-jsonify 184ms (cache miss)
180 http fetch GET 200 https://registry.npmjs.org/@humanwhocodes%2fretry 201ms (cache miss)
181 http fetch GET 200 https://registry.npmjs.org/@eslint-community%2fregexpp 201ms (cache miss)
182 http fetch GET 200 https://registry.npmjs.org/eslint-plugin-jsx-a11y 207ms (cache miss)
183 http fetch GET 200 https://registry.npmjs.org/@eslint-community%2feslint-utils 222ms (cache miss)
184 http fetch GET 200 https://registry.npmjs.org/eslint-plugin-import 222ms (cache miss)
185 http fetch GET 200 https://registry.npmjs.org/globals 225ms (cache miss)
186 http fetch GET 200 https://registry.npmjs.org/@humanwhocodes%2fmodule-importer 244ms (cache miss)
187 http fetch GET 200 https://registry.npmjs.org/eslint-import-resolver-node 241ms (cache miss)
188 http fetch GET 200 https://registry.npmjs.org/eslint-import-resolver-typescript 256ms (cache miss)
189 http fetch GET 200 https://registry.npmjs.org/eslint-plugin-react 258ms (cache miss)
190 http fetch GET 200 https://registry.npmjs.org/typescript-eslint 269ms (cache miss)
191 http fetch GET 200 https://registry.npmjs.org/@eslint%2fconfig-helpers 281ms (cache miss)
192 http fetch GET 200 https://registry.npmjs.org/styled-jsx 303ms (cache miss)
193 http fetch GET 200 https://registry.npmjs.org/baseline-browser-mapping 304ms (cache miss)
194 http fetch GET 200 https://registry.npmjs.org/@alloc%2fquick-lru 341ms (cache miss)
195 http fetch GET 200 https://registry.npmjs.org/@swc%2fhelpers 327ms (cache miss)
196 http fetch GET 200 https://registry.npmjs.org/sharp 330ms (cache miss)
197 http fetch GET 200 https://registry.npmjs.org/postcss 381ms (cache miss)
198 http fetch GET 200 https://registry.npmjs.org/@tailwindcss%2foxide 462ms (cache miss)
199 http fetch GET 200 https://registry.npmjs.org/eslint-plugin-react-hooks 724ms (cache miss)
200 http fetch GET 200 https://registry.npmjs.org/@next%2fswc-linux-x64-gnu 796ms (cache miss)
201 http fetch GET 200 https://registry.npmjs.org/scheduler 842ms (cache miss)
202 http fetch GET 200 https://registry.npmjs.org/@next%2fswc-linux-arm64-musl 899ms (cache miss)
203 http fetch GET 200 https://registry.npmjs.org/caniuse-lite 914ms (cache miss)
204 http fetch GET 200 https://registry.npmjs.org/@next%2fswc-win32-arm64-msvc 1012ms (cache miss)
205 http fetch GET 200 https://registry.npmjs.org/@next%2fswc-win32-x64-msvc 1052ms (cache miss)
206 http fetch GET 200 https://registry.npmjs.org/@next%2fswc-darwin-arm64 1067ms (cache miss)
207 http fetch GET 200 https://registry.npmjs.org/@next%2fswc-linux-x64-musl 1082ms (cache miss)
208 http fetch GET 200 https://registry.npmjs.org/@next%2fenv 1098ms (cache miss)
209 http fetch GET 200 https://registry.npmjs.org/@next%2feslint-plugin-next 1126ms (cache miss)
210 http fetch GET 200 https://registry.npmjs.org/@next%2fswc-darwin-x64 1198ms (cache miss)
211 http fetch GET 200 https://registry.npmjs.org/@next%2fswc-linux-arm64-gnu 1289ms (cache miss)
212 timing idealTree:#root Completed in 3933ms
213 silly placeDep ROOT @alloc/quick-lru@5.2.0 OK for: @tailwindcss/postcss@4.1.18 want: ^5.2.0
214 silly placeDep ROOT @tailwindcss/node@4.1.18 OK for: @tailwindcss/postcss@4.1.18 want: 4.1.18
215 silly fetch manifest jiti@^2.6.1
216 silly fetch manifest lightningcss@1.30.2
217 silly fetch manifest magic-string@^0.30.21
218 silly fetch manifest source-map-js@^1.2.1
219 silly fetch manifest enhanced-resolve@^5.18.3
220 silly fetch manifest @jridgewell/remapping@^2.3.4
221 silly placeDep ROOT @tailwindcss/oxide@4.1.18 OK for: @tailwindcss/postcss@4.1.18 want: 4.1.18
222 silly fetch manifest @tailwindcss/oxide-darwin-x64@4.1.18
223 silly fetch manifest @tailwindcss/oxide-freebsd-x64@4.1.18
224 silly fetch manifest @tailwindcss/oxide-wasm32-wasi@4.1.18
225 silly fetch manifest @tailwindcss/oxide-darwin-arm64@4.1.18
226 silly fetch manifest @tailwindcss/oxide-android-arm64@4.1.18
227 silly fetch manifest @tailwindcss/oxide-linux-x64-gnu@4.1.18
228 silly fetch manifest @tailwindcss/oxide-linux-x64-musl@4.1.18
229 silly fetch manifest @tailwindcss/oxide-win32-x64-msvc@4.1.18
230 silly fetch manifest @tailwindcss/oxide-linux-arm64-gnu@4.1.18
231 silly fetch manifest @tailwindcss/oxide-linux-arm64-musl@4.1.18
232 silly fetch manifest @tailwindcss/oxide-win32-arm64-msvc@4.1.18
233 silly fetch manifest @tailwindcss/oxide-linux-arm-gnueabihf@4.1.18
234 silly placeDep ROOT postcss@8.5.6 OK for: @tailwindcss/postcss@4.1.18 want: ^8.4.41
235 silly fetch manifest nanoid@^3.3.11
236 silly fetch manifest picocolors@^1.1.1
237 http fetch GET 200 https://registry.npmjs.org/lightningcss 60ms (cache miss)
238 http fetch GET 200 https://registry.npmjs.org/source-map-js 60ms (cache miss)
239 http fetch GET 200 https://registry.npmjs.org/magic-string 116ms (cache miss)
240 http fetch GET 200 https://registry.npmjs.org/enhanced-resolve 115ms (cache miss)
241 http fetch GET 200 https://registry.npmjs.org/@jridgewell%2fremapping 118ms (cache miss)
242 http fetch GET 200 https://registry.npmjs.org/@tailwindcss%2foxide-android-arm64 144ms (cache miss)
243 http fetch GET 200 https://registry.npmjs.org/@tailwindcss%2foxide-wasm32-wasi 181ms (cache miss)
244 http fetch GET 200 https://registry.npmjs.org/@tailwindcss%2foxide-linux-x64-musl 255ms (cache miss)
245 http fetch GET 200 https://registry.npmjs.org/@tailwindcss%2foxide-win32-x64-msvc 275ms (cache miss)
246 http fetch GET 200 https://registry.npmjs.org/picocolors 285ms (cache miss)
247 http fetch GET 200 https://registry.npmjs.org/@tailwindcss%2foxide-linux-x64-gnu 314ms (cache miss)
248 http fetch GET 200 https://registry.npmjs.org/nanoid 325ms (cache miss)
249 http fetch GET 200 https://registry.npmjs.org/@tailwindcss%2foxide-linux-arm64-musl 352ms (cache miss)
250 http fetch GET 200 https://registry.npmjs.org/@tailwindcss%2foxide-freebsd-x64 378ms (cache miss)
251 http fetch GET 200 https://registry.npmjs.org/@tailwindcss%2foxide-win32-arm64-msvc 403ms (cache miss)
252 http fetch GET 200 https://registry.npmjs.org/@tailwindcss%2foxide-darwin-x64 412ms (cache miss)
253 http fetch GET 200 https://registry.npmjs.org/@tailwindcss%2foxide-linux-arm-gnueabihf 413ms (cache miss)
254 http fetch GET 200 https://registry.npmjs.org/@tailwindcss%2foxide-linux-arm64-gnu 422ms (cache miss)
255 http fetch GET 200 https://registry.npmjs.org/@tailwindcss%2foxide-darwin-arm64 428ms (cache miss)
256 timing idealTree:node_modules/@tailwindcss/postcss Completed in 439ms
257 timing idealTree:node_modules/@alloc/quick-lru Completed in 0ms
258 silly placeDep ROOT @jridgewell/remapping@2.3.5 OK for: @tailwindcss/node@4.1.18 want: ^2.3.4
259 silly fetch manifest @jridgewell/gen-mapping@^0.3.5
260 silly fetch manifest @jridgewell/trace-mapping@^0.3.24
261 silly placeDep ROOT enhanced-resolve@5.18.4 OK for: @tailwindcss/node@4.1.18 want: ^5.18.3
262 silly fetch manifest graceful-fs@^4.2.4
263 silly fetch manifest tapable@^2.2.0
264 silly placeDep ROOT jiti@2.6.1 OK for: @tailwindcss/node@4.1.18 want: ^2.6.1
265 silly placeDep ROOT lightningcss@1.30.2 OK for: @tailwindcss/node@4.1.18 want: 1.30.2
266 silly fetch manifest detect-libc@^2.0.3
267 silly fetch manifest lightningcss-darwin-x64@1.30.2
268 silly fetch manifest lightningcss-linux-x64-gnu@1.30.2
269 silly fetch manifest lightningcss-win32-x64-msvc@1.30.2
270 silly fetch manifest lightningcss-win32-arm64-msvc@1.30.2
271 silly fetch manifest lightningcss-darwin-arm64@1.30.2
272 silly fetch manifest lightningcss-linux-arm64-gnu@1.30.2
273 silly fetch manifest lightningcss-linux-arm-gnueabihf@1.30.2
274 silly fetch manifest lightningcss-linux-arm64-musl@1.30.2
275 silly fetch manifest lightningcss-linux-x64-musl@1.30.2
276 silly fetch manifest lightningcss-freebsd-x64@1.30.2
277 silly fetch manifest lightningcss-android-arm64@1.30.2
278 silly placeDep ROOT magic-string@0.30.21 OK for: @tailwindcss/node@4.1.18 want: ^0.30.21
279 silly fetch manifest @jridgewell/sourcemap-codec@^1.5.5
280 silly placeDep ROOT source-map-js@1.2.1 OK for: @tailwindcss/node@4.1.18 want: ^1.2.1
281 http fetch GET 200 https://registry.npmjs.org/lightningcss-linux-x64-gnu 40ms (cache miss)
282 http fetch GET 200 https://registry.npmjs.org/detect-libc 43ms (cache miss)
283 http fetch GET 200 https://registry.npmjs.org/tapable 51ms (cache miss)
284 http fetch GET 200 https://registry.npmjs.org/lightningcss-win32-arm64-msvc 49ms (cache miss)
285 http fetch GET 200 https://registry.npmjs.org/lightningcss-linux-x64-musl 49ms (cache miss)
286 http fetch GET 200 https://registry.npmjs.org/lightningcss-freebsd-x64 58ms (cache miss)
287 http fetch GET 200 https://registry.npmjs.org/lightningcss-linux-arm64-gnu 59ms (cache miss)
288 http fetch GET 200 https://registry.npmjs.org/lightningcss-darwin-x64 60ms (cache miss)
289 http fetch GET 200 https://registry.npmjs.org/lightningcss-linux-arm64-musl 59ms (cache miss)
290 http fetch GET 200 https://registry.npmjs.org/@jridgewell%2ftrace-mapping 67ms (cache miss)
291 http fetch GET 200 https://registry.npmjs.org/lightningcss-win32-x64-msvc 65ms (cache miss)
292 http fetch GET 200 https://registry.npmjs.org/graceful-fs 67ms (cache miss)
293 http fetch GET 200 https://registry.npmjs.org/lightningcss-darwin-arm64 65ms (cache miss)
294 http fetch GET 200 https://registry.npmjs.org/lightningcss-linux-arm-gnueabihf 65ms (cache miss)
295 http fetch GET 200 https://registry.npmjs.org/lightningcss-android-arm64 71ms (cache miss)
296 http fetch GET 200 https://registry.npmjs.org/@jridgewell%2fgen-mapping 78ms (cache miss)
297 http fetch GET 200 https://registry.npmjs.org/@jridgewell%2fsourcemap-codec 82ms (cache miss)
298 timing idealTree:node_modules/@tailwindcss/node Completed in 90ms
299 silly placeDep ROOT @jridgewell/gen-mapping@0.3.13 OK for: @jridgewell/remapping@2.3.5 want: ^0.3.5
300 silly fetch manifest @jridgewell/sourcemap-codec@^1.5.0
301 silly placeDep ROOT @jridgewell/trace-mapping@0.3.31 OK for: @jridgewell/remapping@2.3.5 want: ^0.3.24
302 silly fetch manifest @jridgewell/resolve-uri@^3.1.0
303 silly fetch manifest @jridgewell/sourcemap-codec@^1.4.14
304 http fetch GET 200 https://registry.npmjs.org/@jridgewell%2fresolve-uri 49ms (cache miss)
305 timing idealTree:node_modules/@jridgewell/remapping Completed in 50ms
306 silly placeDep ROOT @jridgewell/sourcemap-codec@1.5.5 OK for: @jridgewell/gen-mapping@0.3.13 want: ^1.5.0
307 timing idealTree:node_modules/@jridgewell/gen-mapping Completed in 1ms
308 timing idealTree:node_modules/@jridgewell/sourcemap-codec Completed in 0ms
309 silly placeDep ROOT @jridgewell/resolve-uri@3.1.2 OK for: @jridgewell/trace-mapping@0.3.31 want: ^3.1.0
310 timing idealTree:node_modules/@jridgewell/trace-mapping Completed in 0ms
311 timing idealTree:node_modules/@jridgewell/resolve-uri Completed in 0ms
312 silly placeDep ROOT @tailwindcss/oxide-android-arm64@4.1.18 OK for: @tailwindcss/oxide@4.1.18 want: 4.1.18
313 silly placeDep ROOT @tailwindcss/oxide-darwin-arm64@4.1.18 OK for: @tailwindcss/oxide@4.1.18 want: 4.1.18
314 silly placeDep ROOT @tailwindcss/oxide-darwin-x64@4.1.18 OK for: @tailwindcss/oxide@4.1.18 want: 4.1.18
315 silly placeDep ROOT @tailwindcss/oxide-freebsd-x64@4.1.18 OK for: @tailwindcss/oxide@4.1.18 want: 4.1.18
316 silly placeDep ROOT @tailwindcss/oxide-linux-arm-gnueabihf@4.1.18 OK for: @tailwindcss/oxide@4.1.18 want: 4.1.18
317 silly placeDep ROOT @tailwindcss/oxide-linux-arm64-gnu@4.1.18 OK for: @tailwindcss/oxide@4.1.18 want: 4.1.18
318 silly placeDep ROOT @tailwindcss/oxide-linux-arm64-musl@4.1.18 OK for: @tailwindcss/oxide@4.1.18 want: 4.1.18
319 silly placeDep ROOT @tailwindcss/oxide-linux-x64-gnu@4.1.18 OK for: @tailwindcss/oxide@4.1.18 want: 4.1.18
320 silly placeDep ROOT @tailwindcss/oxide-linux-x64-musl@4.1.18 OK for: @tailwindcss/oxide@4.1.18 want: 4.1.18
321 silly placeDep ROOT @tailwindcss/oxide-wasm32-wasi@4.1.18 OK for: @tailwindcss/oxide@4.1.18 want: 4.1.18
322 silly placeDep ROOT @tailwindcss/oxide-win32-arm64-msvc@4.1.18 OK for: @tailwindcss/oxide@4.1.18 want: 4.1.18
323 silly placeDep ROOT @tailwindcss/oxide-win32-x64-msvc@4.1.18 OK for: @tailwindcss/oxide@4.1.18 want: 4.1.18
324 timing idealTree:node_modules/@tailwindcss/oxide Completed in 5ms
325 timing idealTree:node_modules/@tailwindcss/oxide-android-arm64 Completed in 0ms
326 timing idealTree:node_modules/@tailwindcss/oxide-darwin-arm64 Completed in 0ms
327 timing idealTree:node_modules/@tailwindcss/oxide-darwin-x64 Completed in 0ms
328 timing idealTree:node_modules/@tailwindcss/oxide-freebsd-x64 Completed in 0ms
329 timing idealTree:node_modules/@tailwindcss/oxide-linux-arm-gnueabihf Completed in 0ms
330 timing idealTree:node_modules/@tailwindcss/oxide-linux-arm64-gnu Completed in 0ms
331 timing idealTree:node_modules/@tailwindcss/oxide-linux-arm64-musl Completed in 0ms
332 timing idealTree:node_modules/@tailwindcss/oxide-linux-x64-gnu Completed in 0ms
333 timing idealTree:node_modules/@tailwindcss/oxide-linux-x64-musl Completed in 0ms
334 timing idealTree:node_modules/@tailwindcss/oxide-wasm32-wasi Completed in 0ms
335 timing idealTree:node_modules/@tailwindcss/oxide-win32-arm64-msvc Completed in 0ms
336 timing idealTree:node_modules/@tailwindcss/oxide-win32-x64-msvc Completed in 0ms
337 silly placeDep ROOT undici-types@6.21.0 OK for: @types/node@20.19.30 want: ~6.21.0
338 timing idealTree:node_modules/@types/node Completed in 1ms
339 silly placeDep ROOT csstype@3.2.3 OK for: @types/react@19.2.8 want: ^3.2.2
340 timing idealTree:node_modules/@types/react Completed in 0ms
341 timing idealTree:node_modules/@types/react-dom Completed in 0ms
342 timing idealTree:node_modules/csstype Completed in 0ms
343 silly placeDep ROOT graceful-fs@4.2.11 OK for: enhanced-resolve@5.18.4 want: ^4.2.4
344 silly placeDep ROOT tapable@2.3.0 OK for: enhanced-resolve@5.18.4 want: ^2.2.0
345 timing idealTree:node_modules/enhanced-resolve Completed in 1ms
346 silly fetch manifest eslint@^6.0.0 || ^7.0.0 || >=8.0.0
347 silly placeDep ROOT @eslint-community/eslint-utils@4.9.1 OK for: eslint@9.39.2 want: ^4.8.0
348 silly fetch manifest eslint-visitor-keys@^3.4.3
349 silly placeDep ROOT @eslint-community/regexpp@4.12.2 OK for: eslint@9.39.2 want: ^4.12.1
350 silly placeDep ROOT @eslint/config-array@0.21.1 OK for: eslint@9.39.2 want: ^0.21.1
351 silly fetch manifest debug@^4.3.1
352 silly fetch manifest @eslint/object-schema@^2.1.7
353 silly placeDep ROOT @eslint/config-helpers@0.4.2 OK for: eslint@9.39.2 want: ^0.4.2
354 silly placeDep ROOT @eslint/core@0.17.0 OK for: eslint@9.39.2 want: ^0.17.0
355 silly fetch manifest @types/json-schema@^7.0.15
356 silly placeDep ROOT @eslint/eslintrc@3.3.3 OK for: eslint@9.39.2 want: ^3.3.1
357 silly fetch manifest espree@^10.0.1
358 silly fetch manifest globals@^14.0.0
359 silly fetch manifest import-fresh@^3.2.1
360 silly fetch manifest js-yaml@^4.1.1
361 silly fetch manifest strip-json-comments@^3.1.1
362 silly placeDep ROOT @eslint/js@9.39.2 OK for: eslint@9.39.2 want: 9.39.2
363 silly placeDep ROOT @eslint/plugin-kit@0.4.1 OK for: eslint@9.39.2 want: ^0.4.1
364 silly fetch manifest levn@^0.4.1
365 silly placeDep ROOT @humanfs/node@0.16.7 OK for: eslint@9.39.2 want: ^0.16.6
366 silly fetch manifest @humanwhocodes/retry@^0.4.0
367 silly fetch manifest @humanfs/core@^0.19.1
368 silly placeDep ROOT @humanwhocodes/module-importer@1.0.1 OK for: eslint@9.39.2 want: ^1.0.1
369 silly placeDep ROOT @humanwhocodes/retry@0.4.3 OK for: eslint@9.39.2 want: ^0.4.2
370 silly placeDep ROOT @types/estree@1.0.8 OK for: eslint@9.39.2 want: ^1.0.6
371 silly placeDep ROOT ajv@6.12.6 OK for: eslint@9.39.2 want: ^6.12.4
372 silly fetch manifest uri-js@^4.2.2
373 silly fetch manifest fast-deep-equal@^3.1.1
374 silly fetch manifest json-schema-traverse@^0.4.1
375 silly fetch manifest fast-json-stable-stringify@^2.0.0
376 silly placeDep ROOT chalk@4.1.2 OK for: eslint@9.39.2 want: ^4.0.0
377 silly fetch manifest ansi-styles@^4.1.0
378 silly fetch manifest supports-color@^7.1.0
379 silly placeDep ROOT cross-spawn@7.0.6 OK for: eslint@9.39.2 want: ^7.0.6
380 silly fetch manifest which@^2.0.1
381 silly fetch manifest path-key@^3.1.0
382 silly fetch manifest shebang-command@^2.0.0
383 silly placeDep ROOT debug@4.4.3 OK for: eslint@9.39.2 want: ^4.3.2
384 silly fetch manifest ms@^2.1.3
385 silly placeDep ROOT escape-string-regexp@4.0.0 OK for: eslint@9.39.2 want: ^4.0.0
386 silly placeDep ROOT eslint-scope@8.4.0 OK for: eslint@9.39.2 want: ^8.4.0
387 silly fetch manifest esrecurse@^4.3.0
388 silly fetch manifest estraverse@^5.2.0
389 silly placeDep ROOT eslint-visitor-keys@4.2.1 OK for: eslint@9.39.2 want: ^4.2.1
390 silly placeDep ROOT espree@10.4.0 OK for: eslint@9.39.2 want: ^10.4.0
391 silly fetch manifest acorn@^8.15.0
392 silly fetch manifest acorn-jsx@^5.3.2
393 silly placeDep ROOT esquery@1.7.0 OK for: eslint@9.39.2 want: ^1.5.0
394 silly fetch manifest estraverse@^5.1.0
395 silly placeDep ROOT esutils@2.0.3 OK for: eslint@9.39.2 want: ^2.0.2
396 silly placeDep ROOT fast-deep-equal@3.1.3 OK for: eslint@9.39.2 want: ^3.1.3
397 silly placeDep ROOT file-entry-cache@8.0.0 OK for: eslint@9.39.2 want: ^8.0.0
398 silly fetch manifest flat-cache@^4.0.0
399 silly placeDep ROOT find-up@5.0.0 OK for: eslint@9.39.2 want: ^5.0.0
400 silly fetch manifest locate-path@^6.0.0
401 silly fetch manifest path-exists@^4.0.0
402 silly placeDep ROOT glob-parent@6.0.2 OK for: eslint@9.39.2 want: ^6.0.2
403 silly fetch manifest is-glob@^4.0.3
404 silly placeDep ROOT ignore@5.3.2 OK for: eslint@9.39.2 want: ^5.2.0
405 silly placeDep ROOT imurmurhash@0.1.4 OK for: eslint@9.39.2 want: ^0.1.4
406 silly placeDep ROOT is-glob@4.0.3 OK for: eslint@9.39.2 want: ^4.0.0
407 silly fetch manifest is-extglob@^2.1.1
408 silly placeDep ROOT json-stable-stringify-without-jsonify@1.0.1 OK for: eslint@9.39.2 want: ^1.0.1
409 silly placeDep ROOT lodash.merge@4.6.2 OK for: eslint@9.39.2 want: ^4.6.2
410 silly placeDep ROOT minimatch@3.1.2 OK for: eslint@9.39.2 want: ^3.1.2
411 silly fetch manifest brace-expansion@^1.1.7
412 silly placeDep ROOT natural-compare@1.4.0 OK for: eslint@9.39.2 want: ^1.4.0
413 silly placeDep ROOT optionator@0.9.4 OK for: eslint@9.39.2 want: ^0.9.3
414 silly fetch manifest prelude-ls@^1.2.1
415 silly fetch manifest deep-is@^0.1.3
416 silly fetch manifest word-wrap@^1.2.5
417 silly fetch manifest type-check@^0.4.0
418 silly fetch manifest fast-levenshtein@^2.0.6
419 http fetch GET 200 https://registry.npmjs.org/import-fresh 81ms (cache miss)
420 http fetch GET 200 https://registry.npmjs.org/shebang-command 74ms (cache miss)
421 http fetch GET 200 https://registry.npmjs.org/levn 81ms (cache miss)
422 http fetch GET 200 https://registry.npmjs.org/strip-json-comments 82ms (cache miss)
423 http fetch GET 200 https://registry.npmjs.org/json-schema-traverse 80ms (cache miss)
424 http fetch GET 200 https://registry.npmjs.org/which 78ms (cache miss)
425 http fetch GET 200 https://registry.npmjs.org/@humanfs%2fcore 82ms (cache miss)
426 http fetch GET 200 https://registry.npmjs.org/uri-js 82ms (cache miss)
427 http fetch GET 200 https://registry.npmjs.org/path-key 79ms (cache miss)
428 http fetch GET 200 https://registry.npmjs.org/@eslint%2fobject-schema 87ms (cache miss)
429 http fetch GET 200 https://registry.npmjs.org/fast-json-stable-stringify 81ms (cache miss)
430 http fetch GET 200 https://registry.npmjs.org/supports-color 80ms (cache miss)
431 http fetch GET 200 https://registry.npmjs.org/@types%2fjson-schema 87ms (cache miss)
432 http fetch GET 200 https://registry.npmjs.org/js-yaml 86ms (cache miss)
433 http fetch GET 200 https://registry.npmjs.org/ansi-styles 82ms (cache miss)
434 http fetch GET 200 https://registry.npmjs.org/estraverse 106ms (cache miss)
435 http fetch GET 200 https://registry.npmjs.org/ms 110ms (cache miss)
436 http fetch GET 200 https://registry.npmjs.org/estraverse 109ms (cache miss)
437 http fetch GET 200 https://registry.npmjs.org/acorn 116ms (cache miss)
438 http fetch GET 200 https://registry.npmjs.org/esrecurse 129ms (cache miss)
439 http fetch GET 200 https://registry.npmjs.org/path-exists 127ms (cache miss)
440 http fetch GET 200 https://registry.npmjs.org/locate-path 127ms (cache miss)
441 http fetch GET 200 https://registry.npmjs.org/deep-is 123ms (cache miss)
442 http fetch GET 200 https://registry.npmjs.org/word-wrap 122ms (cache miss)
443 http fetch GET 200 https://registry.npmjs.org/brace-expansion 126ms (cache miss)
444 http fetch GET 200 https://registry.npmjs.org/type-check 123ms (cache miss)
445 http fetch GET 200 https://registry.npmjs.org/is-extglob 127ms (cache miss)
446 http fetch GET 200 https://registry.npmjs.org/prelude-ls 126ms (cache miss)
447 http fetch GET 200 https://registry.npmjs.org/flat-cache 130ms (cache miss)
448 http fetch GET 200 https://registry.npmjs.org/acorn-jsx 132ms (cache miss)
449 http fetch GET 200 https://registry.npmjs.org/fast-levenshtein 131ms (cache miss)
450 timing idealTree:node_modules/eslint Completed in 159ms
451 silly placeDep node_modules/@eslint-community/eslint-utils eslint-visitor-keys@3.4.3 OK for: @eslint-community/eslint-utils@4.9.1 want: ^3.4.3
452 timing idealTree:node_modules/@eslint-community/eslint-utils Completed in 1ms
453 timing idealTree:node_modules/@eslint-community/regexpp Completed in 0ms
454 silly placeDep ROOT @eslint/object-schema@2.1.7 OK for: @eslint/config-array@0.21.1 want: ^2.1.7
455 timing idealTree:node_modules/@eslint/config-array Completed in 0ms
456 timing idealTree:node_modules/@eslint/config-helpers Completed in 0ms
457 silly placeDep ROOT @types/json-schema@7.0.15 OK for: @eslint/core@0.17.0 want: ^7.0.15
458 timing idealTree:node_modules/@eslint/core Completed in 0ms
459 silly placeDep ROOT globals@14.0.0 OK for: @eslint/eslintrc@3.3.3 want: ^14.0.0
460 silly placeDep ROOT import-fresh@3.3.1 OK for: @eslint/eslintrc@3.3.3 want: ^3.2.1
461 silly fetch manifest parent-module@^1.0.0
462 silly fetch manifest resolve-from@^4.0.0
463 silly placeDep ROOT js-yaml@4.1.1 OK for: @eslint/eslintrc@3.3.3 want: ^4.1.1
464 silly fetch manifest argparse@^2.0.1
465 silly placeDep ROOT strip-json-comments@3.1.1 OK for: @eslint/eslintrc@3.3.3 want: ^3.1.1
466 http fetch GET 200 https://registry.npmjs.org/parent-module 38ms (cache miss)
467 http fetch GET 200 https://registry.npmjs.org/argparse 37ms (cache miss)
468 http fetch GET 200 https://registry.npmjs.org/resolve-from 39ms (cache miss)
469 timing idealTree:node_modules/@eslint/eslintrc Completed in 41ms
470 timing idealTree:node_modules/@eslint/js Completed in 0ms
471 timing idealTree:node_modules/@eslint/object-schema Completed in 0ms
472 silly placeDep ROOT levn@0.4.1 OK for: @eslint/plugin-kit@0.4.1 want: ^0.4.1
473 silly fetch manifest type-check@~0.4.0
474 timing idealTree:node_modules/@eslint/plugin-kit Completed in 1ms
475 silly placeDep ROOT @humanfs/core@0.19.1 OK for: @humanfs/node@0.16.7 want: ^0.19.1
476 timing idealTree:node_modules/@humanfs/node Completed in 0ms
477 timing idealTree:node_modules/@humanfs/core Completed in 0ms
478 timing idealTree:node_modules/@humanwhocodes/module-importer Completed in 0ms
479 timing idealTree:node_modules/@humanwhocodes/retry Completed in 0ms
480 timing idealTree:node_modules/@types/estree Completed in 0ms
481 timing idealTree:node_modules/@types/json-schema Completed in 0ms
482 silly placeDep ROOT fast-json-stable-stringify@2.1.0 OK for: ajv@6.12.6 want: ^2.0.0
483 silly placeDep ROOT json-schema-traverse@0.4.1 OK for: ajv@6.12.6 want: ^0.4.1
484 silly placeDep ROOT uri-js@4.4.1 OK for: ajv@6.12.6 want: ^4.2.2
485 silly fetch manifest punycode@^2.1.0
486 http fetch GET 200 https://registry.npmjs.org/punycode 30ms (cache miss)
487 timing idealTree:node_modules/ajv Completed in 32ms
488 silly placeDep ROOT ansi-styles@4.3.0 OK for: chalk@4.1.2 want: ^4.1.0
489 silly fetch manifest color-convert@^2.0.1
490 silly placeDep ROOT supports-color@7.2.0 OK for: chalk@4.1.2 want: ^7.1.0
491 silly fetch manifest has-flag@^4.0.0
492 http fetch GET 200 https://registry.npmjs.org/has-flag 33ms (cache miss)
493 http fetch GET 200 https://registry.npmjs.org/color-convert 60ms (cache miss)
494 timing idealTree:node_modules/chalk Completed in 62ms
495 silly placeDep ROOT color-convert@2.0.1 OK for: ansi-styles@4.3.0 want: ^2.0.1
496 silly fetch manifest color-name@~1.1.4
497 http fetch GET 200 https://registry.npmjs.org/color-name 45ms (cache miss)
498 timing idealTree:node_modules/ansi-styles Completed in 47ms
499 silly placeDep ROOT color-name@1.1.4 OK for: color-convert@2.0.1 want: ~1.1.4
500 timing idealTree:node_modules/color-convert Completed in 1ms
501 timing idealTree:node_modules/color-name Completed in 0ms
502 silly placeDep ROOT path-key@3.1.1 OK for: cross-spawn@7.0.6 want: ^3.1.0
503 silly placeDep ROOT shebang-command@2.0.0 OK for: cross-spawn@7.0.6 want: ^2.0.0
504 silly fetch manifest shebang-regex@^3.0.0
505 silly placeDep ROOT which@2.0.2 OK for: cross-spawn@7.0.6 want: ^2.0.1
506 silly fetch manifest isexe@^2.0.0
507 http fetch GET 200 https://registry.npmjs.org/isexe 32ms (cache miss)
508 http fetch GET 200 https://registry.npmjs.org/shebang-regex 33ms (cache miss)
509 timing idealTree:node_modules/cross-spawn Completed in 35ms
510 silly placeDep ROOT ms@2.1.3 OK for: debug@4.4.3 want: ^2.1.3
511 timing idealTree:node_modules/debug Completed in 1ms
512 timing idealTree:node_modules/escape-string-regexp Completed in 0ms
513 silly fetch manifest eslint@>=9.0.0
514 silly fetch manifest typescript@>=3.3.1
515 silly fetch manifest eslint-plugin-import-x@*
516 http fetch GET 200 https://registry.npmjs.org/eslint-plugin-import-x 33ms (cache miss)
517 silly fetch manifest @typescript-eslint/utils@^8.0.0
518 http fetch GET 200 https://registry.npmjs.org/@typescript-eslint%2futils 194ms (cache miss)
519 silly placeDep ROOT @next/eslint-plugin-next@16.1.3 OK for: eslint-config-next@16.1.3 want: 16.1.3
520 silly fetch manifest fast-glob@3.3.1
521 silly placeDep ROOT eslint-import-resolver-node@0.3.9 OK for: eslint-config-next@16.1.3 want: ^0.3.6
522 silly fetch manifest debug@^3.2.7
523 silly fetch manifest is-core-module@^2.13.0
524 silly fetch manifest resolve@^1.22.4
525 silly placeDep ROOT eslint-import-resolver-typescript@3.10.1 OK for: eslint-config-next@16.1.3 want: ^3.5.2
526 silly fetch manifest tinyglobby@^0.2.13
527 silly fetch manifest stable-hash@^0.0.5
528 silly fetch manifest get-tsconfig@^4.10.0
529 silly fetch manifest is-bun-module@^2.0.0
530 silly fetch manifest unrs-resolver@^1.6.2
531 silly fetch manifest @nolyfill/is-core-module@1.0.39
532 silly placeDep ROOT eslint-plugin-import@2.32.0 OK for: eslint-config-next@16.1.3 want: ^2.32.0
533 silly fetch manifest @rtsao/scc@^1.1.0
534 silly fetch manifest array-includes@^3.1.9
535 silly fetch manifest array.prototype.findlastindex@^1.2.6
536 silly fetch manifest array.prototype.flat@^1.3.3
537 silly fetch manifest array.prototype.flatmap@^1.3.3
538 silly fetch manifest doctrine@^2.1.0
539 silly fetch manifest eslint-module-utils@^2.12.1
540 silly fetch manifest hasown@^2.0.2
541 silly fetch manifest is-core-module@^2.16.1
542 silly fetch manifest object.fromentries@^2.0.8
543 silly fetch manifest object.groupby@^1.0.3
544 silly fetch manifest object.values@^1.2.1
545 silly fetch manifest semver@^6.3.1
546 silly fetch manifest string.prototype.trimend@^1.0.9
547 silly fetch manifest tsconfig-paths@^3.15.0
548 silly placeDep ROOT eslint-plugin-jsx-a11y@6.10.2 OK for: eslint-config-next@16.1.3 want: ^6.10.0
549 silly fetch manifest aria-query@^5.3.2
550 silly fetch manifest array-includes@^3.1.8
551 silly fetch manifest array.prototype.flatmap@^1.3.2
552 silly fetch manifest ast-types-flow@^0.0.8
553 silly fetch manifest axe-core@^4.10.0
554 silly fetch manifest axobject-query@^4.1.0
555 silly fetch manifest damerau-levenshtein@^1.0.8
556 silly fetch manifest emoji-regex@^9.2.2
557 silly fetch manifest jsx-ast-utils@^3.3.5
558 silly fetch manifest language-tags@^1.0.9
559 silly fetch manifest safe-regex-test@^1.0.3
560 silly fetch manifest string.prototype.includes@^2.0.1
561 silly placeDep ROOT eslint-plugin-react@7.37.5 OK for: eslint-config-next@16.1.3 want: ^7.37.0
562 silly fetch manifest array.prototype.findlast@^1.2.5
563 silly fetch manifest array.prototype.tosorted@^1.1.4
564 silly fetch manifest es-iterator-helpers@^1.2.1
565 silly fetch manifest estraverse@^5.3.0
566 silly fetch manifest jsx-ast-utils@^2.4.1 || ^3.0.0
567 silly fetch manifest object.entries@^1.1.9
568 silly fetch manifest prop-types@^15.8.1
569 silly fetch manifest resolve@^2.0.0-next.5
570 silly fetch manifest string.prototype.matchall@^4.0.12
571 silly fetch manifest string.prototype.repeat@^1.0.0
572 silly placeDep ROOT eslint-plugin-react-hooks@7.0.1 OK for: eslint-config-next@16.1.3 want: ^7.0.0
573 silly fetch manifest zod@^3.25.0 || ^4.0.0
574 silly fetch manifest @babel/core@^7.24.4
575 silly fetch manifest @babel/parser@^7.24.4
576 silly fetch manifest hermes-parser@^0.25.1
577 silly fetch manifest zod-validation-error@^3.5.0 || ^4.0.0
578 silly placeDep node_modules/eslint-config-next globals@16.4.0 OK for: eslint-config-next@16.1.3 want: 16.4.0
579 silly placeDep ROOT typescript-eslint@8.53.1 OK for: eslint-config-next@16.1.3 want: ^8.46.0
580 silly fetch manifest @typescript-eslint/utils@8.53.1
581 silly fetch manifest @typescript-eslint/parser@8.53.1
582 silly fetch manifest @typescript-eslint/eslint-plugin@8.53.1
583 silly fetch manifest @typescript-eslint/typescript-estree@8.53.1
584 http fetch GET 200 https://registry.npmjs.org/is-bun-module 69ms (cache miss)
585 http fetch GET 200 https://registry.npmjs.org/array-includes 68ms (cache miss)
586 http fetch GET 200 https://registry.npmjs.org/array.prototype.flat 67ms (cache miss)
587 http fetch GET 200 https://registry.npmjs.org/doctrine 68ms (cache miss)
588 http fetch GET 200 https://registry.npmjs.org/stable-hash 77ms (cache miss)
589 http fetch GET 200 https://registry.npmjs.org/array.prototype.flatmap 73ms (cache miss)
590 http fetch GET 200 https://registry.npmjs.org/tinyglobby 80ms (cache miss)
591 http fetch GET 200 https://registry.npmjs.org/unrs-resolver 76ms (cache miss)
592 http fetch GET 200 https://registry.npmjs.org/resolve 84ms (cache miss)
593 http fetch GET 200 https://registry.npmjs.org/is-core-module 85ms (cache miss)
594 http fetch GET 200 https://registry.npmjs.org/fast-glob 87ms (cache miss)
595 http fetch GET 200 https://registry.npmjs.org/array.prototype.findlastindex 79ms (cache miss)
596 http fetch GET 200 https://registry.npmjs.org/@rtsao%2fscc 80ms (cache miss)
597 http fetch GET 200 https://registry.npmjs.org/get-tsconfig 86ms (cache miss)
598 http fetch GET 200 https://registry.npmjs.org/is-core-module 86ms (cache miss)
599 http fetch GET 200 https://registry.npmjs.org/object.fromentries 90ms (cache miss)
600 http fetch GET 200 https://registry.npmjs.org/object.groupby 92ms (cache miss)
601 http fetch GET 200 https://registry.npmjs.org/hasown 95ms (cache miss)
602 http fetch GET 200 https://registry.npmjs.org/object.values 97ms (cache miss)
603 http fetch GET 200 https://registry.npmjs.org/array.prototype.flatmap 101ms (cache miss)
604 http fetch GET 200 https://registry.npmjs.org/@nolyfill%2fis-core-module 109ms (cache miss)
605 http fetch GET 200 https://registry.npmjs.org/aria-query 104ms (cache miss)
606 http fetch GET 200 https://registry.npmjs.org/eslint-module-utils 109ms (cache miss)
607 http fetch GET 200 https://registry.npmjs.org/semver 108ms (cache miss)
608 http fetch GET 200 https://registry.npmjs.org/array-includes 106ms (cache miss)
609 http fetch GET 200 https://registry.npmjs.org/tsconfig-paths 113ms (cache miss)
610 http fetch GET 200 https://registry.npmjs.org/damerau-levenshtein 110ms (cache miss)
611 http fetch GET 200 https://registry.npmjs.org/axobject-query 112ms (cache miss)
612 http fetch GET 200 https://registry.npmjs.org/string.prototype.trimend 117ms (cache miss)
613 http fetch GET 200 https://registry.npmjs.org/emoji-regex 124ms (cache miss)
614 http fetch GET 200 https://registry.npmjs.org/language-tags 151ms (cache miss)
615 http fetch GET 200 https://registry.npmjs.org/string.prototype.includes 150ms (cache miss)
616 http fetch GET 200 https://registry.npmjs.org/array.prototype.findlast 149ms (cache miss)
617 http fetch GET 200 https://registry.npmjs.org/safe-regex-test 151ms (cache miss)
618 http fetch GET 200 https://registry.npmjs.org/string.prototype.repeat 148ms (cache miss)
619 http fetch GET 200 https://registry.npmjs.org/array.prototype.tosorted 150ms (cache miss)
620 http fetch GET 200 https://registry.npmjs.org/prop-types 150ms (cache miss)
621 http fetch GET 200 https://registry.npmjs.org/object.entries 150ms (cache miss)
622 http fetch GET 200 https://registry.npmjs.org/resolve 151ms (cache miss)
623 http fetch GET 200 https://registry.npmjs.org/string.prototype.matchall 151ms (cache miss)
624 http fetch GET 200 https://registry.npmjs.org/ast-types-flow 160ms (cache miss)
625 http fetch GET 200 https://registry.npmjs.org/zod-validation-error 159ms (cache miss)
626 http fetch GET 200 https://registry.npmjs.org/jsx-ast-utils 176ms (cache miss)
627 http fetch GET 200 https://registry.npmjs.org/jsx-ast-utils 179ms (cache miss)
628 http fetch GET 200 https://registry.npmjs.org/hermes-parser 180ms (cache miss)
629 http fetch GET 200 https://registry.npmjs.org/es-iterator-helpers 185ms (cache miss)
630 http fetch GET 200 https://registry.npmjs.org/@babel%2fparser 248ms (cache miss)
631 http fetch GET 200 https://registry.npmjs.org/@babel%2fcore 251ms (cache miss)
632 http fetch GET 200 https://registry.npmjs.org/zod 333ms (cache miss)
633 http fetch GET 200 https://registry.npmjs.org/axe-core 735ms (cache miss)
634 http fetch GET 200 https://registry.npmjs.org/@typescript-eslint%2fparser 777ms (cache miss)
635 http fetch GET 200 https://registry.npmjs.org/@typescript-eslint%2feslint-plugin 1236ms (cache miss)
636 http fetch GET 200 https://registry.npmjs.org/@typescript-eslint%2ftypescript-estree 1540ms (cache miss)
637 timing idealTree:node_modules/eslint-config-next Completed in 1843ms
638 silly placeDep ROOT fast-glob@3.3.1 OK for: @next/eslint-plugin-next@16.1.3 want: 3.3.1
639 silly fetch manifest merge2@^1.3.0
640 silly fetch manifest micromatch@^4.0.4
641 silly fetch manifest glob-parent@^5.1.2
642 silly fetch manifest @nodelib/fs.stat@^2.0.2
643 silly fetch manifest @nodelib/fs.walk@^1.2.3
644 http fetch GET 200 https://registry.npmjs.org/merge2 35ms (cache miss)
645 http fetch GET 200 https://registry.npmjs.org/micromatch 37ms (cache miss)
646 http fetch GET 200 https://registry.npmjs.org/@nodelib%2ffs.stat 55ms (cache miss)
647 http fetch GET 200 https://registry.npmjs.org/@nodelib%2ffs.walk 55ms (cache miss)
648 timing idealTree:node_modules/@next/eslint-plugin-next Completed in 57ms
649 silly placeDep node_modules/eslint-import-resolver-node debug@3.2.7 OK for: eslint-import-resolver-node@0.3.9 want: ^3.2.7
650 silly placeDep ROOT is-core-module@2.16.1 OK for: eslint-import-resolver-node@0.3.9 want: ^2.13.0
651 silly placeDep ROOT resolve@1.22.11 OK for: eslint-import-resolver-node@0.3.9 want: ^1.22.4
652 silly fetch manifest path-parse@^1.0.7
653 silly fetch manifest supports-preserve-symlinks-flag@^1.0.0
654 http fetch GET 200 https://registry.npmjs.org/path-parse 35ms (cache miss)
655 http fetch GET 200 https://registry.npmjs.org/supports-preserve-symlinks-flag 38ms (cache miss)
656 timing idealTree:node_modules/eslint-import-resolver-node Completed in 41ms
657 silly placeDep ROOT @nolyfill/is-core-module@1.0.39 OK for: eslint-import-resolver-typescript@3.10.1 want: 1.0.39
658 silly placeDep ROOT get-tsconfig@4.13.0 OK for: eslint-import-resolver-typescript@3.10.1 want: ^4.10.0
659 silly fetch manifest resolve-pkg-maps@^1.0.0
660 silly placeDep ROOT is-bun-module@2.0.0 OK for: eslint-import-resolver-typescript@3.10.1 want: ^2.0.0
661 silly fetch manifest semver@^7.7.1
662 silly placeDep ROOT stable-hash@0.0.5 OK for: eslint-import-resolver-typescript@3.10.1 want: ^0.0.5
663 silly placeDep ROOT tinyglobby@0.2.15 OK for: eslint-import-resolver-typescript@3.10.1 want: ^0.2.13
664 silly fetch manifest fdir@^6.5.0
665 silly fetch manifest picomatch@^4.0.3
666 silly placeDep ROOT unrs-resolver@1.11.1 OK for: eslint-import-resolver-typescript@3.10.1 want: ^1.6.2
667 silly fetch manifest napi-postinstall@^0.3.0
668 silly fetch manifest @unrs/resolver-binding-win32-x64-msvc@1.11.1
669 silly fetch manifest @unrs/resolver-binding-win32-arm64-msvc@1.11.1
670 silly fetch manifest @unrs/resolver-binding-win32-ia32-msvc@1.11.1
671 silly fetch manifest @unrs/resolver-binding-linux-x64-gnu@1.11.1
672 silly fetch manifest @unrs/resolver-binding-linux-x64-musl@1.11.1
673 silly fetch manifest @unrs/resolver-binding-freebsd-x64@1.11.1
674 silly fetch manifest @unrs/resolver-binding-android-arm64@1.11.1
675 silly fetch manifest @unrs/resolver-binding-linux-arm64-gnu@1.11.1
676 silly fetch manifest @unrs/resolver-binding-linux-arm64-musl@1.11.1
677 silly fetch manifest @unrs/resolver-binding-android-arm-eabi@1.11.1
678 silly fetch manifest @unrs/resolver-binding-linux-arm-gnueabihf@1.11.1
679 silly fetch manifest @unrs/resolver-binding-linux-arm-musleabihf@1.11.1
680 silly fetch manifest @unrs/resolver-binding-linux-ppc64-gnu@1.11.1
681 silly fetch manifest @unrs/resolver-binding-linux-riscv64-gnu@1.11.1
682 silly fetch manifest @unrs/resolver-binding-linux-riscv64-musl@1.11.1
683 silly fetch manifest @unrs/resolver-binding-linux-s390x-gnu@1.11.1
684 silly fetch manifest @unrs/resolver-binding-darwin-x64@1.11.1
685 silly fetch manifest @unrs/resolver-binding-darwin-arm64@1.11.1
686 silly fetch manifest @unrs/resolver-binding-wasm32-wasi@1.11.1
687 http fetch GET 200 https://registry.npmjs.org/resolve-pkg-maps 47ms (cache miss)
688 http fetch GET 200 https://registry.npmjs.org/fdir 45ms (cache miss)
689 http fetch GET 200 https://registry.npmjs.org/@unrs%2fresolver-binding-linux-arm-gnueabihf 53ms (cache miss)
690 http fetch GET 200 https://registry.npmjs.org/picomatch 57ms (cache miss)
691 http fetch GET 200 https://registry.npmjs.org/napi-postinstall 55ms (cache miss)
692 http fetch GET 200 https://registry.npmjs.org/@unrs%2fresolver-binding-android-arm-eabi 54ms (cache miss)
693 http fetch GET 200 https://registry.npmjs.org/@unrs%2fresolver-binding-win32-x64-msvc 61ms (cache miss)
694 http fetch GET 200 https://registry.npmjs.org/@unrs%2fresolver-binding-linux-x64-musl 69ms (cache miss)
695 http fetch GET 200 https://registry.npmjs.org/@unrs%2fresolver-binding-linux-arm64-gnu 69ms (cache miss)
696 http fetch GET 200 https://registry.npmjs.org/@unrs%2fresolver-binding-linux-arm64-musl 69ms (cache miss)
697 http fetch GET 200 https://registry.npmjs.org/@unrs%2fresolver-binding-linux-x64-gnu 70ms (cache miss)
698 http fetch GET 200 https://registry.npmjs.org/@unrs%2fresolver-binding-android-arm64 69ms (cache miss)
699 http fetch GET 200 https://registry.npmjs.org/@unrs%2fresolver-binding-freebsd-x64 77ms (cache miss)
700 http fetch GET 200 https://registry.npmjs.org/@unrs%2fresolver-binding-win32-ia32-msvc 79ms (cache miss)
701 http fetch GET 200 https://registry.npmjs.org/@unrs%2fresolver-binding-linux-riscv64-gnu 90ms (cache miss)
702 http fetch GET 200 https://registry.npmjs.org/@unrs%2fresolver-binding-linux-riscv64-musl 91ms (cache miss)
703 http fetch GET 200 https://registry.npmjs.org/@unrs%2fresolver-binding-linux-ppc64-gnu 95ms (cache miss)
704 http fetch GET 200 https://registry.npmjs.org/@unrs%2fresolver-binding-darwin-x64 97ms (cache miss)
705 http fetch GET 200 https://registry.npmjs.org/@unrs%2fresolver-binding-darwin-arm64 98ms (cache miss)
706 http fetch GET 200 https://registry.npmjs.org/@unrs%2fresolver-binding-wasm32-wasi 101ms (cache miss)
707 http fetch GET 200 https://registry.npmjs.org/@unrs%2fresolver-binding-win32-arm64-msvc 110ms (cache miss)
708 http fetch GET 200 https://registry.npmjs.org/@unrs%2fresolver-binding-linux-arm-musleabihf 139ms (cache miss)
709 http fetch GET 200 https://registry.npmjs.org/@unrs%2fresolver-binding-linux-s390x-gnu 172ms (cache miss)
710 timing idealTree:node_modules/eslint-import-resolver-typescript Completed in 182ms
711 timing idealTree:node_modules/@nolyfill/is-core-module Completed in 0ms
712 silly placeDep ROOT @rtsao/scc@1.1.0 OK for: eslint-plugin-import@2.32.0 want: ^1.1.0
713 silly placeDep ROOT array-includes@3.1.9 OK for: eslint-plugin-import@2.32.0 want: ^3.1.9
714 silly fetch manifest call-bind@^1.0.8
715 silly fetch manifest call-bound@^1.0.4
716 silly fetch manifest define-properties@^1.2.1
717 silly fetch manifest es-abstract@^1.24.0
718 silly fetch manifest es-object-atoms@^1.1.1
719 silly fetch manifest get-intrinsic@^1.3.0
720 silly fetch manifest is-string@^1.1.1
721 silly fetch manifest math-intrinsics@^1.1.0
722 silly placeDep ROOT array.prototype.findlastindex@1.2.6 OK for: eslint-plugin-import@2.32.0 want: ^1.2.6
723 silly fetch manifest es-abstract@^1.23.9
724 silly fetch manifest es-errors@^1.3.0
725 silly fetch manifest es-shim-unscopables@^1.1.0
726 silly placeDep ROOT array.prototype.flat@1.3.3 OK for: eslint-plugin-import@2.32.0 want: ^1.3.3
727 silly fetch manifest es-abstract@^1.23.5
728 silly fetch manifest es-shim-unscopables@^1.0.2
729 silly placeDep ROOT array.prototype.flatmap@1.3.3 OK for: eslint-plugin-import@2.32.0 want: ^1.3.3
730 silly placeDep node_modules/eslint-plugin-import debug@3.2.7 OK for: eslint-plugin-import@2.32.0 want: ^3.2.7
731 silly placeDep ROOT doctrine@2.1.0 OK for: eslint-plugin-import@2.32.0 want: ^2.1.0
732 silly placeDep ROOT eslint-module-utils@2.12.1 OK for: eslint-plugin-import@2.32.0 want: ^2.12.1
733 silly placeDep ROOT hasown@2.0.2 OK for: eslint-plugin-import@2.32.0 want: ^2.0.2
734 silly fetch manifest function-bind@^1.1.2
735 silly placeDep ROOT object.fromentries@2.0.8 OK for: eslint-plugin-import@2.32.0 want: ^2.0.8
736 silly fetch manifest call-bind@^1.0.7
737 silly fetch manifest es-abstract@^1.23.2
738 silly fetch manifest es-object-atoms@^1.0.0
739 silly placeDep ROOT object.groupby@1.0.3 OK for: eslint-plugin-import@2.32.0 want: ^1.0.3
740 silly placeDep ROOT object.values@1.2.1 OK for: eslint-plugin-import@2.32.0 want: ^1.2.1
741 silly fetch manifest call-bound@^1.0.3
742 silly placeDep ROOT semver@6.3.1 OK for: eslint-plugin-import@2.32.0 want: ^6.3.1
743 silly placeDep ROOT string.prototype.trimend@1.0.9 OK for: eslint-plugin-import@2.32.0 want: ^1.0.9
744 silly fetch manifest call-bound@^1.0.2
745 silly placeDep ROOT tsconfig-paths@3.15.0 OK for: eslint-plugin-import@2.32.0 want: ^3.15.0
746 silly fetch manifest json5@^1.0.2
747 silly fetch manifest minimist@^1.2.6
748 silly fetch manifest strip-bom@^3.0.0
749 silly fetch manifest @types/json5@^0.0.29
750 http fetch GET 200 https://registry.npmjs.org/get-intrinsic 43ms (cache miss)
751 http fetch GET 200 https://registry.npmjs.org/es-shim-unscopables 43ms (cache miss)
752 http fetch GET 200 https://registry.npmjs.org/define-properties 50ms (cache miss)
753 http fetch GET 200 https://registry.npmjs.org/call-bind 52ms (cache miss)
754 http fetch GET 200 https://registry.npmjs.org/math-intrinsics 50ms (cache miss)
755 http fetch GET 200 https://registry.npmjs.org/call-bound 52ms (cache miss)
756 http fetch GET 200 https://registry.npmjs.org/is-string 54ms (cache miss)
757 http fetch GET 200 https://registry.npmjs.org/es-object-atoms 56ms (cache miss)
758 http fetch GET 200 https://registry.npmjs.org/function-bind 47ms (cache miss)
759 http fetch GET 200 https://registry.npmjs.org/es-abstract 56ms (cache miss)
760 http fetch GET 200 https://registry.npmjs.org/es-shim-unscopables 54ms (cache miss)
761 http fetch GET 200 https://registry.npmjs.org/call-bind 51ms (cache miss)
762 http fetch GET 200 https://registry.npmjs.org/es-abstract 58ms (cache miss)
763 http fetch GET 200 https://registry.npmjs.org/es-errors 64ms (cache miss)
764 http fetch GET 200 https://registry.npmjs.org/call-bound 70ms (cache miss)
765 http fetch GET 200 https://registry.npmjs.org/call-bound 72ms (cache miss)
766 http fetch GET 200 https://registry.npmjs.org/es-object-atoms 73ms (cache miss)
767 http fetch GET 200 https://registry.npmjs.org/es-abstract 73ms (cache miss)
768 http fetch GET 200 https://registry.npmjs.org/json5 74ms (cache miss)
769 http fetch GET 200 https://registry.npmjs.org/strip-bom 75ms (cache miss)
770 http fetch GET 200 https://registry.npmjs.org/es-abstract 83ms (cache miss)
771 http fetch GET 200 https://registry.npmjs.org/minimist 79ms (cache miss)
772 http fetch GET 200 https://registry.npmjs.org/@types%2fjson5 83ms (cache miss)
773 timing idealTree:node_modules/eslint-plugin-import Completed in 99ms
774 timing idealTree:node_modules/@rtsao/scc Completed in 0ms
775 silly placeDep ROOT call-bind@1.0.8 OK for: array-includes@3.1.9 want: ^1.0.8
776 silly fetch manifest call-bind-apply-helpers@^1.0.0
777 silly fetch manifest es-define-property@^1.0.0
778 silly fetch manifest get-intrinsic@^1.2.4
779 silly fetch manifest set-function-length@^1.2.2
780 silly placeDep ROOT call-bound@1.0.4 OK for: array-includes@3.1.9 want: ^1.0.4
781 silly fetch manifest call-bind-apply-helpers@^1.0.2
782 silly placeDep ROOT define-properties@1.2.1 OK for: array-includes@3.1.9 want: ^1.2.1
783 silly fetch manifest define-data-property@^1.0.1
784 silly fetch manifest has-property-descriptors@^1.0.0
785 silly fetch manifest object-keys@^1.1.1
786 silly placeDep ROOT es-abstract@1.24.1 OK for: array-includes@3.1.9 want: ^1.24.0
787 silly fetch manifest array-buffer-byte-length@^1.0.2
788 silly fetch manifest arraybuffer.prototype.slice@^1.0.4
789 silly fetch manifest available-typed-arrays@^1.0.7
790 silly fetch manifest data-view-buffer@^1.0.2
791 silly fetch manifest data-view-byte-length@^1.0.2
792 silly fetch manifest data-view-byte-offset@^1.0.1
793 silly fetch manifest es-define-property@^1.0.1
794 silly fetch manifest es-set-tostringtag@^2.1.0
795 silly fetch manifest es-to-primitive@^1.3.0
796 silly fetch manifest function.prototype.name@^1.1.8
797 silly fetch manifest get-proto@^1.0.1
798 silly fetch manifest get-symbol-description@^1.1.0
799 silly fetch manifest globalthis@^1.0.4
800 silly fetch manifest gopd@^1.2.0
801 silly fetch manifest has-property-descriptors@^1.0.2
802 silly fetch manifest has-proto@^1.2.0
803 silly fetch manifest has-symbols@^1.1.0
804 silly fetch manifest internal-slot@^1.1.0
805 silly fetch manifest is-array-buffer@^3.0.5
806 silly fetch manifest is-callable@^1.2.7
807 silly fetch manifest is-data-view@^1.0.2
808 silly fetch manifest is-negative-zero@^2.0.3
809 silly fetch manifest is-regex@^1.2.1
810 silly fetch manifest is-set@^2.0.3
811 silly fetch manifest is-shared-array-buffer@^1.0.4
812 silly fetch manifest is-typed-array@^1.1.15
813 silly fetch manifest is-weakref@^1.1.1
814 silly fetch manifest object-inspect@^1.13.4
815 silly fetch manifest object.assign@^4.1.7
816 silly fetch manifest own-keys@^1.0.1
817 silly fetch manifest regexp.prototype.flags@^1.5.4
818 silly fetch manifest safe-array-concat@^1.1.3
819 silly fetch manifest safe-push-apply@^1.0.0
820 silly fetch manifest safe-regex-test@^1.1.0
821 silly fetch manifest set-proto@^1.0.0
822 silly fetch manifest stop-iteration-iterator@^1.1.0
823 silly fetch manifest string.prototype.trim@^1.2.10
824 silly fetch manifest string.prototype.trimstart@^1.0.8
825 silly fetch manifest typed-array-buffer@^1.0.3
826 silly fetch manifest typed-array-byte-length@^1.0.3
827 silly fetch manifest typed-array-byte-offset@^1.0.4
828 silly fetch manifest typed-array-length@^1.0.7
829 silly fetch manifest unbox-primitive@^1.1.0
830 silly fetch manifest which-typed-array@^1.1.19
831 silly placeDep ROOT es-object-atoms@1.1.1 OK for: array-includes@3.1.9 want: ^1.1.1
832 silly placeDep ROOT get-intrinsic@1.3.0 OK for: array-includes@3.1.9 want: ^1.3.0
833 silly placeDep ROOT is-string@1.1.1 OK for: array-includes@3.1.9 want: ^1.1.1
834 silly fetch manifest has-tostringtag@^1.0.2
835 silly placeDep ROOT math-intrinsics@1.1.0 OK for: array-includes@3.1.9 want: ^1.1.0
836 http fetch GET 200 https://registry.npmjs.org/arraybuffer.prototype.slice 59ms (cache miss)
837 http fetch GET 200 https://registry.npmjs.org/has-property-descriptors 62ms (cache miss)
838 http fetch GET 200 https://registry.npmjs.org/es-define-property 58ms (cache miss)
839 http fetch GET 200 https://registry.npmjs.org/object-keys 61ms (cache miss)
840 http fetch GET 200 https://registry.npmjs.org/call-bind-apply-helpers 65ms (cache miss)
841 http fetch GET 200 https://registry.npmjs.org/data-view-byte-length 60ms (cache miss)
842 http fetch GET 200 https://registry.npmjs.org/es-define-property 66ms (cache miss)
843 http fetch GET 200 https://registry.npmjs.org/data-view-buffer 62ms (cache miss)
844 http fetch GET 200 https://registry.npmjs.org/define-data-property 65ms (cache miss)
845 http fetch GET 200 https://registry.npmjs.org/call-bind-apply-helpers 67ms (cache miss)
846 http fetch GET 200 https://registry.npmjs.org/available-typed-arrays 63ms (cache miss)
847 http fetch GET 200 https://registry.npmjs.org/data-view-byte-offset 65ms (cache miss)
848 http fetch GET 200 https://registry.npmjs.org/es-set-tostringtag 64ms (cache miss)
849 http fetch GET 200 https://registry.npmjs.org/globalthis 85ms (cache miss)
850 http fetch GET 200 https://registry.npmjs.org/get-proto 85ms (cache miss)
851 http fetch GET 200 https://registry.npmjs.org/has-symbols 84ms (cache miss)
852 http fetch GET 200 https://registry.npmjs.org/gopd 88ms (cache miss)
853 http fetch GET 200 https://registry.npmjs.org/is-data-view 86ms (cache miss)
854 http fetch GET 200 https://registry.npmjs.org/is-array-buffer 86ms (cache miss)
855 http fetch GET 200 https://registry.npmjs.org/has-property-descriptors 92ms (cache miss)
856 http fetch GET 200 https://registry.npmjs.org/has-proto 93ms (cache miss)
857 http fetch GET 200 https://registry.npmjs.org/internal-slot 92ms (cache miss)
858 http fetch GET 200 https://registry.npmjs.org/get-symbol-description 96ms (cache miss)
859 http fetch GET 200 https://registry.npmjs.org/is-callable 93ms (cache miss)
860 http fetch GET 200 https://registry.npmjs.org/array-buffer-byte-length 107ms (cache miss)
861 http fetch GET 200 https://registry.npmjs.org/function.prototype.name 105ms (cache miss)
862 http fetch GET 200 https://registry.npmjs.org/set-function-length 117ms (cache miss)
863 http fetch GET 200 https://registry.npmjs.org/is-regex 107ms (cache miss)
864 http fetch GET 200 https://registry.npmjs.org/is-negative-zero 115ms (cache miss)
865 http fetch GET 200 https://registry.npmjs.org/is-typed-array 123ms (cache miss)
866 http fetch GET 200 https://registry.npmjs.org/is-set 124ms (cache miss)
867 http fetch GET 200 https://registry.npmjs.org/is-weakref 123ms (cache miss)
868 http fetch GET 200 https://registry.npmjs.org/is-shared-array-buffer 124ms (cache miss)
869 http fetch GET 200 https://registry.npmjs.org/object-inspect 131ms (cache miss)
870 http fetch GET 200 https://registry.npmjs.org/safe-push-apply 130ms (cache miss)
871 http fetch GET 200 https://registry.npmjs.org/safe-array-concat 132ms (cache miss)
872 http fetch GET 200 https://registry.npmjs.org/own-keys 133ms (cache miss)
873 http fetch GET 200 https://registry.npmjs.org/es-to-primitive 141ms (cache miss)
874 http fetch GET 200 https://registry.npmjs.org/object.assign 133ms (cache miss)
875 http fetch GET 200 https://registry.npmjs.org/regexp.prototype.flags 133ms (cache miss)
876 http fetch GET 200 https://registry.npmjs.org/string.prototype.trim 138ms (cache miss)
877 http fetch GET 200 https://registry.npmjs.org/stop-iteration-iterator 138ms (cache miss)
878 http fetch GET 200 https://registry.npmjs.org/typed-array-byte-length 147ms (cache miss)
879 http fetch GET 200 https://registry.npmjs.org/has-tostringtag 150ms (cache miss)
880 http fetch GET 200 https://registry.npmjs.org/unbox-primitive 151ms (cache miss)
881 http fetch GET 200 https://registry.npmjs.org/typed-array-byte-offset 152ms (cache miss)
882 http fetch GET 200 https://registry.npmjs.org/typed-array-length 159ms (cache miss)
883 http fetch GET 200 https://registry.npmjs.org/which-typed-array 159ms (cache miss)
884 http fetch GET 200 https://registry.npmjs.org/set-proto 185ms (cache miss)
885 http fetch GET 200 https://registry.npmjs.org/string.prototype.trimstart 218ms (cache miss)
886 http fetch GET 200 https://registry.npmjs.org/typed-array-buffer 338ms (cache miss)
887 timing idealTree:node_modules/array-includes Completed in 357ms
888 silly placeDep ROOT es-errors@1.3.0 OK for: array.prototype.findlastindex@1.2.6 want: ^1.3.0
889 silly placeDep ROOT es-shim-unscopables@1.1.0 OK for: array.prototype.findlastindex@1.2.6 want: ^1.1.0
890 timing idealTree:node_modules/array.prototype.findlastindex Completed in 1ms
891 timing idealTree:node_modules/array.prototype.flat Completed in 0ms
892 timing idealTree:node_modules/array.prototype.flatmap Completed in 0ms
893 silly placeDep ROOT call-bind-apply-helpers@1.0.2 OK for: call-bind@1.0.8 want: ^1.0.0
894 silly placeDep ROOT es-define-property@1.0.1 OK for: call-bind@1.0.8 want: ^1.0.0
895 silly placeDep ROOT set-function-length@1.2.2 OK for: call-bind@1.0.8 want: ^1.2.2
896 silly fetch manifest define-data-property@^1.1.4
897 silly fetch manifest gopd@^1.0.1
898 timing idealTree:node_modules/call-bind Completed in 2ms
899 silly placeDep ROOT function-bind@1.1.2 OK for: call-bind-apply-helpers@1.0.2 want: ^1.1.2
900 timing idealTree:node_modules/call-bind-apply-helpers Completed in 1ms
901 timing idealTree:node_modules/call-bound Completed in 0ms
902 silly placeDep ROOT define-data-property@1.1.4 OK for: define-properties@1.2.1 want: ^1.0.1
903 silly placeDep ROOT has-property-descriptors@1.0.2 OK for: define-properties@1.2.1 want: ^1.0.0
904 silly placeDep ROOT object-keys@1.1.1 OK for: define-properties@1.2.1 want: ^1.1.1
905 timing idealTree:node_modules/define-properties Completed in 1ms
906 silly placeDep ROOT gopd@1.2.0 OK for: define-data-property@1.1.4 want: ^1.0.1
907 timing idealTree:node_modules/define-data-property Completed in 2ms
908 timing idealTree:node_modules/doctrine Completed in 0ms
909 silly placeDep ROOT array-buffer-byte-length@1.0.2 OK for: es-abstract@1.24.1 want: ^1.0.2
910 silly placeDep ROOT arraybuffer.prototype.slice@1.0.4 OK for: es-abstract@1.24.1 want: ^1.0.4
911 silly fetch manifest is-array-buffer@^3.0.4
912 silly placeDep ROOT available-typed-arrays@1.0.7 OK for: es-abstract@1.24.1 want: ^1.0.7
913 silly fetch manifest possible-typed-array-names@^1.0.0
914 silly placeDep ROOT data-view-buffer@1.0.2 OK for: es-abstract@1.24.1 want: ^1.0.2
915 silly placeDep ROOT data-view-byte-length@1.0.2 OK for: es-abstract@1.24.1 want: ^1.0.2
916 silly placeDep ROOT data-view-byte-offset@1.0.1 OK for: es-abstract@1.24.1 want: ^1.0.1
917 silly fetch manifest is-data-view@^1.0.1
918 silly placeDep ROOT es-set-tostringtag@2.1.0 OK for: es-abstract@1.24.1 want: ^2.1.0
919 silly placeDep ROOT es-to-primitive@1.3.0 OK for: es-abstract@1.24.1 want: ^1.3.0
920 silly fetch manifest is-date-object@^1.0.5
921 silly fetch manifest is-symbol@^1.0.4
922 silly placeDep ROOT function.prototype.name@1.1.8 OK for: es-abstract@1.24.1 want: ^1.1.8
923 silly fetch manifest functions-have-names@^1.2.3
924 silly placeDep ROOT get-proto@1.0.1 OK for: es-abstract@1.24.1 want: ^1.0.1
925 silly fetch manifest dunder-proto@^1.0.1
926 silly placeDep ROOT get-symbol-description@1.1.0 OK for: es-abstract@1.24.1 want: ^1.1.0
927 silly placeDep ROOT globalthis@1.0.4 OK for: es-abstract@1.24.1 want: ^1.0.4
928 silly placeDep ROOT has-proto@1.2.0 OK for: es-abstract@1.24.1 want: ^1.2.0
929 silly fetch manifest dunder-proto@^1.0.0
930 silly placeDep ROOT has-symbols@1.1.0 OK for: es-abstract@1.24.1 want: ^1.1.0
931 silly placeDep ROOT internal-slot@1.1.0 OK for: es-abstract@1.24.1 want: ^1.1.0
932 silly fetch manifest side-channel@^1.1.0
933 silly placeDep ROOT is-array-buffer@3.0.5 OK for: es-abstract@1.24.1 want: ^3.0.5
934 silly placeDep ROOT is-callable@1.2.7 OK for: es-abstract@1.24.1 want: ^1.2.7
935 silly placeDep ROOT is-data-view@1.0.2 OK for: es-abstract@1.24.1 want: ^1.0.2
936 silly fetch manifest is-typed-array@^1.1.13
937 silly placeDep ROOT is-negative-zero@2.0.3 OK for: es-abstract@1.24.1 want: ^2.0.3
938 silly placeDep ROOT is-regex@1.2.1 OK for: es-abstract@1.24.1 want: ^1.2.1
939 silly placeDep ROOT is-set@2.0.3 OK for: es-abstract@1.24.1 want: ^2.0.3
940 silly placeDep ROOT is-shared-array-buffer@1.0.4 OK for: es-abstract@1.24.1 want: ^1.0.4
941 silly placeDep ROOT is-typed-array@1.1.15 OK for: es-abstract@1.24.1 want: ^1.1.15
942 silly fetch manifest which-typed-array@^1.1.16
943 silly placeDep ROOT is-weakref@1.1.1 OK for: es-abstract@1.24.1 want: ^1.1.1
944 silly placeDep ROOT object-inspect@1.13.4 OK for: es-abstract@1.24.1 want: ^1.13.4
945 silly placeDep ROOT object.assign@4.1.7 OK for: es-abstract@1.24.1 want: ^4.1.7
946 silly placeDep ROOT own-keys@1.0.1 OK for: es-abstract@1.24.1 want: ^1.0.1
947 silly placeDep ROOT regexp.prototype.flags@1.5.4 OK for: es-abstract@1.24.1 want: ^1.5.4
948 silly fetch manifest set-function-name@^2.0.2
949 silly placeDep ROOT safe-array-concat@1.1.3 OK for: es-abstract@1.24.1 want: ^1.1.3
950 silly fetch manifest isarray@^2.0.5
951 silly placeDep ROOT safe-push-apply@1.0.0 OK for: es-abstract@1.24.1 want: ^1.0.0
952 silly placeDep ROOT safe-regex-test@1.1.0 OK for: es-abstract@1.24.1 want: ^1.1.0
953 silly placeDep ROOT set-proto@1.0.0 OK for: es-abstract@1.24.1 want: ^1.0.0
954 silly placeDep ROOT stop-iteration-iterator@1.1.0 OK for: es-abstract@1.24.1 want: ^1.1.0
955 silly placeDep ROOT string.prototype.trim@1.2.10 OK for: es-abstract@1.24.1 want: ^1.2.10
956 silly placeDep ROOT string.prototype.trimstart@1.0.8 OK for: es-abstract@1.24.1 want: ^1.0.8
957 silly placeDep ROOT typed-array-buffer@1.0.3 OK for: es-abstract@1.24.1 want: ^1.0.3
958 silly placeDep ROOT typed-array-byte-length@1.0.3 OK for: es-abstract@1.24.1 want: ^1.0.3
959 silly fetch manifest for-each@^0.3.3
960 silly placeDep ROOT typed-array-byte-offset@1.0.4 OK for: es-abstract@1.24.1 want: ^1.0.4
961 silly fetch manifest reflect.getprototypeof@^1.0.9
962 silly placeDep ROOT typed-array-length@1.0.7 OK for: es-abstract@1.24.1 want: ^1.0.7
963 silly fetch manifest reflect.getprototypeof@^1.0.6
964 silly placeDep ROOT unbox-primitive@1.1.0 OK for: es-abstract@1.24.1 want: ^1.1.0
965 silly fetch manifest has-bigints@^1.0.2
966 silly fetch manifest which-boxed-primitive@^1.1.1
967 silly placeDep ROOT which-typed-array@1.1.20 OK for: es-abstract@1.24.1 want: ^1.1.19
968 silly fetch manifest for-each@^0.3.5
969 http fetch GET 200 https://registry.npmjs.org/dunder-proto 57ms (cache miss)
970 http fetch GET 200 https://registry.npmjs.org/side-channel 58ms (cache miss)
971 http fetch GET 200 https://registry.npmjs.org/is-symbol 62ms (cache miss)
972 http fetch GET 200 https://registry.npmjs.org/has-bigints 40ms (cache miss)
973 http fetch GET 200 https://registry.npmjs.org/dunder-proto 63ms (cache miss)
974 http fetch GET 200 https://registry.npmjs.org/is-date-object 69ms (cache miss)
975 http fetch GET 200 https://registry.npmjs.org/reflect.getprototypeof 46ms (cache miss)
976 http fetch GET 200 https://registry.npmjs.org/set-function-name 54ms (cache miss)
977 http fetch GET 200 https://registry.npmjs.org/isarray 53ms (cache miss)
978 http fetch GET 200 https://registry.npmjs.org/possible-typed-array-names 74ms (cache miss)
979 http fetch GET 200 https://registry.npmjs.org/functions-have-names 67ms (cache miss)
980 http fetch GET 200 https://registry.npmjs.org/reflect.getprototypeof 47ms (cache miss)
981 http fetch GET 200 https://registry.npmjs.org/which-boxed-primitive 48ms (cache miss)
982 http fetch GET 200 https://registry.npmjs.org/for-each 48ms (cache miss)
983 http fetch GET 200 https://registry.npmjs.org/for-each 55ms (cache miss)
984 timing idealTree:node_modules/es-abstract Completed in 86ms
985 timing idealTree:node_modules/array-buffer-byte-length Completed in 0ms
986 timing idealTree:node_modules/arraybuffer.prototype.slice Completed in 0ms
987 silly placeDep ROOT possible-typed-array-names@1.1.0 OK for: available-typed-arrays@1.0.7 want: ^1.0.0
988 timing idealTree:node_modules/available-typed-arrays Completed in 0ms
989 timing idealTree:node_modules/data-view-buffer Completed in 0ms
990 timing idealTree:node_modules/data-view-byte-length Completed in 0ms
991 timing idealTree:node_modules/data-view-byte-offset Completed in 0ms
992 timing idealTree:node_modules/es-define-property Completed in 0ms
993 timing idealTree:node_modules/es-errors Completed in 0ms
994 timing idealTree:node_modules/es-object-atoms Completed in 0ms
995 silly placeDep ROOT has-tostringtag@1.0.2 OK for: es-set-tostringtag@2.1.0 want: ^1.0.2
996 timing idealTree:node_modules/es-set-tostringtag Completed in 1ms
997 timing idealTree:node_modules/es-shim-unscopables Completed in 0ms
998 silly placeDep ROOT is-date-object@1.1.0 OK for: es-to-primitive@1.3.0 want: ^1.0.5
999 silly placeDep ROOT is-symbol@1.1.1 OK for: es-to-primitive@1.3.0 want: ^1.0.4
1000 timing idealTree:node_modules/es-to-primitive Completed in 1ms
1001 silly placeDep node_modules/eslint-module-utils debug@3.2.7 OK for: eslint-module-utils@2.12.1 want: ^3.2.7
1002 timing idealTree:node_modules/eslint-module-utils Completed in 0ms
1003 silly placeDep ROOT aria-query@5.3.2 OK for: eslint-plugin-jsx-a11y@6.10.2 want: ^5.3.2
1004 silly placeDep ROOT ast-types-flow@0.0.8 OK for: eslint-plugin-jsx-a11y@6.10.2 want: ^0.0.8
1005 silly placeDep ROOT axe-core@4.11.1 OK for: eslint-plugin-jsx-a11y@6.10.2 want: ^4.10.0
1006 silly placeDep ROOT axobject-query@4.1.0 OK for: eslint-plugin-jsx-a11y@6.10.2 want: ^4.1.0
1007 silly placeDep ROOT damerau-levenshtein@1.0.8 OK for: eslint-plugin-jsx-a11y@6.10.2 want: ^1.0.8
1008 silly placeDep ROOT emoji-regex@9.2.2 OK for: eslint-plugin-jsx-a11y@6.10.2 want: ^9.2.2
1009 silly placeDep ROOT jsx-ast-utils@3.3.5 OK for: eslint-plugin-jsx-a11y@6.10.2 want: ^3.3.5
1010 silly placeDep ROOT language-tags@1.0.9 OK for: eslint-plugin-jsx-a11y@6.10.2 want: ^1.0.9
1011 silly fetch manifest language-subtag-registry@^0.3.20
1012 silly placeDep ROOT string.prototype.includes@2.0.1 OK for: eslint-plugin-jsx-a11y@6.10.2 want: ^2.0.1
1013 http fetch GET 200 https://registry.npmjs.org/language-subtag-registry 45ms (cache miss)
1014 timing idealTree:node_modules/eslint-plugin-jsx-a11y Completed in 49ms
1015 timing idealTree:node_modules/aria-query Completed in 0ms
1016 timing idealTree:node_modules/ast-types-flow Completed in 0ms
1017 timing idealTree:node_modules/axe-core Completed in 0ms
1018 timing idealTree:node_modules/axobject-query Completed in 0ms
1019 timing idealTree:node_modules/damerau-levenshtein Completed in 0ms
1020 timing idealTree:node_modules/emoji-regex Completed in 0ms
1021 silly placeDep ROOT array.prototype.findlast@1.2.5 OK for: eslint-plugin-react@7.37.5 want: ^1.2.5
1022 silly placeDep ROOT array.prototype.tosorted@1.1.4 OK for: eslint-plugin-react@7.37.5 want: ^1.1.4
1023 silly placeDep ROOT es-iterator-helpers@1.2.2 OK for: eslint-plugin-react@7.37.5 want: ^1.2.1
1024 silly fetch manifest iterator.prototype@^1.1.5
1025 silly placeDep ROOT estraverse@5.3.0 OK for: eslint-plugin-react@7.37.5 want: ^5.3.0
1026 silly placeDep ROOT object.entries@1.1.9 OK for: eslint-plugin-react@7.37.5 want: ^1.1.9
1027 silly placeDep ROOT prop-types@15.8.1 OK for: eslint-plugin-react@7.37.5 want: ^15.8.1
1028 silly fetch manifest loose-envify@^1.4.0
1029 silly fetch manifest object-assign@^4.1.1
1030 silly fetch manifest react-is@^16.13.1
1031 silly placeDep node_modules/eslint-plugin-react resolve@2.0.0-next.5 OK for: eslint-plugin-react@7.37.5 want: ^2.0.0-next.5
1032 silly placeDep ROOT string.prototype.matchall@4.0.12 OK for: eslint-plugin-react@7.37.5 want: ^4.0.12
1033 silly placeDep ROOT string.prototype.repeat@1.0.0 OK for: eslint-plugin-react@7.37.5 want: ^1.0.0
1034 http fetch GET 200 https://registry.npmjs.org/loose-envify 37ms (cache miss)
1035 http fetch GET 200 https://registry.npmjs.org/iterator.prototype 39ms (cache miss)
1036 http fetch GET 200 https://registry.npmjs.org/object-assign 45ms (cache miss)
1037 http fetch GET 200 https://registry.npmjs.org/react-is 487ms (cache miss)
1038 timing idealTree:node_modules/eslint-plugin-react Completed in 508ms
1039 timing idealTree:node_modules/array.prototype.findlast Completed in 0ms
1040 timing idealTree:node_modules/array.prototype.tosorted Completed in 0ms
1041 silly placeDep ROOT iterator.prototype@1.1.5 OK for: es-iterator-helpers@1.2.2 want: ^1.1.5
1042 timing idealTree:node_modules/es-iterator-helpers Completed in 1ms
1043 silly placeDep ROOT @babel/core@7.28.6 OK for: eslint-plugin-react-hooks@7.0.1 want: ^7.24.4
1044 silly fetch manifest @babel/code-frame@^7.28.6
1045 silly fetch manifest @babel/generator@^7.28.6
1046 silly fetch manifest @babel/helper-compilation-targets@^7.28.6
1047 silly fetch manifest @babel/helper-module-transforms@^7.28.6
1048 silly fetch manifest @babel/helpers@^7.28.6
1049 silly fetch manifest @babel/parser@^7.28.6
1050 silly fetch manifest @babel/template@^7.28.6
1051 silly fetch manifest @babel/traverse@^7.28.6
1052 silly fetch manifest @babel/types@^7.28.6
1053 silly fetch manifest convert-source-map@^2.0.0
1054 silly fetch manifest gensync@^1.0.0-beta.2
1055 silly fetch manifest json5@^2.2.3
1056 silly placeDep ROOT @babel/parser@7.28.6 OK for: eslint-plugin-react-hooks@7.0.1 want: ^7.24.4
1057 silly placeDep ROOT hermes-parser@0.25.1 OK for: eslint-plugin-react-hooks@7.0.1 want: ^0.25.1
1058 silly fetch manifest hermes-estree@0.25.1
1059 silly placeDep ROOT zod@4.3.5 OK for: eslint-plugin-react-hooks@7.0.1 want: ^3.25.0 || ^4.0.0
1060 silly placeDep ROOT zod-validation-error@4.0.2 OK for: eslint-plugin-react-hooks@7.0.1 want: ^3.5.0 || ^4.0.0
1061 http fetch GET 200 https://registry.npmjs.org/gensync 49ms (cache miss)
1062 http fetch GET 200 https://registry.npmjs.org/convert-source-map 51ms (cache miss)
1063 http fetch GET 200 https://registry.npmjs.org/@babel%2ftraverse 66ms (cache miss)
1064 http fetch GET 200 https://registry.npmjs.org/hermes-estree 65ms (cache miss)
1065 http fetch GET 200 https://registry.npmjs.org/@babel%2ftemplate 73ms (cache miss)
1066 http fetch GET 200 https://registry.npmjs.org/@babel%2fcode-frame 79ms (cache miss)
1067 http fetch GET 200 https://registry.npmjs.org/@babel%2fhelper-compilation-targets 85ms (cache miss)
1068 http fetch GET 200 https://registry.npmjs.org/@babel%2fgenerator 88ms (cache miss)
1069 http fetch GET 200 https://registry.npmjs.org/@babel%2fhelper-module-transforms 99ms (cache miss)
1070 http fetch GET 200 https://registry.npmjs.org/@babel%2fhelpers 101ms (cache miss)
1071 http fetch GET 200 https://registry.npmjs.org/@babel%2ftypes 105ms (cache miss)
1072 timing idealTree:node_modules/eslint-plugin-react-hooks Completed in 109ms
1073 silly fetch manifest @babel/core@^7.0.0
1074 silly placeDep ROOT @babel/code-frame@7.28.6 OK for: @babel/core@7.28.6 want: ^7.28.6
1075 silly fetch manifest @babel/helper-validator-identifier@^7.28.5
1076 silly fetch manifest js-tokens@^4.0.0
1077 silly placeDep ROOT @babel/generator@7.28.6 OK for: @babel/core@7.28.6 want: ^7.28.6
1078 silly fetch manifest jsesc@^3.0.2
1079 silly placeDep ROOT @babel/helper-compilation-targets@7.28.6 OK for: @babel/core@7.28.6 want: ^7.28.6
1080 silly fetch manifest @babel/compat-data@^7.28.6
1081 silly fetch manifest @babel/helper-validator-option@^7.27.1
1082 silly fetch manifest browserslist@^4.24.0
1083 silly fetch manifest lru-cache@^5.1.1
1084 silly placeDep ROOT @babel/helper-module-transforms@7.28.6 OK for: @babel/core@7.28.6 want: ^7.28.6
1085 silly fetch manifest @babel/helper-module-imports@^7.28.6
1086 silly placeDep ROOT @babel/helpers@7.28.6 OK for: @babel/core@7.28.6 want: ^7.28.6
1087 silly placeDep ROOT @babel/template@7.28.6 OK for: @babel/core@7.28.6 want: ^7.28.6
1088 silly placeDep ROOT @babel/traverse@7.28.6 OK for: @babel/core@7.28.6 want: ^7.28.6
1089 silly fetch manifest @babel/helper-globals@^7.28.0
1090 silly placeDep ROOT @babel/types@7.28.6 OK for: @babel/core@7.28.6 want: ^7.28.6
1091 silly fetch manifest @babel/helper-string-parser@^7.27.1
1092 silly placeDep ROOT convert-source-map@2.0.0 OK for: @babel/core@7.28.6 want: ^2.0.0
1093 silly placeDep ROOT gensync@1.0.0-beta.2 OK for: @babel/core@7.28.6 want: ^1.0.0-beta.2
1094 silly placeDep ROOT json5@2.2.3 OK for: @babel/core@7.28.6 want: ^2.2.3
1095 http fetch GET 200 https://registry.npmjs.org/js-tokens 38ms (cache miss)
1096 http fetch GET 200 https://registry.npmjs.org/jsesc 45ms (cache miss)
1097 http fetch GET 200 https://registry.npmjs.org/@babel%2fhelper-globals 48ms (cache miss)
1098 http fetch GET 200 https://registry.npmjs.org/@babel%2fhelper-string-parser 53ms (cache miss)
1099 http fetch GET 200 https://registry.npmjs.org/@babel%2fhelper-validator-identifier 61ms (cache miss)
1100 http fetch GET 200 https://registry.npmjs.org/@babel%2fhelper-validator-option 67ms (cache miss)
1101 http fetch GET 200 https://registry.npmjs.org/lru-cache 68ms (cache miss)
1102 http fetch GET 200 https://registry.npmjs.org/@babel%2fcompat-data 70ms (cache miss)
1103 http fetch GET 200 https://registry.npmjs.org/@babel%2fhelper-module-imports 71ms (cache miss)
1104 http fetch GET 200 https://registry.npmjs.org/browserslist 72ms (cache miss)
1105 timing idealTree:node_modules/@babel/core Completed in 77ms
1106 silly placeDep ROOT @babel/helper-validator-identifier@7.28.5 OK for: @babel/code-frame@7.28.6 want: ^7.28.5
1107 silly placeDep ROOT js-tokens@4.0.0 OK for: @babel/code-frame@7.28.6 want: ^4.0.0
1108 silly placeDep ROOT picocolors@1.1.1 OK for: @babel/code-frame@7.28.6 want: ^1.1.1
1109 timing idealTree:node_modules/@babel/code-frame Completed in 1ms
1110 silly placeDep ROOT jsesc@3.1.0 OK for: @babel/generator@7.28.6 want: ^3.0.2
1111 timing idealTree:node_modules/@babel/generator Completed in 0ms
1112 silly placeDep ROOT @babel/compat-data@7.28.6 OK for: @babel/helper-compilation-targets@7.28.6 want: ^7.28.6
1113 silly placeDep ROOT @babel/helper-validator-option@7.27.1 OK for: @babel/helper-compilation-targets@7.28.6 want: ^7.27.1
1114 silly placeDep ROOT browserslist@4.28.1 OK for: @babel/helper-compilation-targets@7.28.6 want: ^4.24.0
1115 silly fetch manifest baseline-browser-mapping@^2.9.0
1116 silly fetch manifest caniuse-lite@^1.0.30001759
1117 silly fetch manifest electron-to-chromium@^1.5.263
1118 silly fetch manifest node-releases@^2.0.27
1119 silly fetch manifest update-browserslist-db@^1.2.0
1120 silly placeDep ROOT lru-cache@5.1.1 OK for: @babel/helper-compilation-targets@7.28.6 want: ^5.1.1
1121 silly fetch manifest yallist@^3.0.2
1122 http fetch GET 200 https://registry.npmjs.org/yallist 34ms (cache miss)
1123 http fetch GET 200 https://registry.npmjs.org/update-browserslist-db 46ms (cache miss)
1124 http fetch GET 200 https://registry.npmjs.org/node-releases 77ms (cache miss)
1125 http fetch GET 200 https://registry.npmjs.org/electron-to-chromium 323ms (cache miss)
1126 timing idealTree:node_modules/@babel/helper-compilation-targets Completed in 330ms
1127 timing idealTree:node_modules/@babel/compat-data Completed in 0ms
1128 silly placeDep ROOT @babel/helper-module-imports@7.28.6 OK for: @babel/helper-module-transforms@7.28.6 want: ^7.28.6
1129 timing idealTree:node_modules/@babel/helper-module-transforms Completed in 1ms
1130 timing idealTree:node_modules/@babel/helper-module-imports Completed in 0ms
1131 timing idealTree:node_modules/@babel/helper-validator-identifier Completed in 0ms
1132 timing idealTree:node_modules/@babel/helper-validator-option Completed in 0ms
1133 timing idealTree:node_modules/@babel/helpers Completed in 0ms
1134 timing idealTree:node_modules/@babel/parser Completed in 0ms
1135 timing idealTree:node_modules/@babel/template Completed in 0ms
1136 silly placeDep ROOT @babel/helper-globals@7.28.0 OK for: @babel/traverse@7.28.6 want: ^7.28.0
1137 timing idealTree:node_modules/@babel/traverse Completed in 1ms
1138 timing idealTree:node_modules/@babel/helper-globals Completed in 0ms
1139 silly placeDep ROOT @babel/helper-string-parser@7.27.1 OK for: @babel/types@7.28.6 want: ^7.27.1
1140 timing idealTree:node_modules/@babel/types Completed in 0ms
1141 timing idealTree:node_modules/@babel/helper-string-parser Completed in 0ms
1142 silly fetch manifest browserslist@>= 4.21.0
1143 silly placeDep ROOT baseline-browser-mapping@2.9.15 OK for: browserslist@4.28.1 want: ^2.9.0
1144 silly placeDep ROOT caniuse-lite@1.0.30001765 OK for: browserslist@4.28.1 want: ^1.0.30001759
1145 silly placeDep ROOT electron-to-chromium@1.5.267 OK for: browserslist@4.28.1 want: ^1.5.263
1146 silly placeDep ROOT node-releases@2.0.27 OK for: browserslist@4.28.1 want: ^2.0.27
1147 silly placeDep ROOT update-browserslist-db@1.2.3 OK for: browserslist@4.28.1 want: ^1.2.0
1148 silly fetch manifest escalade@^3.2.0
1149 http fetch GET 200 https://registry.npmjs.org/escalade 36ms (cache miss)
1150 timing idealTree:node_modules/browserslist Completed in 40ms
1151 timing idealTree:node_modules/baseline-browser-mapping Completed in 0ms
1152 timing idealTree:node_modules/caniuse-lite Completed in 0ms
1153 timing idealTree:node_modules/convert-source-map Completed in 0ms
1154 timing idealTree:node_modules/electron-to-chromium Completed in 0ms
1155 silly placeDep ROOT esrecurse@4.3.0 OK for: eslint-scope@8.4.0 want: ^4.3.0
1156 timing idealTree:node_modules/eslint-scope Completed in 1ms
1157 timing idealTree:node_modules/eslint-visitor-keys Completed in 0ms
1158 silly placeDep ROOT acorn@8.15.0 OK for: espree@10.4.0 want: ^8.15.0
1159 silly placeDep ROOT acorn-jsx@5.3.2 OK for: espree@10.4.0 want: ^5.3.2
1160 timing idealTree:node_modules/espree Completed in 1ms
1161 timing idealTree:node_modules/acorn Completed in 0ms
1162 timing idealTree:node_modules/acorn-jsx Completed in 0ms
1163 timing idealTree:node_modules/esquery Completed in 0ms
1164 timing idealTree:node_modules/esrecurse Completed in 0ms
1165 timing idealTree:node_modules/estraverse Completed in 0ms
1166 timing idealTree:node_modules/esutils Completed in 0ms
1167 timing idealTree:node_modules/fast-deep-equal Completed in 0ms
1168 silly placeDep ROOT @nodelib/fs.stat@2.0.5 OK for: fast-glob@3.3.1 want: ^2.0.2
1169 silly placeDep ROOT @nodelib/fs.walk@1.2.8 OK for: fast-glob@3.3.1 want: ^1.2.3
1170 silly fetch manifest fastq@^1.6.0
1171 silly fetch manifest @nodelib/fs.scandir@2.1.5
1172 silly placeDep node_modules/fast-glob glob-parent@5.1.2 OK for: fast-glob@3.3.1 want: ^5.1.2
1173 silly placeDep ROOT merge2@1.4.1 OK for: fast-glob@3.3.1 want: ^1.3.0
1174 silly placeDep ROOT micromatch@4.0.8 OK for: fast-glob@3.3.1 want: ^4.0.4
1175 silly fetch manifest braces@^3.0.3
1176 silly fetch manifest picomatch@^2.3.1
1177 http fetch GET 200 https://registry.npmjs.org/braces 36ms (cache miss)
1178 http fetch GET 200 https://registry.npmjs.org/fastq 38ms (cache miss)
1179 http fetch GET 200 https://registry.npmjs.org/@nodelib%2ffs.scandir 53ms (cache miss)
1180 timing idealTree:node_modules/fast-glob Completed in 54ms
1181 timing idealTree:node_modules/@nodelib/fs.stat Completed in 0ms
1182 silly placeDep ROOT @nodelib/fs.scandir@2.1.5 OK for: @nodelib/fs.walk@1.2.8 want: 2.1.5
1183 silly fetch manifest run-parallel@^1.1.9
1184 silly placeDep ROOT fastq@1.20.1 OK for: @nodelib/fs.walk@1.2.8 want: ^1.6.0
1185 silly fetch manifest reusify@^1.0.4
1186 http fetch GET 200 https://registry.npmjs.org/run-parallel 37ms (cache miss)
1187 http fetch GET 200 https://registry.npmjs.org/reusify 77ms (cache miss)
1188 timing idealTree:node_modules/@nodelib/fs.walk Completed in 80ms
1189 silly placeDep ROOT run-parallel@1.2.0 OK for: @nodelib/fs.scandir@2.1.5 want: ^1.1.9
1190 silly fetch manifest queue-microtask@^1.2.2
1191 http fetch GET 200 https://registry.npmjs.org/queue-microtask 65ms (cache miss)
1192 timing idealTree:node_modules/@nodelib/fs.scandir Completed in 67ms
1193 timing idealTree:node_modules/fast-json-stable-stringify Completed in 0ms
1194 silly placeDep ROOT reusify@1.1.0 OK for: fastq@1.20.1 want: ^1.0.4
1195 timing idealTree:node_modules/fastq Completed in 0ms
1196 silly placeDep ROOT flat-cache@4.0.1 OK for: file-entry-cache@8.0.0 want: ^4.0.0
1197 silly fetch manifest keyv@^4.5.4
1198 silly fetch manifest flatted@^3.2.9
1199 http fetch GET 200 https://registry.npmjs.org/flatted 48ms (cache miss)
1200 http fetch GET 200 https://registry.npmjs.org/keyv 69ms (cache miss)
1201 timing idealTree:node_modules/file-entry-cache Completed in 73ms
1202 silly placeDep ROOT locate-path@6.0.0 OK for: find-up@5.0.0 want: ^6.0.0
1203 silly fetch manifest p-locate@^5.0.0
1204 silly placeDep ROOT path-exists@4.0.0 OK for: find-up@5.0.0 want: ^4.0.0
1205 http fetch GET 200 https://registry.npmjs.org/p-locate 38ms (cache miss)
1206 timing idealTree:node_modules/find-up Completed in 41ms
1207 silly placeDep ROOT flatted@3.3.3 OK for: flat-cache@4.0.1 want: ^3.2.9
1208 silly placeDep ROOT keyv@4.5.4 OK for: flat-cache@4.0.1 want: ^4.5.4
1209 silly fetch manifest json-buffer@3.0.1
1210 http fetch GET 200 https://registry.npmjs.org/json-buffer 49ms (cache miss)
1211 timing idealTree:node_modules/flat-cache Completed in 66ms
1212 timing idealTree:node_modules/flatted Completed in 0ms
1213 timing idealTree:node_modules/function-bind Completed in 0ms
1214 silly placeDep ROOT functions-have-names@1.2.3 OK for: function.prototype.name@1.1.8 want: ^1.2.3
1215 timing idealTree:node_modules/function.prototype.name Completed in 1ms
1216 timing idealTree:node_modules/functions-have-names Completed in 0ms
1217 timing idealTree:node_modules/gensync Completed in 0ms
1218 timing idealTree:node_modules/get-intrinsic Completed in 0ms
1219 silly placeDep ROOT dunder-proto@1.0.1 OK for: get-proto@1.0.1 want: ^1.0.1
1220 timing idealTree:node_modules/get-proto Completed in 5ms
1221 timing idealTree:node_modules/dunder-proto Completed in 0ms
1222 timing idealTree:node_modules/get-symbol-description Completed in 0ms
1223 silly placeDep ROOT resolve-pkg-maps@1.0.0 OK for: get-tsconfig@4.13.0 want: ^1.0.0
1224 timing idealTree:node_modules/get-tsconfig Completed in 3ms
1225 timing idealTree:node_modules/glob-parent Completed in 0ms
1226 timing idealTree:node_modules/globals Completed in 0ms
1227 timing idealTree:node_modules/globalthis Completed in 0ms
1228 timing idealTree:node_modules/gopd Completed in 0ms
1229 timing idealTree:node_modules/graceful-fs Completed in 0ms
1230 timing idealTree:node_modules/has-property-descriptors Completed in 0ms
1231 timing idealTree:node_modules/has-proto Completed in 0ms
1232 timing idealTree:node_modules/has-symbols Completed in 0ms
1233 timing idealTree:node_modules/has-tostringtag Completed in 0ms
1234 timing idealTree:node_modules/hasown Completed in 0ms
1235 silly placeDep ROOT hermes-estree@0.25.1 OK for: hermes-parser@0.25.1 want: 0.25.1
1236 timing idealTree:node_modules/hermes-parser Completed in 2ms
1237 timing idealTree:node_modules/hermes-estree Completed in 0ms
1238 timing idealTree:node_modules/ignore Completed in 0ms
1239 silly placeDep ROOT parent-module@1.0.1 OK for: import-fresh@3.3.1 want: ^1.0.0
1240 silly fetch manifest callsites@^3.0.0
1241 silly placeDep ROOT resolve-from@4.0.0 OK for: import-fresh@3.3.1 want: ^4.0.0
1242 http fetch GET 200 https://registry.npmjs.org/callsites 53ms (cache miss)
1243 timing idealTree:node_modules/import-fresh Completed in 56ms
1244 timing idealTree:node_modules/imurmurhash Completed in 0ms
1245 silly placeDep ROOT side-channel@1.1.0 OK for: internal-slot@1.1.0 want: ^1.1.0
1246 silly fetch manifest side-channel-list@^1.0.0
1247 silly fetch manifest side-channel-map@^1.0.1
1248 silly fetch manifest side-channel-weakmap@^1.0.2
1249 http fetch GET 200 https://registry.npmjs.org/side-channel-map 34ms (cache miss)
1250 http fetch GET 200 https://registry.npmjs.org/side-channel-weakmap 39ms (cache miss)
1251 http fetch GET 200 https://registry.npmjs.org/side-channel-list 50ms (cache miss)
1252 timing idealTree:node_modules/internal-slot Completed in 51ms
1253 timing idealTree:node_modules/is-array-buffer Completed in 0ms
1254 silly placeDep node_modules/is-bun-module semver@7.7.3 OK for: is-bun-module@2.0.0 want: ^7.7.1
1255 timing idealTree:node_modules/is-bun-module Completed in 1ms
1256 timing idealTree:node_modules/is-callable Completed in 0ms
1257 timing idealTree:node_modules/is-core-module Completed in 0ms
1258 timing idealTree:node_modules/is-data-view Completed in 0ms
1259 timing idealTree:node_modules/is-date-object Completed in 0ms
1260 silly placeDep ROOT is-extglob@2.1.1 OK for: is-glob@4.0.3 want: ^2.1.1
1261 timing idealTree:node_modules/is-glob Completed in 1ms
1262 timing idealTree:node_modules/is-extglob Completed in 0ms
1263 timing idealTree:node_modules/is-negative-zero Completed in 0ms
1264 timing idealTree:node_modules/is-regex Completed in 0ms
1265 timing idealTree:node_modules/is-set Completed in 0ms
1266 timing idealTree:node_modules/is-shared-array-buffer Completed in 0ms
1267 timing idealTree:node_modules/is-string Completed in 0ms
1268 timing idealTree:node_modules/is-symbol Completed in 0ms
1269 timing idealTree:node_modules/is-typed-array Completed in 0ms
1270 timing idealTree:node_modules/is-weakref Completed in 0ms
1271 silly placeDep ROOT set-function-name@2.0.2 OK for: iterator.prototype@1.1.5 want: ^2.0.2
1272 timing idealTree:node_modules/iterator.prototype Completed in 0ms
1273 timing idealTree:node_modules/jiti Completed in 0ms
1274 timing idealTree:node_modules/js-tokens Completed in 0ms
1275 silly placeDep ROOT argparse@2.0.1 OK for: js-yaml@4.1.1 want: ^2.0.1
1276 timing idealTree:node_modules/js-yaml Completed in 0ms
1277 timing idealTree:node_modules/argparse Completed in 0ms
1278 timing idealTree:node_modules/jsesc Completed in 0ms
1279 timing idealTree:node_modules/json-schema-traverse Completed in 0ms
1280 timing idealTree:node_modules/json-stable-stringify-without-jsonify Completed in 0ms
1281 timing idealTree:node_modules/json5 Completed in 0ms
1282 timing idealTree:node_modules/jsx-ast-utils Completed in 0ms
1283 silly placeDep ROOT json-buffer@3.0.1 OK for: keyv@4.5.4 want: 3.0.1
1284 timing idealTree:node_modules/keyv Completed in 0ms
1285 timing idealTree:node_modules/json-buffer Completed in 0ms
1286 silly placeDep ROOT language-subtag-registry@0.3.23 OK for: language-tags@1.0.9 want: ^0.3.20
1287 timing idealTree:node_modules/language-tags Completed in 0ms
1288 timing idealTree:node_modules/language-subtag-registry Completed in 0ms
1289 silly placeDep ROOT prelude-ls@1.2.1 OK for: levn@0.4.1 want: ^1.2.1
1290 silly placeDep ROOT type-check@0.4.0 OK for: levn@0.4.1 want: ~0.4.0
1291 timing idealTree:node_modules/levn Completed in 1ms
1292 silly placeDep ROOT detect-libc@2.1.2 OK for: lightningcss@1.30.2 want: ^2.0.3
1293 silly placeDep ROOT lightningcss-android-arm64@1.30.2 OK for: lightningcss@1.30.2 want: 1.30.2
1294 silly placeDep ROOT lightningcss-darwin-arm64@1.30.2 OK for: lightningcss@1.30.2 want: 1.30.2
1295 silly placeDep ROOT lightningcss-darwin-x64@1.30.2 OK for: lightningcss@1.30.2 want: 1.30.2
1296 silly placeDep ROOT lightningcss-freebsd-x64@1.30.2 OK for: lightningcss@1.30.2 want: 1.30.2
1297 silly placeDep ROOT lightningcss-linux-arm-gnueabihf@1.30.2 OK for: lightningcss@1.30.2 want: 1.30.2
1298 silly placeDep ROOT lightningcss-linux-arm64-gnu@1.30.2 OK for: lightningcss@1.30.2 want: 1.30.2
1299 silly placeDep ROOT lightningcss-linux-arm64-musl@1.30.2 OK for: lightningcss@1.30.2 want: 1.30.2
1300 silly placeDep ROOT lightningcss-linux-x64-gnu@1.30.2 OK for: lightningcss@1.30.2 want: 1.30.2
1301 silly placeDep ROOT lightningcss-linux-x64-musl@1.30.2 OK for: lightningcss@1.30.2 want: 1.30.2
1302 silly placeDep ROOT lightningcss-win32-arm64-msvc@1.30.2 OK for: lightningcss@1.30.2 want: 1.30.2
1303 silly placeDep ROOT lightningcss-win32-x64-msvc@1.30.2 OK for: lightningcss@1.30.2 want: 1.30.2
1304 timing idealTree:node_modules/lightningcss Completed in 3ms
1305 timing idealTree:node_modules/detect-libc Completed in 0ms
1306 timing idealTree:node_modules/lightningcss-android-arm64 Completed in 0ms
1307 timing idealTree:node_modules/lightningcss-darwin-arm64 Completed in 0ms
1308 timing idealTree:node_modules/lightningcss-darwin-x64 Completed in 0ms
1309 timing idealTree:node_modules/lightningcss-freebsd-x64 Completed in 0ms
1310 timing idealTree:node_modules/lightningcss-linux-arm-gnueabihf Completed in 0ms
1311 timing idealTree:node_modules/lightningcss-linux-arm64-gnu Completed in 0ms
1312 timing idealTree:node_modules/lightningcss-linux-arm64-musl Completed in 0ms
1313 timing idealTree:node_modules/lightningcss-linux-x64-gnu Completed in 0ms
1314 timing idealTree:node_modules/lightningcss-linux-x64-musl Completed in 0ms
1315 timing idealTree:node_modules/lightningcss-win32-arm64-msvc Completed in 0ms
1316 timing idealTree:node_modules/lightningcss-win32-x64-msvc Completed in 0ms
1317 silly placeDep ROOT p-locate@5.0.0 OK for: locate-path@6.0.0 want: ^5.0.0
1318 silly fetch manifest p-limit@^3.0.2
1319 http fetch GET 200 https://registry.npmjs.org/p-limit 34ms (cache miss)
1320 timing idealTree:node_modules/locate-path Completed in 35ms
1321 timing idealTree:node_modules/lodash.merge Completed in 0ms
1322 silly placeDep ROOT yallist@3.1.1 OK for: lru-cache@5.1.1 want: ^3.0.2
1323 timing idealTree:node_modules/lru-cache Completed in 1ms
1324 timing idealTree:node_modules/magic-string Completed in 0ms
1325 timing idealTree:node_modules/math-intrinsics Completed in 0ms
1326 timing idealTree:node_modules/merge2 Completed in 0ms
1327 silly placeDep ROOT braces@3.0.3 OK for: micromatch@4.0.8 want: ^3.0.3
1328 silly fetch manifest fill-range@^7.1.1
1329 silly placeDep ROOT picomatch@2.3.1 OK for: micromatch@4.0.8 want: ^2.3.1
1330 http fetch GET 200 https://registry.npmjs.org/fill-range 30ms (cache miss)
1331 timing idealTree:node_modules/micromatch Completed in 31ms
1332 silly placeDep ROOT fill-range@7.1.1 OK for: braces@3.0.3 want: ^7.1.1
1333 silly fetch manifest to-regex-range@^5.0.1
1334 http fetch GET 200 https://registry.npmjs.org/to-regex-range 39ms (cache miss)
1335 timing idealTree:node_modules/braces Completed in 41ms
1336 silly placeDep ROOT to-regex-range@5.0.1 OK for: fill-range@7.1.1 want: ^5.0.1
1337 silly fetch manifest is-number@^7.0.0
1338 http fetch GET 200 https://registry.npmjs.org/is-number 54ms (cache miss)
1339 timing idealTree:node_modules/fill-range Completed in 54ms
1340 silly placeDep ROOT brace-expansion@1.1.12 OK for: minimatch@3.1.2 want: ^1.1.7
1341 silly fetch manifest balanced-match@^1.0.0
1342 silly fetch manifest concat-map@0.0.1
1343 http fetch GET 200 https://registry.npmjs.org/concat-map 36ms (cache miss)
1344 http fetch GET 200 https://registry.npmjs.org/balanced-match 37ms (cache miss)
1345 timing idealTree:node_modules/minimatch Completed in 38ms
1346 silly placeDep ROOT balanced-match@1.0.2 OK for: brace-expansion@1.1.12 want: ^1.0.0
1347 silly placeDep ROOT concat-map@0.0.1 OK for: brace-expansion@1.1.12 want: 0.0.1
1348 timing idealTree:node_modules/brace-expansion Completed in 2ms
1349 timing idealTree:node_modules/balanced-match Completed in 0ms
1350 timing idealTree:node_modules/concat-map Completed in 0ms
1351 timing idealTree:node_modules/ms Completed in 0ms
1352 timing idealTree:node_modules/natural-compare Completed in 0ms
1353 silly fetch manifest react@^18.2.0 || 19.0.0-rc-de68d2f4-20241204 || ^19.0.0
1354 silly placeDep ROOT @next/env@16.1.3 OK for: next@16.1.3 want: 16.1.3
1355 silly placeDep ROOT @next/swc-darwin-arm64@16.1.3 OK for: next@16.1.3 want: 16.1.3
1356 silly placeDep ROOT @next/swc-darwin-x64@16.1.3 OK for: next@16.1.3 want: 16.1.3
1357 silly placeDep ROOT @next/swc-linux-arm64-gnu@16.1.3 OK for: next@16.1.3 want: 16.1.3
1358 silly placeDep ROOT @next/swc-linux-arm64-musl@16.1.3 OK for: next@16.1.3 want: 16.1.3
1359 silly placeDep ROOT @next/swc-linux-x64-gnu@16.1.3 OK for: next@16.1.3 want: 16.1.3
1360 silly placeDep ROOT @next/swc-linux-x64-musl@16.1.3 OK for: next@16.1.3 want: 16.1.3
1361 silly placeDep ROOT @next/swc-win32-arm64-msvc@16.1.3 OK for: next@16.1.3 want: 16.1.3
1362 silly placeDep ROOT @next/swc-win32-x64-msvc@16.1.3 OK for: next@16.1.3 want: 16.1.3
1363 silly placeDep ROOT @swc/helpers@0.5.15 OK for: next@16.1.3 want: 0.5.15
1364 silly fetch manifest tslib@^2.8.0
1365 silly placeDep node_modules/next postcss@8.4.31 OK for: next@16.1.3 want: 8.4.31
1366 silly fetch manifest nanoid@^3.3.6
1367 silly placeDep ROOT sharp@0.34.5 OK for: next@16.1.3 want: ^0.34.4
1368 silly fetch manifest semver@^7.7.3
1369 silly fetch manifest @img/colour@^1.0.0
1370 silly fetch manifest @img/sharp-wasm32@0.34.5
1371 silly fetch manifest @img/sharp-linux-arm@0.34.5
1372 silly fetch manifest @img/sharp-linux-x64@0.34.5
1373 silly fetch manifest @img/sharp-win32-x64@0.34.5
1374 silly fetch manifest @img/sharp-darwin-x64@0.34.5
1375 silly fetch manifest @img/sharp-win32-ia32@0.34.5
1376 silly fetch manifest @img/sharp-linux-arm64@0.34.5
1377 silly fetch manifest @img/sharp-linux-ppc64@0.34.5
1378 silly fetch manifest @img/sharp-linux-s390x@0.34.5
1379 silly fetch manifest @img/sharp-win32-arm64@0.34.5
1380 silly fetch manifest @img/sharp-darwin-arm64@0.34.5
1381 silly fetch manifest @img/sharp-linux-riscv64@0.34.5
1382 silly fetch manifest @img/sharp-linuxmusl-x64@0.34.5
1383 silly fetch manifest @img/sharp-linuxmusl-arm64@0.34.5
1384 silly fetch manifest @img/sharp-libvips-linux-arm@1.2.4
1385 silly fetch manifest @img/sharp-libvips-linux-x64@1.2.4
1386 silly fetch manifest @img/sharp-libvips-darwin-x64@1.2.4
1387 silly fetch manifest @img/sharp-libvips-linux-arm64@1.2.4
1388 silly fetch manifest @img/sharp-libvips-linux-ppc64@1.2.4
1389 silly fetch manifest @img/sharp-libvips-linux-s390x@1.2.4
1390 silly fetch manifest @img/sharp-libvips-darwin-arm64@1.2.4
1391 silly fetch manifest @img/sharp-libvips-linux-riscv64@1.2.4
1392 silly fetch manifest @img/sharp-libvips-linuxmusl-x64@1.2.4
1393 silly fetch manifest @img/sharp-libvips-linuxmusl-arm64@1.2.4
1394 silly placeDep ROOT styled-jsx@5.1.6 OK for: next@16.1.3 want: 5.1.6
1395 silly fetch manifest client-only@0.0.1
1396 http fetch GET 200 https://registry.npmjs.org/tslib 51ms (cache miss)
1397 http fetch GET 200 https://registry.npmjs.org/@img%2fsharp-linux-arm64 61ms (cache miss)
1398 http fetch GET 200 https://registry.npmjs.org/@img%2fsharp-linuxmusl-x64 64ms (cache miss)
1399 http fetch GET 200 https://registry.npmjs.org/@img%2fsharp-darwin-arm64 64ms (cache miss)
1400 http fetch GET 200 https://registry.npmjs.org/@img%2fsharp-win32-ia32 67ms (cache miss)
1401 http fetch GET 200 https://registry.npmjs.org/@img%2fsharp-win32-x64 69ms (cache miss)
1402 http fetch GET 200 https://registry.npmjs.org/@img%2fsharp-linux-arm 73ms (cache miss)
1403 http fetch GET 200 https://registry.npmjs.org/@img%2fsharp-darwin-x64 81ms (cache miss)
1404 http fetch GET 200 https://registry.npmjs.org/@img%2fsharp-linux-x64 83ms (cache miss)
1405 http fetch GET 200 https://registry.npmjs.org/@img%2fsharp-win32-arm64 81ms (cache miss)
1406 http fetch GET 200 https://registry.npmjs.org/@img%2fsharp-linux-ppc64 82ms (cache miss)
1407 http fetch GET 200 https://registry.npmjs.org/@img%2fsharp-libvips-linux-x64 96ms (cache miss)
1408 http fetch GET 200 https://registry.npmjs.org/@img%2fsharp-libvips-linux-arm 98ms (cache miss)
1409 http fetch GET 200 https://registry.npmjs.org/@img%2fsharp-linuxmusl-arm64 100ms (cache miss)
1410 http fetch GET 200 https://registry.npmjs.org/@img%2fsharp-libvips-linux-arm64 99ms (cache miss)
1411 http fetch GET 200 https://registry.npmjs.org/@img%2fsharp-libvips-darwin-x64 104ms (cache miss)
1412 http fetch GET 200 https://registry.npmjs.org/@img%2fsharp-linux-riscv64 106ms (cache miss)
1413 http fetch GET 200 https://registry.npmjs.org/@img%2fcolour 116ms (cache miss)
1414 http fetch GET 200 https://registry.npmjs.org/@img%2fsharp-libvips-linuxmusl-arm64 121ms (cache miss)
1415 http fetch GET 200 https://registry.npmjs.org/client-only 118ms (cache miss)
1416 http fetch GET 200 https://registry.npmjs.org/@img%2fsharp-libvips-darwin-arm64 142ms (cache miss)
1417 http fetch GET 200 https://registry.npmjs.org/@img%2fsharp-libvips-linuxmusl-x64 146ms (cache miss)
1418 http fetch GET 200 https://registry.npmjs.org/@img%2fsharp-libvips-linux-ppc64 165ms (cache miss)
1419 http fetch GET 200 https://registry.npmjs.org/@img%2fsharp-wasm32 219ms (cache miss)
1420 http fetch GET 200 https://registry.npmjs.org/@img%2fsharp-linux-s390x 247ms (cache miss)
1421 http fetch GET 200 https://registry.npmjs.org/@img%2fsharp-libvips-linux-s390x 244ms (cache miss)
1422 http fetch GET 200 https://registry.npmjs.org/@img%2fsharp-libvips-linux-riscv64 282ms (cache miss)
1423 timing idealTree:node_modules/next Completed in 294ms
1424 timing idealTree:node_modules/@next/env Completed in 1ms
1425 timing idealTree:node_modules/@next/swc-darwin-arm64 Completed in 0ms
1426 timing idealTree:node_modules/@next/swc-darwin-x64 Completed in 0ms
1427 timing idealTree:node_modules/@next/swc-linux-arm64-gnu Completed in 0ms
1428 timing idealTree:node_modules/@next/swc-linux-arm64-musl Completed in 0ms
1429 timing idealTree:node_modules/@next/swc-linux-x64-gnu Completed in 0ms
1430 timing idealTree:node_modules/@next/swc-linux-x64-musl Completed in 0ms
1431 timing idealTree:node_modules/@next/swc-win32-arm64-msvc Completed in 0ms
1432 timing idealTree:node_modules/@next/swc-win32-x64-msvc Completed in 0ms
1433 silly placeDep ROOT tslib@2.8.1 OK for: @swc/helpers@0.5.15 want: ^2.8.0
1434 timing idealTree:node_modules/@swc/helpers Completed in 0ms
1435 timing idealTree:node_modules/node-releases Completed in 0ms
1436 timing idealTree:node_modules/object-inspect Completed in 0ms
1437 timing idealTree:node_modules/object-keys Completed in 0ms
1438 timing idealTree:node_modules/object.assign Completed in 0ms
1439 timing idealTree:node_modules/object.entries Completed in 0ms
1440 timing idealTree:node_modules/object.fromentries Completed in 0ms
1441 timing idealTree:node_modules/object.groupby Completed in 0ms
1442 timing idealTree:node_modules/object.values Completed in 0ms
1443 silly placeDep ROOT deep-is@0.1.4 OK for: optionator@0.9.4 want: ^0.1.3
1444 silly placeDep ROOT fast-levenshtein@2.0.6 OK for: optionator@0.9.4 want: ^2.0.6
1445 silly placeDep ROOT word-wrap@1.2.5 OK for: optionator@0.9.4 want: ^1.2.5
1446 timing idealTree:node_modules/optionator Completed in 1ms
1447 timing idealTree:node_modules/deep-is Completed in 0ms
1448 timing idealTree:node_modules/fast-levenshtein Completed in 0ms
1449 timing idealTree:node_modules/own-keys Completed in 0ms
1450 silly placeDep ROOT p-limit@3.1.0 OK for: p-locate@5.0.0 want: ^3.0.2
1451 silly fetch manifest yocto-queue@^0.1.0
1452 http fetch GET 200 https://registry.npmjs.org/yocto-queue 26ms (cache miss)
1453 timing idealTree:node_modules/p-locate Completed in 27ms
1454 silly placeDep ROOT yocto-queue@0.1.0 OK for: p-limit@3.1.0 want: ^0.1.0
1455 timing idealTree:node_modules/p-limit Completed in 1ms
1456 silly placeDep ROOT callsites@3.1.0 OK for: parent-module@1.0.1 want: ^3.0.0
1457 timing idealTree:node_modules/parent-module Completed in 0ms
1458 timing idealTree:node_modules/callsites Completed in 0ms
1459 timing idealTree:node_modules/path-exists Completed in 0ms
1460 timing idealTree:node_modules/path-key Completed in 0ms
1461 timing idealTree:node_modules/picocolors Completed in 0ms
1462 timing idealTree:node_modules/picomatch Completed in 0ms
1463 timing idealTree:node_modules/possible-typed-array-names Completed in 0ms
1464 silly placeDep ROOT nanoid@3.3.11 OK for: postcss@8.5.6 want: ^3.3.11
1465 timing idealTree:node_modules/postcss Completed in 1ms
1466 timing idealTree:node_modules/nanoid Completed in 0ms
1467 timing idealTree:node_modules/prelude-ls Completed in 0ms
1468 silly placeDep ROOT loose-envify@1.4.0 OK for: prop-types@15.8.1 want: ^1.4.0
1469 silly placeDep ROOT object-assign@4.1.1 OK for: prop-types@15.8.1 want: ^4.1.1
1470 silly placeDep ROOT react-is@16.13.1 OK for: prop-types@15.8.1 want: ^16.13.1
1471 timing idealTree:node_modules/prop-types Completed in 1ms
1472 timing idealTree:node_modules/loose-envify Completed in 0ms
1473 timing idealTree:node_modules/object-assign Completed in 0ms
1474 timing idealTree:node_modules/react Completed in 0ms
1475 silly placeDep ROOT scheduler@0.27.0 OK for: react-dom@19.2.3 want: ^0.27.0
1476 timing idealTree:node_modules/react-dom Completed in 0ms
1477 timing idealTree:node_modules/react-is Completed in 0ms
1478 timing idealTree:node_modules/regexp.prototype.flags Completed in 0ms
1479 silly placeDep ROOT path-parse@1.0.7 OK for: resolve@1.22.11 want: ^1.0.7
1480 silly placeDep ROOT supports-preserve-symlinks-flag@1.0.0 OK for: resolve@1.22.11 want: ^1.0.0
1481 timing idealTree:node_modules/resolve Completed in 1ms
1482 timing idealTree:node_modules/path-parse Completed in 0ms
1483 timing idealTree:node_modules/resolve-from Completed in 0ms
1484 timing idealTree:node_modules/resolve-pkg-maps Completed in 0ms
1485 timing idealTree:node_modules/reusify Completed in 0ms
1486 silly placeDep ROOT queue-microtask@1.2.3 OK for: run-parallel@1.2.0 want: ^1.2.2
1487 timing idealTree:node_modules/run-parallel Completed in 0ms
1488 timing idealTree:node_modules/queue-microtask Completed in 0ms
1489 silly placeDep ROOT isarray@2.0.5 OK for: safe-array-concat@1.1.3 want: ^2.0.5
1490 timing idealTree:node_modules/safe-array-concat Completed in 0ms
1491 timing idealTree:node_modules/isarray Completed in 0ms
1492 timing idealTree:node_modules/safe-push-apply Completed in 0ms
1493 timing idealTree:node_modules/safe-regex-test Completed in 0ms
1494 timing idealTree:node_modules/scheduler Completed in 0ms
1495 timing idealTree:node_modules/semver Completed in 0ms
1496 timing idealTree:node_modules/set-function-length Completed in 0ms
1497 timing idealTree:node_modules/set-function-name Completed in 0ms
1498 timing idealTree:node_modules/set-proto Completed in 1ms
1499 silly placeDep ROOT @img/colour@1.0.0 OK for: sharp@0.34.5 want: ^1.0.0
1500 silly placeDep ROOT @img/sharp-darwin-arm64@0.34.5 OK for: sharp@0.34.5 want: 0.34.5
1501 silly placeDep ROOT @img/sharp-darwin-x64@0.34.5 OK for: sharp@0.34.5 want: 0.34.5
1502 silly placeDep ROOT @img/sharp-libvips-darwin-arm64@1.2.4 OK for: sharp@0.34.5 want: 1.2.4
1503 silly placeDep ROOT @img/sharp-libvips-darwin-x64@1.2.4 OK for: sharp@0.34.5 want: 1.2.4
1504 silly placeDep ROOT @img/sharp-libvips-linux-arm@1.2.4 OK for: sharp@0.34.5 want: 1.2.4
1505 silly placeDep ROOT @img/sharp-libvips-linux-arm64@1.2.4 OK for: sharp@0.34.5 want: 1.2.4
1506 silly placeDep ROOT @img/sharp-libvips-linux-ppc64@1.2.4 OK for: sharp@0.34.5 want: 1.2.4
1507 silly placeDep ROOT @img/sharp-libvips-linux-riscv64@1.2.4 OK for: sharp@0.34.5 want: 1.2.4
1508 silly placeDep ROOT @img/sharp-libvips-linux-s390x@1.2.4 OK for: sharp@0.34.5 want: 1.2.4
1509 silly placeDep ROOT @img/sharp-libvips-linux-x64@1.2.4 OK for: sharp@0.34.5 want: 1.2.4
1510 silly placeDep ROOT @img/sharp-libvips-linuxmusl-arm64@1.2.4 OK for: sharp@0.34.5 want: 1.2.4
1511 silly placeDep ROOT @img/sharp-libvips-linuxmusl-x64@1.2.4 OK for: sharp@0.34.5 want: 1.2.4
1512 silly placeDep ROOT @img/sharp-linux-arm@0.34.5 OK for: sharp@0.34.5 want: 0.34.5
1513 silly placeDep ROOT @img/sharp-linux-arm64@0.34.5 OK for: sharp@0.34.5 want: 0.34.5
1514 silly placeDep ROOT @img/sharp-linux-ppc64@0.34.5 OK for: sharp@0.34.5 want: 0.34.5
1515 silly placeDep ROOT @img/sharp-linux-riscv64@0.34.5 OK for: sharp@0.34.5 want: 0.34.5
1516 silly placeDep ROOT @img/sharp-linux-s390x@0.34.5 OK for: sharp@0.34.5 want: 0.34.5
1517 silly placeDep ROOT @img/sharp-linux-x64@0.34.5 OK for: sharp@0.34.5 want: 0.34.5
1518 silly placeDep ROOT @img/sharp-linuxmusl-arm64@0.34.5 OK for: sharp@0.34.5 want: 0.34.5
1519 silly placeDep ROOT @img/sharp-linuxmusl-x64@0.34.5 OK for: sharp@0.34.5 want: 0.34.5
1520 silly placeDep ROOT @img/sharp-wasm32@0.34.5 OK for: sharp@0.34.5 want: 0.34.5
1521 silly fetch manifest @emnapi/runtime@^1.7.0
1522 silly placeDep ROOT @img/sharp-win32-arm64@0.34.5 OK for: sharp@0.34.5 want: 0.34.5
1523 silly placeDep ROOT @img/sharp-win32-ia32@0.34.5 OK for: sharp@0.34.5 want: 0.34.5
1524 silly placeDep ROOT @img/sharp-win32-x64@0.34.5 OK for: sharp@0.34.5 want: 0.34.5
1525 silly placeDep node_modules/sharp semver@7.7.3 OK for: sharp@0.34.5 want: ^7.7.3
1526 http fetch GET 200 https://registry.npmjs.org/@emnapi%2fruntime 53ms (cache miss)
1527 timing idealTree:node_modules/sharp Completed in 61ms
1528 timing idealTree:node_modules/@img/colour Completed in 0ms
1529 timing idealTree:node_modules/@img/sharp-darwin-arm64 Completed in 0ms
1530 timing idealTree:node_modules/@img/sharp-darwin-x64 Completed in 0ms
1531 timing idealTree:node_modules/@img/sharp-libvips-darwin-arm64 Completed in 0ms
1532 timing idealTree:node_modules/@img/sharp-libvips-darwin-x64 Completed in 0ms
1533 timing idealTree:node_modules/@img/sharp-libvips-linux-arm Completed in 0ms
1534 timing idealTree:node_modules/@img/sharp-libvips-linux-arm64 Completed in 0ms
1535 timing idealTree:node_modules/@img/sharp-libvips-linux-ppc64 Completed in 0ms
1536 timing idealTree:node_modules/@img/sharp-libvips-linux-riscv64 Completed in 0ms
1537 timing idealTree:node_modules/@img/sharp-libvips-linux-s390x Completed in 0ms
1538 timing idealTree:node_modules/@img/sharp-libvips-linux-x64 Completed in 0ms
1539 timing idealTree:node_modules/@img/sharp-libvips-linuxmusl-arm64 Completed in 0ms
1540 timing idealTree:node_modules/@img/sharp-libvips-linuxmusl-x64 Completed in 0ms
1541 timing idealTree:node_modules/@img/sharp-linux-arm Completed in 0ms
1542 timing idealTree:node_modules/@img/sharp-linux-arm64 Completed in 0ms
1543 timing idealTree:node_modules/@img/sharp-linux-ppc64 Completed in 0ms
1544 timing idealTree:node_modules/@img/sharp-linux-riscv64 Completed in 0ms
1545 timing idealTree:node_modules/@img/sharp-linux-s390x Completed in 0ms
1546 timing idealTree:node_modules/@img/sharp-linux-x64 Completed in 0ms
1547 timing idealTree:node_modules/@img/sharp-linuxmusl-arm64 Completed in 0ms
1548 timing idealTree:node_modules/@img/sharp-linuxmusl-x64 Completed in 0ms
1549 silly placeDep ROOT @emnapi/runtime@1.8.1 OK for: @img/sharp-wasm32@0.34.5 want: ^1.7.0
1550 timing idealTree:node_modules/@img/sharp-wasm32 Completed in 1ms
1551 timing idealTree:node_modules/@emnapi/runtime Completed in 0ms
1552 timing idealTree:node_modules/@img/sharp-win32-arm64 Completed in 0ms
1553 timing idealTree:node_modules/@img/sharp-win32-ia32 Completed in 0ms
1554 timing idealTree:node_modules/@img/sharp-win32-x64 Completed in 0ms
1555 silly placeDep ROOT shebang-regex@3.0.0 OK for: shebang-command@2.0.0 want: ^3.0.0
1556 timing idealTree:node_modules/shebang-command Completed in 0ms
1557 timing idealTree:node_modules/shebang-regex Completed in 0ms
1558 silly placeDep ROOT side-channel-list@1.0.0 OK for: side-channel@1.1.0 want: ^1.0.0
1559 silly placeDep ROOT side-channel-map@1.0.1 OK for: side-channel@1.1.0 want: ^1.0.1
1560 silly placeDep ROOT side-channel-weakmap@1.0.2 OK for: side-channel@1.1.0 want: ^1.0.2
1561 timing idealTree:node_modules/side-channel Completed in 1ms
1562 timing idealTree:node_modules/side-channel-list Completed in 0ms
1563 timing idealTree:node_modules/side-channel-map Completed in 0ms
1564 timing idealTree:node_modules/side-channel-weakmap Completed in 0ms
1565 timing idealTree:node_modules/source-map-js Completed in 0ms
1566 timing idealTree:node_modules/stable-hash Completed in 0ms
1567 timing idealTree:node_modules/stop-iteration-iterator Completed in 0ms
1568 timing idealTree:node_modules/string.prototype.includes Completed in 0ms
1569 timing idealTree:node_modules/string.prototype.matchall Completed in 0ms
1570 timing idealTree:node_modules/string.prototype.repeat Completed in 0ms
1571 timing idealTree:node_modules/string.prototype.trim Completed in 0ms
1572 timing idealTree:node_modules/string.prototype.trimend Completed in 0ms
1573 timing idealTree:node_modules/string.prototype.trimstart Completed in 0ms
1574 timing idealTree:node_modules/strip-json-comments Completed in 0ms
1575 silly placeDep ROOT client-only@0.0.1 OK for: styled-jsx@5.1.6 want: 0.0.1
1576 timing idealTree:node_modules/styled-jsx Completed in 1ms
1577 timing idealTree:node_modules/client-only Completed in 0ms
1578 silly placeDep ROOT has-flag@4.0.0 OK for: supports-color@7.2.0 want: ^4.0.0
1579 timing idealTree:node_modules/supports-color Completed in 0ms
1580 timing idealTree:node_modules/has-flag Completed in 0ms
1581 timing idealTree:node_modules/supports-preserve-symlinks-flag Completed in 0ms
1582 timing idealTree:node_modules/tailwindcss Completed in 0ms
1583 timing idealTree:node_modules/tapable Completed in 0ms
1584 silly placeDep node_modules/tinyglobby fdir@6.5.0 OK for: tinyglobby@0.2.15 want: ^6.5.0
1585 silly placeDep node_modules/tinyglobby picomatch@4.0.3 OK for: fdir@6.5.0 want: ^3 || ^4
1586 timing idealTree:node_modules/tinyglobby Completed in 1ms
1587 silly placeDep ROOT is-number@7.0.0 OK for: to-regex-range@5.0.1 want: ^7.0.0
1588 timing idealTree:node_modules/to-regex-range Completed in 1ms
1589 timing idealTree:node_modules/is-number Completed in 0ms
1590 silly placeDep ROOT @types/json5@0.0.29 OK for: tsconfig-paths@3.15.0 want: ^0.0.29
1591 silly placeDep node_modules/tsconfig-paths json5@1.0.2 OK for: tsconfig-paths@3.15.0 want: ^1.0.2
1592 silly fetch manifest minimist@^1.2.0
1593 silly placeDep ROOT minimist@1.2.8 OK for: tsconfig-paths@3.15.0 want: ^1.2.6
1594 silly placeDep ROOT strip-bom@3.0.0 OK for: tsconfig-paths@3.15.0 want: ^3.0.0
1595 timing idealTree:node_modules/tsconfig-paths Completed in 1ms
1596 timing idealTree:node_modules/@types/json5 Completed in 0ms
1597 timing idealTree:node_modules/minimist Completed in 0ms
1598 timing idealTree:node_modules/strip-bom Completed in 0ms
1599 timing idealTree:node_modules/tslib Completed in 0ms
1600 timing idealTree:node_modules/type-check Completed in 0ms
1601 timing idealTree:node_modules/typed-array-buffer Completed in 0ms
1602 silly placeDep ROOT for-each@0.3.5 OK for: typed-array-byte-length@1.0.3 want: ^0.3.3
1603 timing idealTree:node_modules/typed-array-byte-length Completed in 0ms
1604 timing idealTree:node_modules/for-each Completed in 0ms
1605 silly placeDep ROOT reflect.getprototypeof@1.0.10 OK for: typed-array-byte-offset@1.0.4 want: ^1.0.9
1606 silly fetch manifest which-builtin-type@^1.2.1
1607 http fetch GET 200 https://registry.npmjs.org/which-builtin-type 29ms (cache miss)
1608 timing idealTree:node_modules/typed-array-byte-offset Completed in 31ms
1609 silly placeDep ROOT which-builtin-type@1.2.1 OK for: reflect.getprototypeof@1.0.10 want: ^1.2.1
1610 silly fetch manifest is-async-function@^2.0.0
1611 silly fetch manifest is-finalizationregistry@^1.1.0
1612 silly fetch manifest is-generator-function@^1.0.10
1613 silly fetch manifest which-boxed-primitive@^1.1.0
1614 silly fetch manifest which-collection@^1.0.2
1615 http fetch GET 200 https://registry.npmjs.org/is-async-function 31ms (cache miss)
1616 http fetch GET 200 https://registry.npmjs.org/which-collection 37ms (cache miss)
1617 http fetch GET 200 https://registry.npmjs.org/is-generator-function 42ms (cache miss)
1618 http fetch GET 200 https://registry.npmjs.org/is-finalizationregistry 59ms (cache miss)
1619 timing idealTree:node_modules/reflect.getprototypeof Completed in 61ms
1620 timing idealTree:node_modules/typed-array-length Completed in 0ms
1621 timing idealTree:node_modules/typescript Completed in 0ms
1622 silly fetch manifest eslint@^8.57.0 || ^9.0.0
1623 silly fetch manifest typescript@>=4.8.4 <6.0.0
1624 silly placeDep ROOT @typescript-eslint/eslint-plugin@8.53.1 OK for: typescript-eslint@8.53.1 want: 8.53.1
1625 silly placeDep ROOT @typescript-eslint/parser@8.53.1 OK for: @typescript-eslint/eslint-plugin@8.53.1 want: ^8.53.1
1626 silly fetch manifest ignore@^7.0.5
1627 silly fetch manifest ts-api-utils@^2.4.0
1628 silly fetch manifest @typescript-eslint/type-utils@8.53.1
1629 silly fetch manifest @typescript-eslint/visitor-keys@8.53.1
1630 silly fetch manifest @typescript-eslint/scope-manager@8.53.1
1631 silly fetch manifest @typescript-eslint/types@8.53.1
1632 silly placeDep ROOT @typescript-eslint/typescript-estree@8.53.1 OK for: typescript-eslint@8.53.1 want: 8.53.1
1633 silly fetch manifest minimatch@^9.0.5
1634 silly fetch manifest @typescript-eslint/tsconfig-utils@8.53.1
1635 silly fetch manifest @typescript-eslint/project-service@8.53.1
1636 silly placeDep ROOT @typescript-eslint/utils@8.53.1 OK for: typescript-eslint@8.53.1 want: 8.53.1
1637 http fetch GET 200 https://registry.npmjs.org/ts-api-utils 62ms (cache miss)
1638 http fetch GET 200 https://registry.npmjs.org/@typescript-eslint%2fproject-service 79ms (cache miss)
1639 http fetch GET 200 https://registry.npmjs.org/@typescript-eslint%2ftsconfig-utils 206ms (cache miss)
1640 http fetch GET 200 https://registry.npmjs.org/@typescript-eslint%2ftypes 540ms (cache miss)
1641 http fetch GET 200 https://registry.npmjs.org/@typescript-eslint%2ftype-utils 692ms (cache miss)
1642 http fetch GET 200 https://registry.npmjs.org/@typescript-eslint%2fscope-manager 1129ms (cache miss)
1643 http fetch GET 200 https://registry.npmjs.org/@typescript-eslint%2fvisitor-keys 1158ms (cache miss)
1644 timing idealTree:node_modules/typescript-eslint Completed in 1188ms
1645 silly placeDep ROOT @typescript-eslint/scope-manager@8.53.1 OK for: @typescript-eslint/eslint-plugin@8.53.1 want: 8.53.1
1646 silly placeDep ROOT @typescript-eslint/type-utils@8.53.1 OK for: @typescript-eslint/eslint-plugin@8.53.1 want: 8.53.1
1647 silly placeDep ROOT @typescript-eslint/visitor-keys@8.53.1 OK for: @typescript-eslint/eslint-plugin@8.53.1 want: 8.53.1
1648 silly placeDep node_modules/@typescript-eslint/eslint-plugin ignore@7.0.5 OK for: @typescript-eslint/eslint-plugin@8.53.1 want: ^7.0.5
1649 silly placeDep ROOT ts-api-utils@2.4.0 OK for: @typescript-eslint/eslint-plugin@8.53.1 want: ^2.4.0
1650 timing idealTree:node_modules/@typescript-eslint/eslint-plugin Completed in 11ms
1651 silly placeDep ROOT @typescript-eslint/types@8.53.1 OK for: @typescript-eslint/parser@8.53.1 want: 8.53.1
1652 timing idealTree:node_modules/@typescript-eslint/parser Completed in 0ms
1653 timing idealTree:node_modules/@typescript-eslint/scope-manager Completed in 0ms
1654 timing idealTree:node_modules/@typescript-eslint/type-utils Completed in 0ms
1655 timing idealTree:node_modules/@typescript-eslint/types Completed in 0ms
1656 silly placeDep ROOT @typescript-eslint/project-service@8.53.1 OK for: @typescript-eslint/typescript-estree@8.53.1 want: 8.53.1
1657 silly fetch manifest @typescript-eslint/tsconfig-utils@^8.53.1
1658 silly placeDep ROOT @typescript-eslint/tsconfig-utils@8.53.1 OK for: @typescript-eslint/typescript-estree@8.53.1 want: 8.53.1
1659 silly placeDep node_modules/@typescript-eslint/typescript-estree minimatch@9.0.5 OK for: @typescript-eslint/typescript-estree@8.53.1 want: ^9.0.5
1660 silly fetch manifest brace-expansion@^2.0.1
1661 silly placeDep node_modules/@typescript-eslint/typescript-estree semver@7.7.3 OK for: @typescript-eslint/typescript-estree@8.53.1 want: ^7.7.3
1662 timing idealTree:node_modules/@typescript-eslint/typescript-estree Completed in 7ms
1663 timing idealTree:node_modules/@typescript-eslint/project-service Completed in 0ms
1664 timing idealTree:node_modules/@typescript-eslint/tsconfig-utils Completed in 0ms
1665 timing idealTree:node_modules/@typescript-eslint/utils Completed in 0ms
1666 timing idealTree:node_modules/@typescript-eslint/visitor-keys Completed in 0ms
1667 timing idealTree:node_modules/ts-api-utils Completed in 0ms
1668 silly placeDep ROOT has-bigints@1.1.0 OK for: unbox-primitive@1.1.0 want: ^1.0.2
1669 silly placeDep ROOT which-boxed-primitive@1.1.1 OK for: unbox-primitive@1.1.0 want: ^1.1.1
1670 silly fetch manifest is-bigint@^1.1.0
1671 silly fetch manifest is-boolean-object@^1.2.1
1672 silly fetch manifest is-number-object@^1.1.1
1673 http fetch GET 200 https://registry.npmjs.org/is-bigint 37ms (cache miss)
1674 http fetch GET 200 https://registry.npmjs.org/is-boolean-object 38ms (cache miss)
1675 http fetch GET 200 https://registry.npmjs.org/is-number-object 42ms (cache miss)
1676 timing idealTree:node_modules/unbox-primitive Completed in 43ms
1677 timing idealTree:node_modules/has-bigints Completed in 0ms
1678 timing idealTree:node_modules/undici-types Completed in 0ms
1679 silly placeDep ROOT @unrs/resolver-binding-android-arm-eabi@1.11.1 OK for: unrs-resolver@1.11.1 want: 1.11.1
1680 silly placeDep ROOT @unrs/resolver-binding-android-arm64@1.11.1 OK for: unrs-resolver@1.11.1 want: 1.11.1
1681 silly placeDep ROOT @unrs/resolver-binding-darwin-arm64@1.11.1 OK for: unrs-resolver@1.11.1 want: 1.11.1
1682 silly placeDep ROOT @unrs/resolver-binding-darwin-x64@1.11.1 OK for: unrs-resolver@1.11.1 want: 1.11.1
1683 silly placeDep ROOT @unrs/resolver-binding-freebsd-x64@1.11.1 OK for: unrs-resolver@1.11.1 want: 1.11.1
1684 silly placeDep ROOT @unrs/resolver-binding-linux-arm-gnueabihf@1.11.1 OK for: unrs-resolver@1.11.1 want: 1.11.1
1685 silly placeDep ROOT @unrs/resolver-binding-linux-arm-musleabihf@1.11.1 OK for: unrs-resolver@1.11.1 want: 1.11.1
1686 silly placeDep ROOT @unrs/resolver-binding-linux-arm64-gnu@1.11.1 OK for: unrs-resolver@1.11.1 want: 1.11.1
1687 silly placeDep ROOT @unrs/resolver-binding-linux-arm64-musl@1.11.1 OK for: unrs-resolver@1.11.1 want: 1.11.1
1688 silly placeDep ROOT @unrs/resolver-binding-linux-ppc64-gnu@1.11.1 OK for: unrs-resolver@1.11.1 want: 1.11.1
1689 silly placeDep ROOT @unrs/resolver-binding-linux-riscv64-gnu@1.11.1 OK for: unrs-resolver@1.11.1 want: 1.11.1
1690 silly placeDep ROOT @unrs/resolver-binding-linux-riscv64-musl@1.11.1 OK for: unrs-resolver@1.11.1 want: 1.11.1
1691 silly placeDep ROOT @unrs/resolver-binding-linux-s390x-gnu@1.11.1 OK for: unrs-resolver@1.11.1 want: 1.11.1
1692 silly placeDep ROOT @unrs/resolver-binding-linux-x64-gnu@1.11.1 OK for: unrs-resolver@1.11.1 want: 1.11.1
1693 silly placeDep ROOT @unrs/resolver-binding-linux-x64-musl@1.11.1 OK for: unrs-resolver@1.11.1 want: 1.11.1
1694 silly placeDep ROOT @unrs/resolver-binding-wasm32-wasi@1.11.1 OK for: unrs-resolver@1.11.1 want: 1.11.1
1695 silly fetch manifest @napi-rs/wasm-runtime@^0.2.11
1696 silly placeDep ROOT @unrs/resolver-binding-win32-arm64-msvc@1.11.1 OK for: unrs-resolver@1.11.1 want: 1.11.1
1697 silly placeDep ROOT @unrs/resolver-binding-win32-ia32-msvc@1.11.1 OK for: unrs-resolver@1.11.1 want: 1.11.1
1698 silly placeDep ROOT @unrs/resolver-binding-win32-x64-msvc@1.11.1 OK for: unrs-resolver@1.11.1 want: 1.11.1
1699 silly placeDep ROOT napi-postinstall@0.3.4 OK for: unrs-resolver@1.11.1 want: ^0.3.0
1700 http fetch GET 200 https://registry.npmjs.org/@napi-rs%2fwasm-runtime 54ms (cache miss)
1701 timing idealTree:node_modules/unrs-resolver Completed in 68ms
1702 timing idealTree:node_modules/@unrs/resolver-binding-android-arm-eabi Completed in 0ms
1703 timing idealTree:node_modules/@unrs/resolver-binding-android-arm64 Completed in 0ms
1704 timing idealTree:node_modules/@unrs/resolver-binding-darwin-arm64 Completed in 0ms
1705 timing idealTree:node_modules/@unrs/resolver-binding-darwin-x64 Completed in 0ms
1706 timing idealTree:node_modules/@unrs/resolver-binding-freebsd-x64 Completed in 0ms
1707 timing idealTree:node_modules/@unrs/resolver-binding-linux-arm-gnueabihf Completed in 0ms
1708 timing idealTree:node_modules/@unrs/resolver-binding-linux-arm-musleabihf Completed in 0ms
1709 timing idealTree:node_modules/@unrs/resolver-binding-linux-arm64-gnu Completed in 0ms
1710 timing idealTree:node_modules/@unrs/resolver-binding-linux-arm64-musl Completed in 0ms
1711 timing idealTree:node_modules/@unrs/resolver-binding-linux-ppc64-gnu Completed in 0ms
1712 timing idealTree:node_modules/@unrs/resolver-binding-linux-riscv64-gnu Completed in 0ms
1713 timing idealTree:node_modules/@unrs/resolver-binding-linux-riscv64-musl Completed in 0ms
1714 timing idealTree:node_modules/@unrs/resolver-binding-linux-s390x-gnu Completed in 0ms
1715 timing idealTree:node_modules/@unrs/resolver-binding-linux-x64-gnu Completed in 0ms
1716 timing idealTree:node_modules/@unrs/resolver-binding-linux-x64-musl Completed in 0ms
1717 silly placeDep ROOT @napi-rs/wasm-runtime@0.2.12 OK for: @unrs/resolver-binding-wasm32-wasi@1.11.1 want: ^0.2.11
1718 silly fetch manifest @emnapi/core@^1.4.3
1719 silly fetch manifest @tybys/wasm-util@^0.10.0
1720 http fetch GET 200 https://registry.npmjs.org/@tybys%2fwasm-util 48ms (cache miss)
1721 http fetch GET 200 https://registry.npmjs.org/@emnapi%2fcore 94ms (cache miss)
1722 timing idealTree:node_modules/@unrs/resolver-binding-wasm32-wasi Completed in 95ms
1723 silly placeDep ROOT @emnapi/core@1.8.1 OK for: @napi-rs/wasm-runtime@0.2.12 want: ^1.4.3
1724 silly fetch manifest @emnapi/wasi-threads@1.1.0
1725 silly placeDep ROOT @tybys/wasm-util@0.10.1 OK for: @napi-rs/wasm-runtime@0.2.12 want: ^0.10.0
1726 http fetch GET 200 https://registry.npmjs.org/@emnapi%2fwasi-threads 90ms (cache miss)
1727 timing idealTree:node_modules/@napi-rs/wasm-runtime Completed in 92ms
1728 silly placeDep ROOT @emnapi/wasi-threads@1.1.0 OK for: @emnapi/core@1.8.1 want: 1.1.0
1729 timing idealTree:node_modules/@emnapi/core Completed in 0ms
1730 timing idealTree:node_modules/@emnapi/wasi-threads Completed in 0ms
1731 timing idealTree:node_modules/@tybys/wasm-util Completed in 0ms
1732 timing idealTree:node_modules/@unrs/resolver-binding-win32-arm64-msvc Completed in 0ms
1733 timing idealTree:node_modules/@unrs/resolver-binding-win32-ia32-msvc Completed in 0ms
1734 timing idealTree:node_modules/@unrs/resolver-binding-win32-x64-msvc Completed in 0ms
1735 timing idealTree:node_modules/napi-postinstall Completed in 0ms
1736 silly placeDep ROOT escalade@3.2.0 OK for: update-browserslist-db@1.2.3 want: ^3.2.0
1737 timing idealTree:node_modules/update-browserslist-db Completed in 1ms
1738 timing idealTree:node_modules/escalade Completed in 0ms
1739 silly placeDep ROOT punycode@2.3.1 OK for: uri-js@4.4.1 want: ^2.1.0
1740 timing idealTree:node_modules/uri-js Completed in 0ms
1741 timing idealTree:node_modules/punycode Completed in 0ms
1742 silly placeDep ROOT isexe@2.0.0 OK for: which@2.0.2 want: ^2.0.0
1743 timing idealTree:node_modules/which Completed in 0ms
1744 timing idealTree:node_modules/isexe Completed in 0ms
1745 silly placeDep ROOT is-bigint@1.1.0 OK for: which-boxed-primitive@1.1.1 want: ^1.1.0
1746 silly placeDep ROOT is-boolean-object@1.2.2 OK for: which-boxed-primitive@1.1.1 want: ^1.2.1
1747 silly placeDep ROOT is-number-object@1.1.1 OK for: which-boxed-primitive@1.1.1 want: ^1.1.1
1748 timing idealTree:node_modules/which-boxed-primitive Completed in 1ms
1749 timing idealTree:node_modules/is-bigint Completed in 0ms
1750 timing idealTree:node_modules/is-boolean-object Completed in 0ms
1751 timing idealTree:node_modules/is-number-object Completed in 0ms
1752 silly placeDep ROOT is-async-function@2.1.1 OK for: which-builtin-type@1.2.1 want: ^2.0.0
1753 silly fetch manifest async-function@^1.0.0
1754 silly placeDep ROOT is-finalizationregistry@1.1.1 OK for: which-builtin-type@1.2.1 want: ^1.1.0
1755 silly placeDep ROOT is-generator-function@1.1.2 OK for: which-builtin-type@1.2.1 want: ^1.0.10
1756 silly fetch manifest generator-function@^2.0.0
1757 silly placeDep ROOT which-collection@1.0.2 OK for: which-builtin-type@1.2.1 want: ^1.0.2
1758 silly fetch manifest is-map@^2.0.3
1759 silly fetch manifest is-weakmap@^2.0.2
1760 silly fetch manifest is-weakset@^2.0.3
1761 http fetch GET 200 https://registry.npmjs.org/async-function 28ms (cache miss)
1762 http fetch GET 200 https://registry.npmjs.org/is-map 34ms (cache miss)
1763 http fetch GET 200 https://registry.npmjs.org/is-weakmap 35ms (cache miss)
1764 http fetch GET 200 https://registry.npmjs.org/is-weakset 39ms (cache miss)
1765 http fetch GET 200 https://registry.npmjs.org/generator-function 40ms (cache miss)
1766 timing idealTree:node_modules/which-builtin-type Completed in 42ms
1767 silly placeDep ROOT async-function@1.0.0 OK for: is-async-function@2.1.1 want: ^1.0.0
1768 timing idealTree:node_modules/is-async-function Completed in 1ms
1769 timing idealTree:node_modules/async-function Completed in 0ms
1770 timing idealTree:node_modules/is-finalizationregistry Completed in 0ms
1771 silly placeDep ROOT generator-function@2.0.1 OK for: is-generator-function@1.1.2 want: ^2.0.0
1772 timing idealTree:node_modules/is-generator-function Completed in 0ms
1773 timing idealTree:node_modules/generator-function Completed in 0ms
1774 silly placeDep ROOT is-map@2.0.3 OK for: which-collection@1.0.2 want: ^2.0.3
1775 silly placeDep ROOT is-weakmap@2.0.2 OK for: which-collection@1.0.2 want: ^2.0.2
1776 silly placeDep ROOT is-weakset@2.0.4 OK for: which-collection@1.0.2 want: ^2.0.3
1777 timing idealTree:node_modules/which-collection Completed in 1ms
1778 timing idealTree:node_modules/is-map Completed in 0ms
1779 timing idealTree:node_modules/is-weakmap Completed in 0ms
1780 timing idealTree:node_modules/is-weakset Completed in 0ms
1781 timing idealTree:node_modules/which-typed-array Completed in 0ms
1782 timing idealTree:node_modules/word-wrap Completed in 0ms
1783 timing idealTree:node_modules/yallist Completed in 0ms
1784 timing idealTree:node_modules/yocto-queue Completed in 0ms
1785 timing idealTree:node_modules/zod Completed in 0ms
1786 timing idealTree:node_modules/zod-validation-error Completed in 0ms
1787 timing idealTree:node_modules/@eslint-community/eslint-utils/node_modules/eslint-visitor-keys Completed in 0ms
1788 timing idealTree:node_modules/@typescript-eslint/eslint-plugin/node_modules/ignore Completed in 0ms
1789 silly placeDep node_modules/@typescript-eslint/typescript-estree brace-expansion@2.0.2 OK for: minimatch@9.0.5 want: ^2.0.1
1790 timing idealTree:node_modules/@typescript-eslint/typescript-estree/node_modules/minimatch Completed in 1ms
1791 timing idealTree:node_modules/@typescript-eslint/typescript-estree/node_modules/brace-expansion Completed in 0ms
1792 timing idealTree:node_modules/@typescript-eslint/typescript-estree/node_modules/semver Completed in 0ms
1793 timing idealTree:node_modules/eslint-config-next/node_modules/globals Completed in 0ms
1794 timing idealTree:node_modules/eslint-import-resolver-node/node_modules/debug Completed in 0ms
1795 timing idealTree:node_modules/eslint-module-utils/node_modules/debug Completed in 0ms
1796 timing idealTree:node_modules/eslint-plugin-import/node_modules/debug Completed in 0ms
1797 timing idealTree:node_modules/eslint-plugin-react/node_modules/resolve Completed in 0ms
1798 timing idealTree:node_modules/fast-glob/node_modules/glob-parent Completed in 0ms
1799 timing idealTree:node_modules/is-bun-module/node_modules/semver Completed in 0ms
1800 timing idealTree:node_modules/next/node_modules/postcss Completed in 0ms
1801 timing idealTree:node_modules/sharp/node_modules/semver Completed in 0ms
1802 timing idealTree:node_modules/tinyglobby/node_modules/fdir Completed in 0ms
1803 timing idealTree:node_modules/tinyglobby/node_modules/picomatch Completed in 0ms
1804 timing idealTree:node_modules/tsconfig-paths/node_modules/json5 Completed in 0ms
1805 timing idealTree:buildDeps Completed in 11452ms
1806 timing idealTree:fixDepFlags Completed in 2ms
1807 warn EBADENGINE Unsupported engine {
1807 warn EBADENGINE   package: 'next@16.1.3',
1807 warn EBADENGINE   required: { node: '>=20.9.0' },
1807 warn EBADENGINE   current: { node: 'v18.18.2', npm: '9.8.1' }
1807 warn EBADENGINE }
1808 timing idealTree Completed in 11477ms
1809 timing reify:loadTrees Completed in 11478ms
1810 timing reify:diffTrees Completed in 2ms
1811 silly reify moves {}
1812 timing reify:retireShallow Completed in 0ms
1813 timing reify:createSparse Completed in 18ms
1814 verbose reify failed optional dependency /Users/chengfang/Downloads/make money/shopping/node_modules/@tailwindcss/oxide-wasm32-wasi
1815 silly reify mark deleted [
1815 silly reify   '/Users/chengfang/Downloads/make money/shopping/node_modules/@tailwindcss/oxide-wasm32-wasi'
1815 silly reify ]
1816 timing reifyNode:node_modules/@tailwindcss/oxide-wasm32-wasi Completed in 1ms
1817 timing arborist:ctor Completed in 0ms
1818 timing reify:diffTrees Completed in 1ms
1819 timing reify:loadBundles Completed in 5ms
1820 silly audit bulk request {
1820 silly audit   '@tailwindcss/postcss': [ '4.1.18' ],
1820 silly audit   '@types/node': [ '20.19.30' ],
1820 silly audit   '@types/react': [ '19.2.8' ],
1820 silly audit   '@types/react-dom': [ '19.2.3' ],
1820 silly audit   eslint: [ '9.39.2' ],
1820 silly audit   'eslint-config-next': [ '16.1.3' ],
1820 silly audit   next: [ '16.1.3' ],
1820 silly audit   react: [ '19.2.3' ],
1820 silly audit   'react-dom': [ '19.2.3' ],
1820 silly audit   tailwindcss: [ '4.1.18' ],
1820 silly audit   typescript: [ '5.9.3' ],
1820 silly audit   '@alloc/quick-lru': [ '5.2.0' ],
1820 silly audit   '@tailwindcss/node': [ '4.1.18' ],
1820 silly audit   '@tailwindcss/oxide': [ '4.1.18' ],
1820 silly audit   postcss: [ '8.5.6', '8.4.31' ],
1820 silly audit   '@jridgewell/remapping': [ '2.3.5' ],
1820 silly audit   'enhanced-resolve': [ '5.18.4' ],
1820 silly audit   jiti: [ '2.6.1' ],
1820 silly audit   lightningcss: [ '1.30.2' ],
1820 silly audit   'magic-string': [ '0.30.21' ],
1820 silly audit   'source-map-js': [ '1.2.1' ],
1820 silly audit   '@jridgewell/gen-mapping': [ '0.3.13' ],
1820 silly audit   '@jridgewell/trace-mapping': [ '0.3.31' ],
1820 silly audit   '@jridgewell/sourcemap-codec': [ '1.5.5' ],
1820 silly audit   '@jridgewell/resolve-uri': [ '3.1.2' ],
1820 silly audit   '@tailwindcss/oxide-android-arm64': [ '4.1.18' ],
1820 silly audit   '@tailwindcss/oxide-darwin-arm64': [ '4.1.18' ],
1820 silly audit   '@tailwindcss/oxide-darwin-x64': [ '4.1.18' ],
1820 silly audit   '@tailwindcss/oxide-freebsd-x64': [ '4.1.18' ],
1820 silly audit   '@tailwindcss/oxide-linux-arm-gnueabihf': [ '4.1.18' ],
1820 silly audit   '@tailwindcss/oxide-linux-arm64-gnu': [ '4.1.18' ],
1820 silly audit   '@tailwindcss/oxide-linux-arm64-musl': [ '4.1.18' ],
1820 silly audit   '@tailwindcss/oxide-linux-x64-gnu': [ '4.1.18' ],
1820 silly audit   '@tailwindcss/oxide-linux-x64-musl': [ '4.1.18' ],
1820 silly audit   '@tailwindcss/oxide-win32-arm64-msvc': [ '4.1.18' ],
1820 silly audit   '@tailwindcss/oxide-win32-x64-msvc': [ '4.1.18' ],
1820 silly audit   'undici-types': [ '6.21.0' ],
1820 silly audit   csstype: [ '3.2.3' ],
1820 silly audit   'graceful-fs': [ '4.2.11' ],
1820 silly audit   tapable: [ '2.3.0' ],
1820 silly audit   '@eslint-community/eslint-utils': [ '4.9.1' ],
1820 silly audit   '@eslint-community/regexpp': [ '4.12.2' ],
1820 silly audit   '@eslint/config-array': [ '0.21.1' ],
1820 silly audit   '@eslint/config-helpers': [ '0.4.2' ],
1820 silly audit   '@eslint/core': [ '0.17.0' ],
1820 silly audit   '@eslint/eslintrc': [ '3.3.3' ],
1820 silly audit   '@eslint/js': [ '9.39.2' ],
1820 silly audit   '@eslint/plugin-kit': [ '0.4.1' ],
1820 silly audit   '@humanfs/node': [ '0.16.7' ],
1820 silly audit   '@humanwhocodes/module-importer': [ '1.0.1' ],
1820 silly audit   '@humanwhocodes/retry': [ '0.4.3' ],
1820 silly audit   '@types/estree': [ '1.0.8' ],
1820 silly audit   ajv: [ '6.12.6' ],
1820 silly audit   chalk: [ '4.1.2' ],
1820 silly audit   'cross-spawn': [ '7.0.6' ],
1820 silly audit   debug: [ '4.4.3', '3.2.7' ],
1820 silly audit   'escape-string-regexp': [ '4.0.0' ],
1820 silly audit   'eslint-scope': [ '8.4.0' ],
1820 silly audit   'eslint-visitor-keys': [ '4.2.1', '3.4.3' ],
1820 silly audit   espree: [ '10.4.0' ],
1820 silly audit   esquery: [ '1.7.0' ],
1820 silly audit   esutils: [ '2.0.3' ],
1820 silly audit   'fast-deep-equal': [ '3.1.3' ],
1820 silly audit   'file-entry-cache': [ '8.0.0' ],
1820 silly audit   'find-up': [ '5.0.0' ],
1820 silly audit   'glob-parent': [ '6.0.2', '5.1.2' ],
1820 silly audit   ignore: [ '5.3.2', '7.0.5' ],
1820 silly audit   imurmurhash: [ '0.1.4' ],
1820 silly audit   'is-glob': [ '4.0.3' ],
1820 silly audit   'json-stable-stringify-without-jsonify': [ '1.0.1' ],
1820 silly audit   'lodash.merge': [ '4.6.2' ],
1820 silly audit   minimatch: [ '3.1.2', '9.0.5' ],
1820 silly audit   'natural-compare': [ '1.4.0' ],
1820 silly audit   optionator: [ '0.9.4' ],
1820 silly audit   '@eslint/object-schema': [ '2.1.7' ],
1820 silly audit   '@types/json-schema': [ '7.0.15' ],
1820 silly audit   globals: [ '14.0.0', '16.4.0' ],
1820 silly audit   'import-fresh': [ '3.3.1' ],
1820 silly audit   'js-yaml': [ '4.1.1' ],
1820 silly audit   'strip-json-comments': [ '3.1.1' ],
1820 silly audit   levn: [ '0.4.1' ],
1820 silly audit   '@humanfs/core': [ '0.19.1' ],
1820 silly audit   'fast-json-stable-stringify': [ '2.1.0' ],
1820 silly audit   'json-schema-traverse': [ '0.4.1' ],
1820 silly audit   'uri-js': [ '4.4.1' ],
1820 silly audit   'ansi-styles': [ '4.3.0' ],
1820 silly audit   'supports-color': [ '7.2.0' ],
1820 silly audit   'color-convert': [ '2.0.1' ],
1820 silly audit   'color-name': [ '1.1.4' ],
1820 silly audit   'path-key': [ '3.1.1' ],
1820 silly audit   'shebang-command': [ '2.0.0' ],
1820 silly audit   which: [ '2.0.2' ],
1820 silly audit   ms: [ '2.1.3' ],
1820 silly audit   '@next/eslint-plugin-next': [ '16.1.3' ],
1820 silly audit   'eslint-import-resolver-node': [ '0.3.9' ],
1820 silly audit   'eslint-import-resolver-typescript': [ '3.10.1' ],
1820 silly audit   'eslint-plugin-import': [ '2.32.0' ],
1820 silly audit   'eslint-plugin-jsx-a11y': [ '6.10.2' ],
1820 silly audit   'eslint-plugin-react': [ '7.37.5' ],
1820 silly audit   'eslint-plugin-react-hooks': [ '7.0.1' ],
1820 silly audit   'typescript-eslint': [ '8.53.1' ],
1820 silly audit   'fast-glob': [ '3.3.1' ],
1820 silly audit   'is-core-module': [ '2.16.1' ],
1820 silly audit   resolve: [ '1.22.11', '2.0.0-next.5' ],
1820 silly audit   '@nolyfill/is-core-module': [ '1.0.39' ],
1820 silly audit   'get-tsconfig': [ '4.13.0' ],
1820 silly audit   'is-bun-module': [ '2.0.0' ],
1820 silly audit   'stable-hash': [ '0.0.5' ],
1820 silly audit   tinyglobby: [ '0.2.15' ],
1820 silly audit   'unrs-resolver': [ '1.11.1' ],
1820 silly audit   '@rtsao/scc': [ '1.1.0' ],
1820 silly audit   'array-includes': [ '3.1.9' ],
1820 silly audit   'array.prototype.findlastindex': [ '1.2.6' ],
1820 silly audit   'array.prototype.flat': [ '1.3.3' ],
1820 silly audit   'array.prototype.flatmap': [ '1.3.3' ],
1820 silly audit   doctrine: [ '2.1.0' ],
1820 silly audit   'eslint-module-utils': [ '2.12.1' ],
1820 silly audit   hasown: [ '2.0.2' ],
1820 silly audit   'object.fromentries': [ '2.0.8' ],
1820 silly audit   'object.groupby': [ '1.0.3' ],
1820 silly audit   'object.values': [ '1.2.1' ],
1820 silly audit   semver: [ '6.3.1', '7.7.3' ],
1820 silly audit   'string.prototype.trimend': [ '1.0.9' ],
1820 silly audit   'tsconfig-paths': [ '3.15.0' ],
1820 silly audit   'call-bind': [ '1.0.8' ],
1820 silly audit   'call-bound': [ '1.0.4' ],
1820 silly audit   'define-properties': [ '1.2.1' ],
1820 silly audit   'es-abstract': [ '1.24.1' ],
1820 silly audit   'es-object-atoms': [ '1.1.1' ],
1820 silly audit   'get-intrinsic': [ '1.3.0' ],
1820 silly audit   'is-string': [ '1.1.1' ],
1820 silly audit   'math-intrinsics': [ '1.1.0' ],
1820 silly audit   'es-errors': [ '1.3.0' ],
1820 silly audit   'es-shim-unscopables': [ '1.1.0' ],
1820 silly audit   'call-bind-apply-helpers': [ '1.0.2' ],
1820 silly audit   'es-define-property': [ '1.0.1' ],
1820 silly audit   'set-function-length': [ '1.2.2' ],
1820 silly audit   'function-bind': [ '1.1.2' ],
1820 silly audit   'define-data-property': [ '1.1.4' ],
1820 silly audit   'has-property-descriptors': [ '1.0.2' ],
1820 silly audit   'object-keys': [ '1.1.1' ],
1820 silly audit   gopd: [ '1.2.0' ],
1820 silly audit   'array-buffer-byte-length': [ '1.0.2' ],
1820 silly audit   'arraybuffer.prototype.slice': [ '1.0.4' ],
1820 silly audit   'available-typed-arrays': [ '1.0.7' ],
1820 silly audit   'data-view-buffer': [ '1.0.2' ],
1820 silly audit   'data-view-byte-length': [ '1.0.2' ],
1820 silly audit   'data-view-byte-offset': [ '1.0.1' ],
1820 silly audit   'es-set-tostringtag': [ '2.1.0' ],
1820 silly audit   'es-to-primitive': [ '1.3.0' ],
1820 silly audit   'function.prototype.name': [ '1.1.8' ],
1820 silly audit   'get-proto': [ '1.0.1' ],
1820 silly audit   'get-symbol-description': [ '1.1.0' ],
1820 silly audit   globalthis: [ '1.0.4' ],
1820 silly audit   'has-proto': [ '1.2.0' ],
1820 silly audit   'has-symbols': [ '1.1.0' ],
1820 silly audit   'internal-slot': [ '1.1.0' ],
1820 silly audit   'is-array-buffer': [ '3.0.5' ],
1820 silly audit   'is-callable': [ '1.2.7' ],
1820 silly audit   'is-data-view': [ '1.0.2' ],
1820 silly audit   'is-negative-zero': [ '2.0.3' ],
1820 silly audit   'is-regex': [ '1.2.1' ],
1820 silly audit   'is-set': [ '2.0.3' ],
1820 silly audit   'is-shared-array-buffer': [ '1.0.4' ],
1820 silly audit   'is-typed-array': [ '1.1.15' ],
1820 silly audit   'is-weakref': [ '1.1.1' ],
1820 silly audit   'object-inspect': [ '1.13.4' ],
1820 silly audit   'object.assign': [ '4.1.7' ],
1820 silly audit   'own-keys': [ '1.0.1' ],
1820 silly audit   'regexp.prototype.flags': [ '1.5.4' ],
1820 silly audit   'safe-array-concat': [ '1.1.3' ],
1820 silly audit   'safe-push-apply': [ '1.0.0' ],
1820 silly audit   'safe-regex-test': [ '1.1.0' ],
1820 silly audit   'set-proto': [ '1.0.0' ],
1820 silly audit   'stop-iteration-iterator': [ '1.1.0' ],
1820 silly audit   'string.prototype.trim': [ '1.2.10' ],
1820 silly audit   'string.prototype.trimstart': [ '1.0.8' ],
1820 silly audit   'typed-array-buffer': [ '1.0.3' ],
1820 silly audit   'typed-array-byte-length': [ '1.0.3' ],
1820 silly audit   'typed-array-byte-offset': [ '1.0.4' ],
1820 silly audit   'typed-array-length': [ '1.0.7' ],
1820 silly audit   'unbox-primitive': [ '1.1.0' ],
1820 silly audit   'which-typed-array': [ '1.1.20' ],
1820 silly audit   'possible-typed-array-names': [ '1.1.0' ],
1820 silly audit   'has-tostringtag': [ '1.0.2' ],
1820 silly audit   'is-date-object': [ '1.1.0' ],
1820 silly audit   'is-symbol': [ '1.1.1' ],
1820 silly audit   'aria-query': [ '5.3.2' ],
1820 silly audit   'ast-types-flow': [ '0.0.8' ],
1820 silly audit   'axe-core': [ '4.11.1' ],
1820 silly audit   'axobject-query': [ '4.1.0' ],
1820 silly audit   'damerau-levenshtein': [ '1.0.8' ],
1820 silly audit   'emoji-regex': [ '9.2.2' ],
1820 silly audit   'jsx-ast-utils': [ '3.3.5' ],
1820 silly audit   'language-tags': [ '1.0.9' ],
1820 silly audit   'string.prototype.includes': [ '2.0.1' ],
1820 silly audit   'array.prototype.findlast': [ '1.2.5' ],
1820 silly audit   'array.prototype.tosorted': [ '1.1.4' ],
1820 silly audit   'es-iterator-helpers': [ '1.2.2' ],
1820 silly audit   estraverse: [ '5.3.0' ],
1820 silly audit   'object.entries': [ '1.1.9' ],
1820 silly audit   'prop-types': [ '15.8.1' ],
1820 silly audit   'string.prototype.matchall': [ '4.0.12' ],
1820 silly audit   'string.prototype.repeat': [ '1.0.0' ],
1820 silly audit   'iterator.prototype': [ '1.1.5' ],
1820 silly audit   '@babel/core': [ '7.28.6' ],
1820 silly audit   '@babel/parser': [ '7.28.6' ],
1820 silly audit   'hermes-parser': [ '0.25.1' ],
1820 silly audit   zod: [ '4.3.5' ],
1820 silly audit   'zod-validation-error': [ '4.0.2' ],
1820 silly audit   '@babel/code-frame': [ '7.28.6' ],
1820 silly audit   '@babel/generator': [ '7.28.6' ],
1820 silly audit   '@babel/helper-compilation-targets': [ '7.28.6' ],
1820 silly audit   '@babel/helper-module-transforms': [ '7.28.6' ],
1820 silly audit   '@babel/helpers': [ '7.28.6' ],
1820 silly audit   '@babel/template': [ '7.28.6' ],
1820 silly audit   '@babel/traverse': [ '7.28.6' ],
1820 silly audit   '@babel/types': [ '7.28.6' ],
1820 silly audit   'convert-source-map': [ '2.0.0' ],
1820 silly audit   gensync: [ '1.0.0-beta.2' ],
1820 silly audit   json5: [ '2.2.3', '1.0.2' ],
1820 silly audit   '@babel/helper-validator-identifier': [ '7.28.5' ],
1820 silly audit   'js-tokens': [ '4.0.0' ],
1820 silly audit   picocolors: [ '1.1.1' ],
1820 silly audit   jsesc: [ '3.1.0' ],
1820 silly audit   '@babel/compat-data': [ '7.28.6' ],
1820 silly audit   '@babel/helper-validator-option': [ '7.27.1' ],
1820 silly audit   browserslist: [ '4.28.1' ],
1820 silly audit   'lru-cache': [ '5.1.1' ],
1820 silly audit   '@babel/helper-module-imports': [ '7.28.6' ],
1820 silly audit   '@babel/helper-globals': [ '7.28.0' ],
1820 silly audit   '@babel/helper-string-parser': [ '7.27.1' ],
1820 silly audit   'baseline-browser-mapping': [ '2.9.15' ],
1820 silly audit   'caniuse-lite': [ '1.0.30001765' ],
1820 silly audit   'electron-to-chromium': [ '1.5.267' ],
1820 silly audit   'node-releases': [ '2.0.27' ],
1820 silly audit   'update-browserslist-db': [ '1.2.3' ],
1820 silly audit   esrecurse: [ '4.3.0' ],
1820 silly audit   acorn: [ '8.15.0' ],
1820 silly audit   'acorn-jsx': [ '5.3.2' ],
1820 silly audit   '@nodelib/fs.stat': [ '2.0.5' ],
1820 silly audit   '@nodelib/fs.walk': [ '1.2.8' ],
1820 silly audit   merge2: [ '1.4.1' ],
1820 silly audit   micromatch: [ '4.0.8' ],
1820 silly audit   '@nodelib/fs.scandir': [ '2.1.5' ],
1820 silly audit   fastq: [ '1.20.1' ],
1820 silly audit   'run-parallel': [ '1.2.0' ],
1820 silly audit   reusify: [ '1.1.0' ],
1820 silly audit   'flat-cache': [ '4.0.1' ],
1820 silly audit   'locate-path': [ '6.0.0' ],
1820 silly audit   'path-exists': [ '4.0.0' ],
1820 silly audit   flatted: [ '3.3.3' ],
1820 silly audit   keyv: [ '4.5.4' ],
1820 silly audit   'functions-have-names': [ '1.2.3' ],
1820 silly audit   'dunder-proto': [ '1.0.1' ],
1820 silly audit   'resolve-pkg-maps': [ '1.0.0' ],
1820 silly audit   'hermes-estree': [ '0.25.1' ],
1820 silly audit   'parent-module': [ '1.0.1' ],
1820 silly audit   'resolve-from': [ '4.0.0' ],
1820 silly audit   'side-channel': [ '1.1.0' ],
1820 silly audit   'is-extglob': [ '2.1.1' ],
1820 silly audit   'set-function-name': [ '2.0.2' ],
1820 silly audit   argparse: [ '2.0.1' ],
1820 silly audit   'json-buffer': [ '3.0.1' ],
1820 silly audit   'language-subtag-registry': [ '0.3.23' ],
1820 silly audit   'prelude-ls': [ '1.2.1' ],
1820 silly audit   'type-check': [ '0.4.0' ],
1820 silly audit   'detect-libc': [ '2.1.2' ],
1820 silly audit   'lightningcss-android-arm64': [ '1.30.2' ],
1820 silly audit   'lightningcss-darwin-arm64': [ '1.30.2' ],
1820 silly audit   'lightningcss-darwin-x64': [ '1.30.2' ],
1820 silly audit   'lightningcss-freebsd-x64': [ '1.30.2' ],
1820 silly audit   'lightningcss-linux-arm-gnueabihf': [ '1.30.2' ],
1820 silly audit   'lightningcss-linux-arm64-gnu': [ '1.30.2' ],
1820 silly audit   'lightningcss-linux-arm64-musl': [ '1.30.2' ],
1820 silly audit   'lightningcss-linux-x64-gnu': [ '1.30.2' ],
1820 silly audit   'lightningcss-linux-x64-musl': [ '1.30.2' ],
1820 silly audit   'lightningcss-win32-arm64-msvc': [ '1.30.2' ],
1820 silly audit   'lightningcss-win32-x64-msvc': [ '1.30.2' ],
1820 silly audit   'p-locate': [ '5.0.0' ],
1820 silly audit   yallist: [ '3.1.1' ],
1820 silly audit   braces: [ '3.0.3' ],
1820 silly audit   picomatch: [ '2.3.1', '4.0.3' ],
1820 silly audit   'fill-range': [ '7.1.1' ],
1820 silly audit   'to-regex-range': [ '5.0.1' ],
1820 silly audit   'brace-expansion': [ '1.1.12', '2.0.2' ],
1820 silly audit   'balanced-match': [ '1.0.2' ],
1820 silly audit   'concat-map': [ '0.0.1' ],
1820 silly audit   '@next/env': [ '16.1.3' ],
1820 silly audit   '@next/swc-darwin-arm64': [ '16.1.3' ],
1820 silly audit   '@next/swc-darwin-x64': [ '16.1.3' ],
1820 silly audit   '@next/swc-linux-arm64-gnu': [ '16.1.3' ],
1820 silly audit   '@next/swc-linux-arm64-musl': [ '16.1.3' ],
1820 silly audit   '@next/swc-linux-x64-gnu': [ '16.1.3' ],
1820 silly audit   '@next/swc-linux-x64-musl': [ '16.1.3' ],
1820 silly audit   '@next/swc-win32-arm64-msvc': [ '16.1.3' ],
1820 silly audit   '@next/swc-win32-x64-msvc': [ '16.1.3' ],
1820 silly audit   '@swc/helpers': [ '0.5.15' ],
1820 silly audit   sharp: [ '0.34.5' ],
1820 silly audit   'styled-jsx': [ '5.1.6' ],
1820 silly audit   tslib: [ '2.8.1' ],
1820 silly audit   'deep-is': [ '0.1.4' ],
1820 silly audit   'fast-levenshtein': [ '2.0.6' ],
1820 silly audit   'word-wrap': [ '1.2.5' ],
1820 silly audit   'p-limit': [ '3.1.0' ],
1820 silly audit   'yocto-queue': [ '0.1.0' ],
1820 silly audit   callsites: [ '3.1.0' ],
1820 silly audit   nanoid: [ '3.3.11' ],
1820 silly audit   'loose-envify': [ '1.4.0' ],
1820 silly audit   'object-assign': [ '4.1.1' ],
1820 silly audit   'react-is': [ '16.13.1' ],
1820 silly audit   scheduler: [ '0.27.0' ],
1820 silly audit   'path-parse': [ '1.0.7' ],
1820 silly audit   'supports-preserve-symlinks-flag': [ '1.0.0' ],
1820 silly audit   'queue-microtask': [ '1.2.3' ],
1820 silly audit   isarray: [ '2.0.5' ],
1820 silly audit   '@img/colour': [ '1.0.0' ],
1820 silly audit   '@img/sharp-darwin-arm64': [ '0.34.5' ],
1820 silly audit   '@img/sharp-darwin-x64': [ '0.34.5' ],
1820 silly audit   '@img/sharp-libvips-darwin-arm64': [ '1.2.4' ],
1820 silly audit   '@img/sharp-libvips-darwin-x64': [ '1.2.4' ],
1820 silly audit   '@img/sharp-libvips-linux-arm': [ '1.2.4' ],
1820 silly audit   '@img/sharp-libvips-linux-arm64': [ '1.2.4' ],
1820 silly audit   '@img/sharp-libvips-linux-ppc64': [ '1.2.4' ],
1820 silly audit   '@img/sharp-libvips-linux-riscv64': [ '1.2.4' ],
1820 silly audit   '@img/sharp-libvips-linux-s390x': [ '1.2.4' ],
1820 silly audit   '@img/sharp-libvips-linux-x64': [ '1.2.4' ],
1820 silly audit   '@img/sharp-libvips-linuxmusl-arm64': [ '1.2.4' ],
1820 silly audit   '@img/sharp-libvips-linuxmusl-x64': [ '1.2.4' ],
1820 silly audit   '@img/sharp-linux-arm': [ '0.34.5' ],
1820 silly audit   '@img/sharp-linux-arm64': [ '0.34.5' ],
1820 silly audit   '@img/sharp-linux-ppc64': [ '0.34.5' ],
1820 silly audit   '@img/sharp-linux-riscv64': [ '0.34.5' ],
1820 silly audit   '@img/sharp-linux-s390x': [ '0.34.5' ],
1820 silly audit   '@img/sharp-linux-x64': [ '0.34.5' ],
1820 silly audit   '@img/sharp-linuxmusl-arm64': [ '0.34.5' ],
1820 silly audit   '@img/sharp-linuxmusl-x64': [ '0.34.5' ],
1820 silly audit   '@img/sharp-wasm32': [ '0.34.5' ],
1820 silly audit   '@img/sharp-win32-arm64': [ '0.34.5' ],
1820 silly audit   '@img/sharp-win32-ia32': [ '0.34.5' ],
1820 silly audit   '@img/sharp-win32-x64': [ '0.34.5' ],
1820 silly audit   '@emnapi/runtime': [ '1.8.1' ],
1820 silly audit   'shebang-regex': [ '3.0.0' ],
1820 silly audit   'side-channel-list': [ '1.0.0' ],
1820 silly audit   'side-channel-map': [ '1.0.1' ],
1820 silly audit   'side-channel-weakmap': [ '1.0.2' ],
1820 silly audit   'client-only': [ '0.0.1' ],
1820 silly audit   'has-flag': [ '4.0.0' ],
1820 silly audit   fdir: [ '6.5.0' ],
1820 silly audit   'is-number': [ '7.0.0' ],
1820 silly audit   '@types/json5': [ '0.0.29' ],
1820 silly audit   minimist: [ '1.2.8' ],
1820 silly audit   'strip-bom': [ '3.0.0' ],
1820 silly audit   'for-each': [ '0.3.5' ],
1820 silly audit   'reflect.getprototypeof': [ '1.0.10' ],
1820 silly audit   'which-builtin-type': [ '1.2.1' ],
1820 silly audit   '@typescript-eslint/eslint-plugin': [ '8.53.1' ],
1820 silly audit   '@typescript-eslint/parser': [ '8.53.1' ],
1820 silly audit   '@typescript-eslint/typescript-estree': [ '8.53.1' ],
1820 silly audit   '@typescript-eslint/utils': [ '8.53.1' ],
1820 silly audit   '@typescript-eslint/scope-manager': [ '8.53.1' ],
1820 silly audit   '@typescript-eslint/type-utils': [ '8.53.1' ],
1820 silly audit   '@typescript-eslint/visitor-keys': [ '8.53.1' ],
1820 silly audit   'ts-api-utils': [ '2.4.0' ],
1820 silly audit   '@typescript-eslint/types': [ '8.53.1' ],
1820 silly audit   '@typescript-eslint/project-service': [ '8.53.1' ],
1820 silly audit   '@typescript-eslint/tsconfig-utils': [ '8.53.1' ],
1820 silly audit   'has-bigints': [ '1.1.0' ],
1820 silly audit   'which-boxed-primitive': [ '1.1.1' ],
1820 silly audit   '@unrs/resolver-binding-android-arm-eabi': [ '1.11.1' ],
1820 silly audit   '@unrs/resolver-binding-android-arm64': [ '1.11.1' ],
1820 silly audit   '@unrs/resolver-binding-darwin-arm64': [ '1.11.1' ],
1820 silly audit   '@unrs/resolver-binding-darwin-x64': [ '1.11.1' ],
1820 silly audit   '@unrs/resolver-binding-freebsd-x64': [ '1.11.1' ],
1820 silly audit   '@unrs/resolver-binding-linux-arm-gnueabihf': [ '1.11.1' ],
1820 silly audit   '@unrs/resolver-binding-linux-arm-musleabihf': [ '1.11.1' ],
1820 silly audit   '@unrs/resolver-binding-linux-arm64-gnu': [ '1.11.1' ],
1820 silly audit   '@unrs/resolver-binding-linux-arm64-musl': [ '1.11.1' ],
1820 silly audit   '@unrs/resolver-binding-linux-ppc64-gnu': [ '1.11.1' ],
1820 silly audit   '@unrs/resolver-binding-linux-riscv64-gnu': [ '1.11.1' ],
1820 silly audit   '@unrs/resolver-binding-linux-riscv64-musl': [ '1.11.1' ],
1820 silly audit   '@unrs/resolver-binding-linux-s390x-gnu': [ '1.11.1' ],
1820 silly audit   '@unrs/resolver-binding-linux-x64-gnu': [ '1.11.1' ],
1820 silly audit   '@unrs/resolver-binding-linux-x64-musl': [ '1.11.1' ],
1820 silly audit   '@unrs/resolver-binding-wasm32-wasi': [ '1.11.1' ],
1820 silly audit   '@unrs/resolver-binding-win32-arm64-msvc': [ '1.11.1' ],
1820 silly audit   '@unrs/resolver-binding-win32-ia32-msvc': [ '1.11.1' ],
1820 silly audit   '@unrs/resolver-binding-win32-x64-msvc': [ '1.11.1' ],
1820 silly audit   'napi-postinstall': [ '0.3.4' ],
1820 silly audit   '@napi-rs/wasm-runtime': [ '0.2.12' ],
1820 silly audit   '@emnapi/core': [ '1.8.1' ],
1820 silly audit   '@tybys/wasm-util': [ '0.10.1' ],
1820 silly audit   '@emnapi/wasi-threads': [ '1.1.0' ],
1820 silly audit   escalade: [ '3.2.0' ],
1820 silly audit   punycode: [ '2.3.1' ],
1820 silly audit   isexe: [ '2.0.0' ],
1820 silly audit   'is-bigint': [ '1.1.0' ],
1820 silly audit   'is-boolean-object': [ '1.2.2' ],
1820 silly audit   'is-number-object': [ '1.1.1' ],
1820 silly audit   'is-async-function': [ '2.1.1' ],
1820 silly audit   'is-finalizationregistry': [ '1.1.1' ],
1820 silly audit   'is-generator-function': [ '1.1.2' ],
1820 silly audit   'which-collection': [ '1.0.2' ],
1820 silly audit   'async-function': [ '1.0.0' ],
1820 silly audit   'generator-function': [ '2.0.1' ],
1820 silly audit   'is-map': [ '2.0.3' ],
1820 silly audit   'is-weakmap': [ '2.0.2' ],
1820 silly audit   'is-weakset': [ '2.0.4' ],
1820 silly audit   '@tailwindcss/oxide-wasm32-wasi': [ '4.1.18' ]
1820 silly audit }
1821 verbose reify failed optional dependency /Users/chengfang/Downloads/make money/shopping/node_modules/@unrs/resolver-binding-win32-x64-msvc
1822 silly reify mark deleted [
1822 silly reify   '/Users/chengfang/Downloads/make money/shopping/node_modules/@unrs/resolver-binding-win32-x64-msvc'
1822 silly reify ]
1823 verbose reify failed optional dependency /Users/chengfang/Downloads/make money/shopping/node_modules/@unrs/resolver-binding-win32-ia32-msvc
1824 silly reify mark deleted [
1824 silly reify   '/Users/chengfang/Downloads/make money/shopping/node_modules/@unrs/resolver-binding-win32-ia32-msvc'
1824 silly reify ]
1825 verbose reify failed optional dependency /Users/chengfang/Downloads/make money/shopping/node_modules/@unrs/resolver-binding-win32-arm64-msvc
1826 silly reify mark deleted [
1826 silly reify   '/Users/chengfang/Downloads/make money/shopping/node_modules/@unrs/resolver-binding-win32-arm64-msvc'
1826 silly reify ]
1827 verbose reify failed optional dependency /Users/chengfang/Downloads/make money/shopping/node_modules/@unrs/resolver-binding-wasm32-wasi
1828 silly reify mark deleted [
1828 silly reify   '/Users/chengfang/Downloads/make money/shopping/node_modules/@unrs/resolver-binding-wasm32-wasi'
1828 silly reify ]
1829 verbose reify failed optional dependency /Users/chengfang/Downloads/make money/shopping/node_modules/@unrs/resolver-binding-linux-x64-musl
1830 silly reify mark deleted [
1830 silly reify   '/Users/chengfang/Downloads/make money/shopping/node_modules/@unrs/resolver-binding-linux-x64-musl'
1830 silly reify ]
1831 verbose reify failed optional dependency /Users/chengfang/Downloads/make money/shopping/node_modules/@unrs/resolver-binding-linux-x64-gnu
1832 silly reify mark deleted [
1832 silly reify   '/Users/chengfang/Downloads/make money/shopping/node_modules/@unrs/resolver-binding-linux-x64-gnu'
1832 silly reify ]
1833 verbose reify failed optional dependency /Users/chengfang/Downloads/make money/shopping/node_modules/@unrs/resolver-binding-linux-s390x-gnu
1834 silly reify mark deleted [
1834 silly reify   '/Users/chengfang/Downloads/make money/shopping/node_modules/@unrs/resolver-binding-linux-s390x-gnu'
1834 silly reify ]
1835 verbose reify failed optional dependency /Users/chengfang/Downloads/make money/shopping/node_modules/@unrs/resolver-binding-linux-riscv64-musl
1836 silly reify mark deleted [
1836 silly reify   '/Users/chengfang/Downloads/make money/shopping/node_modules/@unrs/resolver-binding-linux-riscv64-musl'
1836 silly reify ]
1837 verbose reify failed optional dependency /Users/chengfang/Downloads/make money/shopping/node_modules/@unrs/resolver-binding-linux-riscv64-gnu
1838 silly reify mark deleted [
1838 silly reify   '/Users/chengfang/Downloads/make money/shopping/node_modules/@unrs/resolver-binding-linux-riscv64-gnu'
1838 silly reify ]
1839 verbose reify failed optional dependency /Users/chengfang/Downloads/make money/shopping/node_modules/@unrs/resolver-binding-linux-ppc64-gnu
1840 silly reify mark deleted [
1840 silly reify   '/Users/chengfang/Downloads/make money/shopping/node_modules/@unrs/resolver-binding-linux-ppc64-gnu'
1840 silly reify ]
1841 verbose reify failed optional dependency /Users/chengfang/Downloads/make money/shopping/node_modules/@unrs/resolver-binding-linux-arm64-musl
1842 silly reify mark deleted [
1842 silly reify   '/Users/chengfang/Downloads/make money/shopping/node_modules/@unrs/resolver-binding-linux-arm64-musl'
1842 silly reify ]
1843 verbose reify failed optional dependency /Users/chengfang/Downloads/make money/shopping/node_modules/@unrs/resolver-binding-linux-arm64-gnu
1844 silly reify mark deleted [
1844 silly reify   '/Users/chengfang/Downloads/make money/shopping/node_modules/@unrs/resolver-binding-linux-arm64-gnu'
1844 silly reify ]
1845 verbose reify failed optional dependency /Users/chengfang/Downloads/make money/shopping/node_modules/@unrs/resolver-binding-linux-arm-musleabihf
1846 silly reify mark deleted [
1846 silly reify   '/Users/chengfang/Downloads/make money/shopping/node_modules/@unrs/resolver-binding-linux-arm-musleabihf'
1846 silly reify ]
1847 verbose reify failed optional dependency /Users/chengfang/Downloads/make money/shopping/node_modules/@unrs/resolver-binding-linux-arm-gnueabihf
1848 silly reify mark deleted [
1848 silly reify   '/Users/chengfang/Downloads/make money/shopping/node_modules/@unrs/resolver-binding-linux-arm-gnueabihf'
1848 silly reify ]
1849 verbose reify failed optional dependency /Users/chengfang/Downloads/make money/shopping/node_modules/@unrs/resolver-binding-freebsd-x64
1850 silly reify mark deleted [
1850 silly reify   '/Users/chengfang/Downloads/make money/shopping/node_modules/@unrs/resolver-binding-freebsd-x64'
1850 silly reify ]
1851 verbose reify failed optional dependency /Users/chengfang/Downloads/make money/shopping/node_modules/@unrs/resolver-binding-darwin-x64
1852 silly reify mark deleted [
1852 silly reify   '/Users/chengfang/Downloads/make money/shopping/node_modules/@unrs/resolver-binding-darwin-x64'
1852 silly reify ]
1853 verbose reify failed optional dependency /Users/chengfang/Downloads/make money/shopping/node_modules/@unrs/resolver-binding-android-arm64
1854 silly reify mark deleted [
1854 silly reify   '/Users/chengfang/Downloads/make money/shopping/node_modules/@unrs/resolver-binding-android-arm64'
1854 silly reify ]
1855 verbose reify failed optional dependency /Users/chengfang/Downloads/make money/shopping/node_modules/@unrs/resolver-binding-android-arm-eabi
1856 silly reify mark deleted [
1856 silly reify   '/Users/chengfang/Downloads/make money/shopping/node_modules/@unrs/resolver-binding-android-arm-eabi'
1856 silly reify ]
1857 verbose reify failed optional dependency /Users/chengfang/Downloads/make money/shopping/node_modules/@img/sharp-win32-x64
1858 silly reify mark deleted [
1858 silly reify   '/Users/chengfang/Downloads/make money/shopping/node_modules/@img/sharp-win32-x64'
1858 silly reify ]
1859 verbose reify failed optional dependency /Users/chengfang/Downloads/make money/shopping/node_modules/@img/sharp-win32-ia32
1860 silly reify mark deleted [
1860 silly reify   '/Users/chengfang/Downloads/make money/shopping/node_modules/@img/sharp-win32-ia32'
1860 silly reify ]
1861 verbose reify failed optional dependency /Users/chengfang/Downloads/make money/shopping/node_modules/@img/sharp-win32-arm64
1862 silly reify mark deleted [
1862 silly reify   '/Users/chengfang/Downloads/make money/shopping/node_modules/@img/sharp-win32-arm64'
1862 silly reify ]
1863 verbose reify failed optional dependency /Users/chengfang/Downloads/make money/shopping/node_modules/@img/sharp-wasm32
1864 silly reify mark deleted [
1864 silly reify   '/Users/chengfang/Downloads/make money/shopping/node_modules/@img/sharp-wasm32'
1864 silly reify ]
1865 verbose reify failed optional dependency /Users/chengfang/Downloads/make money/shopping/node_modules/@img/sharp-linuxmusl-x64
1866 silly reify mark deleted [
1866 silly reify   '/Users/chengfang/Downloads/make money/shopping/node_modules/@img/sharp-linuxmusl-x64'
1866 silly reify ]
1867 verbose reify failed optional dependency /Users/chengfang/Downloads/make money/shopping/node_modules/@img/sharp-linuxmusl-arm64
1868 silly reify mark deleted [
1868 silly reify   '/Users/chengfang/Downloads/make money/shopping/node_modules/@img/sharp-linuxmusl-arm64'
1868 silly reify ]
1869 verbose reify failed optional dependency /Users/chengfang/Downloads/make money/shopping/node_modules/@img/sharp-linux-x64
1870 silly reify mark deleted [
1870 silly reify   '/Users/chengfang/Downloads/make money/shopping/node_modules/@img/sharp-linux-x64'
1870 silly reify ]
1871 verbose reify failed optional dependency /Users/chengfang/Downloads/make money/shopping/node_modules/@img/sharp-linux-s390x
1872 silly reify mark deleted [
1872 silly reify   '/Users/chengfang/Downloads/make money/shopping/node_modules/@img/sharp-linux-s390x'
1872 silly reify ]
1873 verbose reify failed optional dependency /Users/chengfang/Downloads/make money/shopping/node_modules/@img/sharp-linux-riscv64
1874 silly reify mark deleted [
1874 silly reify   '/Users/chengfang/Downloads/make money/shopping/node_modules/@img/sharp-linux-riscv64'
1874 silly reify ]
1875 verbose reify failed optional dependency /Users/chengfang/Downloads/make money/shopping/node_modules/@img/sharp-linux-ppc64
1876 silly reify mark deleted [
1876 silly reify   '/Users/chengfang/Downloads/make money/shopping/node_modules/@img/sharp-linux-ppc64'
1876 silly reify ]
1877 verbose reify failed optional dependency /Users/chengfang/Downloads/make money/shopping/node_modules/@img/sharp-linux-arm64
1878 silly reify mark deleted [
1878 silly reify   '/Users/chengfang/Downloads/make money/shopping/node_modules/@img/sharp-linux-arm64'
1878 silly reify ]
1879 verbose reify failed optional dependency /Users/chengfang/Downloads/make money/shopping/node_modules/@img/sharp-linux-arm
1880 silly reify mark deleted [
1880 silly reify   '/Users/chengfang/Downloads/make money/shopping/node_modules/@img/sharp-linux-arm'
1880 silly reify ]
1881 verbose reify failed optional dependency /Users/chengfang/Downloads/make money/shopping/node_modules/@img/sharp-libvips-linuxmusl-x64
1882 silly reify mark deleted [
1882 silly reify   '/Users/chengfang/Downloads/make money/shopping/node_modules/@img/sharp-libvips-linuxmusl-x64'
1882 silly reify ]
1883 verbose reify failed optional dependency /Users/chengfang/Downloads/make money/shopping/node_modules/@img/sharp-libvips-linuxmusl-arm64
1884 silly reify mark deleted [
1884 silly reify   '/Users/chengfang/Downloads/make money/shopping/node_modules/@img/sharp-libvips-linuxmusl-arm64'
1884 silly reify ]
1885 verbose reify failed optional dependency /Users/chengfang/Downloads/make money/shopping/node_modules/@img/sharp-libvips-linux-x64
1886 silly reify mark deleted [
1886 silly reify   '/Users/chengfang/Downloads/make money/shopping/node_modules/@img/sharp-libvips-linux-x64'
1886 silly reify ]
1887 verbose reify failed optional dependency /Users/chengfang/Downloads/make money/shopping/node_modules/@img/sharp-libvips-linux-s390x
1888 silly reify mark deleted [
1888 silly reify   '/Users/chengfang/Downloads/make money/shopping/node_modules/@img/sharp-libvips-linux-s390x'
1888 silly reify ]
1889 verbose reify failed optional dependency /Users/chengfang/Downloads/make money/shopping/node_modules/@img/sharp-libvips-linux-riscv64
1890 silly reify mark deleted [
1890 silly reify   '/Users/chengfang/Downloads/make money/shopping/node_modules/@img/sharp-libvips-linux-riscv64'
1890 silly reify ]
1891 verbose reify failed optional dependency /Users/chengfang/Downloads/make money/shopping/node_modules/@img/sharp-libvips-linux-ppc64
1892 silly reify mark deleted [
1892 silly reify   '/Users/chengfang/Downloads/make money/shopping/node_modules/@img/sharp-libvips-linux-ppc64'
1892 silly reify ]
1893 verbose reify failed optional dependency /Users/chengfang/Downloads/make money/shopping/node_modules/@img/sharp-libvips-linux-arm64
1894 silly reify mark deleted [
1894 silly reify   '/Users/chengfang/Downloads/make money/shopping/node_modules/@img/sharp-libvips-linux-arm64'
1894 silly reify ]
1895 verbose reify failed optional dependency /Users/chengfang/Downloads/make money/shopping/node_modules/@img/sharp-libvips-linux-arm
1896 silly reify mark deleted [
1896 silly reify   '/Users/chengfang/Downloads/make money/shopping/node_modules/@img/sharp-libvips-linux-arm'
1896 silly reify ]
1897 verbose reify failed optional dependency /Users/chengfang/Downloads/make money/shopping/node_modules/@img/sharp-libvips-darwin-x64
1898 silly reify mark deleted [
1898 silly reify   '/Users/chengfang/Downloads/make money/shopping/node_modules/@img/sharp-libvips-darwin-x64'
1898 silly reify ]
1899 verbose reify failed optional dependency /Users/chengfang/Downloads/make money/shopping/node_modules/@img/sharp-darwin-x64
1900 silly reify mark deleted [
1900 silly reify   '/Users/chengfang/Downloads/make money/shopping/node_modules/@img/sharp-darwin-x64'
1900 silly reify ]
1901 verbose reify failed optional dependency /Users/chengfang/Downloads/make money/shopping/node_modules/@next/swc-win32-x64-msvc
1902 silly reify mark deleted [
1902 silly reify   '/Users/chengfang/Downloads/make money/shopping/node_modules/@next/swc-win32-x64-msvc'
1902 silly reify ]
1903 verbose reify failed optional dependency /Users/chengfang/Downloads/make money/shopping/node_modules/@next/swc-win32-arm64-msvc
1904 silly reify mark deleted [
1904 silly reify   '/Users/chengfang/Downloads/make money/shopping/node_modules/@next/swc-win32-arm64-msvc'
1904 silly reify ]
1905 verbose reify failed optional dependency /Users/chengfang/Downloads/make money/shopping/node_modules/@next/swc-linux-x64-musl
1906 silly reify mark deleted [
1906 silly reify   '/Users/chengfang/Downloads/make money/shopping/node_modules/@next/swc-linux-x64-musl'
1906 silly reify ]
1907 verbose reify failed optional dependency /Users/chengfang/Downloads/make money/shopping/node_modules/@next/swc-linux-x64-gnu
1908 silly reify mark deleted [
1908 silly reify   '/Users/chengfang/Downloads/make money/shopping/node_modules/@next/swc-linux-x64-gnu'
1908 silly reify ]
1909 verbose reify failed optional dependency /Users/chengfang/Downloads/make money/shopping/node_modules/@next/swc-linux-arm64-musl
1910 silly reify mark deleted [
1910 silly reify   '/Users/chengfang/Downloads/make money/shopping/node_modules/@next/swc-linux-arm64-musl'
1910 silly reify ]
1911 verbose reify failed optional dependency /Users/chengfang/Downloads/make money/shopping/node_modules/@next/swc-linux-arm64-gnu
1912 silly reify mark deleted [
1912 silly reify   '/Users/chengfang/Downloads/make money/shopping/node_modules/@next/swc-linux-arm64-gnu'
1912 silly reify ]
1913 verbose reify failed optional dependency /Users/chengfang/Downloads/make money/shopping/node_modules/@next/swc-darwin-x64
1914 silly reify mark deleted [
1914 silly reify   '/Users/chengfang/Downloads/make money/shopping/node_modules/@next/swc-darwin-x64'
1914 silly reify ]
1915 verbose reify failed optional dependency /Users/chengfang/Downloads/make money/shopping/node_modules/lightningcss-win32-x64-msvc
1916 silly reify mark deleted [
1916 silly reify   '/Users/chengfang/Downloads/make money/shopping/node_modules/lightningcss-win32-x64-msvc'
1916 silly reify ]
1917 verbose reify failed optional dependency /Users/chengfang/Downloads/make money/shopping/node_modules/lightningcss-win32-arm64-msvc
1918 silly reify mark deleted [
1918 silly reify   '/Users/chengfang/Downloads/make money/shopping/node_modules/lightningcss-win32-arm64-msvc'
1918 silly reify ]
1919 verbose reify failed optional dependency /Users/chengfang/Downloads/make money/shopping/node_modules/lightningcss-linux-x64-musl
1920 silly reify mark deleted [
1920 silly reify   '/Users/chengfang/Downloads/make money/shopping/node_modules/lightningcss-linux-x64-musl'
1920 silly reify ]
1921 verbose reify failed optional dependency /Users/chengfang/Downloads/make money/shopping/node_modules/lightningcss-linux-x64-gnu
1922 silly reify mark deleted [
1922 silly reify   '/Users/chengfang/Downloads/make money/shopping/node_modules/lightningcss-linux-x64-gnu'
1922 silly reify ]
1923 verbose reify failed optional dependency /Users/chengfang/Downloads/make money/shopping/node_modules/lightningcss-linux-arm64-musl
1924 silly reify mark deleted [
1924 silly reify   '/Users/chengfang/Downloads/make money/shopping/node_modules/lightningcss-linux-arm64-musl'
1924 silly reify ]
1925 verbose reify failed optional dependency /Users/chengfang/Downloads/make money/shopping/node_modules/lightningcss-linux-arm64-gnu
1926 silly reify mark deleted [
1926 silly reify   '/Users/chengfang/Downloads/make money/shopping/node_modules/lightningcss-linux-arm64-gnu'
1926 silly reify ]
1927 verbose reify failed optional dependency /Users/chengfang/Downloads/make money/shopping/node_modules/lightningcss-linux-arm-gnueabihf
1928 silly reify mark deleted [
1928 silly reify   '/Users/chengfang/Downloads/make money/shopping/node_modules/lightningcss-linux-arm-gnueabihf'
1928 silly reify ]
1929 verbose reify failed optional dependency /Users/chengfang/Downloads/make money/shopping/node_modules/lightningcss-freebsd-x64
1930 silly reify mark deleted [
1930 silly reify   '/Users/chengfang/Downloads/make money/shopping/node_modules/lightningcss-freebsd-x64'
1930 silly reify ]
1931 verbose reify failed optional dependency /Users/chengfang/Downloads/make money/shopping/node_modules/lightningcss-darwin-x64
1932 silly reify mark deleted [
1932 silly reify   '/Users/chengfang/Downloads/make money/shopping/node_modules/lightningcss-darwin-x64'
1932 silly reify ]
1933 verbose reify failed optional dependency /Users/chengfang/Downloads/make money/shopping/node_modules/lightningcss-android-arm64
1934 silly reify mark deleted [
1934 silly reify   '/Users/chengfang/Downloads/make money/shopping/node_modules/lightningcss-android-arm64'
1934 silly reify ]
1935 verbose reify failed optional dependency /Users/chengfang/Downloads/make money/shopping/node_modules/@tailwindcss/oxide-win32-x64-msvc
1936 silly reify mark deleted [
1936 silly reify   '/Users/chengfang/Downloads/make money/shopping/node_modules/@tailwindcss/oxide-win32-x64-msvc'
1936 silly reify ]
1937 verbose reify failed optional dependency /Users/chengfang/Downloads/make money/shopping/node_modules/@tailwindcss/oxide-win32-arm64-msvc
1938 silly reify mark deleted [
1938 silly reify   '/Users/chengfang/Downloads/make money/shopping/node_modules/@tailwindcss/oxide-win32-arm64-msvc'
1938 silly reify ]
1939 verbose reify failed optional dependency /Users/chengfang/Downloads/make money/shopping/node_modules/@tailwindcss/oxide-linux-x64-musl
1940 silly reify mark deleted [
1940 silly reify   '/Users/chengfang/Downloads/make money/shopping/node_modules/@tailwindcss/oxide-linux-x64-musl'
1940 silly reify ]
1941 verbose reify failed optional dependency /Users/chengfang/Downloads/make money/shopping/node_modules/@tailwindcss/oxide-linux-x64-gnu
1942 silly reify mark deleted [
1942 silly reify   '/Users/chengfang/Downloads/make money/shopping/node_modules/@tailwindcss/oxide-linux-x64-gnu'
1942 silly reify ]
1943 verbose reify failed optional dependency /Users/chengfang/Downloads/make money/shopping/node_modules/@tailwindcss/oxide-linux-arm64-musl
1944 silly reify mark deleted [
1944 silly reify   '/Users/chengfang/Downloads/make money/shopping/node_modules/@tailwindcss/oxide-linux-arm64-musl'
1944 silly reify ]
1945 verbose reify failed optional dependency /Users/chengfang/Downloads/make money/shopping/node_modules/@tailwindcss/oxide-linux-arm64-gnu
1946 silly reify mark deleted [
1946 silly reify   '/Users/chengfang/Downloads/make money/shopping/node_modules/@tailwindcss/oxide-linux-arm64-gnu'
1946 silly reify ]
1947 verbose reify failed optional dependency /Users/chengfang/Downloads/make money/shopping/node_modules/@tailwindcss/oxide-linux-arm-gnueabihf
1948 silly reify mark deleted [
1948 silly reify   '/Users/chengfang/Downloads/make money/shopping/node_modules/@tailwindcss/oxide-linux-arm-gnueabihf'
1948 silly reify ]
1949 verbose reify failed optional dependency /Users/chengfang/Downloads/make money/shopping/node_modules/@tailwindcss/oxide-freebsd-x64
1950 silly reify mark deleted [
1950 silly reify   '/Users/chengfang/Downloads/make money/shopping/node_modules/@tailwindcss/oxide-freebsd-x64'
1950 silly reify ]
1951 verbose reify failed optional dependency /Users/chengfang/Downloads/make money/shopping/node_modules/@tailwindcss/oxide-darwin-x64
1952 silly reify mark deleted [
1952 silly reify   '/Users/chengfang/Downloads/make money/shopping/node_modules/@tailwindcss/oxide-darwin-x64'
1952 silly reify ]
1953 verbose reify failed optional dependency /Users/chengfang/Downloads/make money/shopping/node_modules/@tailwindcss/oxide-android-arm64
1954 silly reify mark deleted [
1954 silly reify   '/Users/chengfang/Downloads/make money/shopping/node_modules/@tailwindcss/oxide-android-arm64'
1954 silly reify ]
1955 timing reifyNode:node_modules/@unrs/resolver-binding-win32-x64-msvc Completed in 33ms
1956 timing reifyNode:node_modules/@unrs/resolver-binding-win32-ia32-msvc Completed in 33ms
1957 timing reifyNode:node_modules/@unrs/resolver-binding-win32-arm64-msvc Completed in 33ms
1958 timing reifyNode:node_modules/@unrs/resolver-binding-wasm32-wasi Completed in 33ms
1959 timing reifyNode:node_modules/@unrs/resolver-binding-linux-x64-musl Completed in 33ms
1960 timing reifyNode:node_modules/@unrs/resolver-binding-linux-x64-gnu Completed in 33ms
1961 timing reifyNode:node_modules/@unrs/resolver-binding-linux-s390x-gnu Completed in 33ms
1962 timing reifyNode:node_modules/@unrs/resolver-binding-linux-riscv64-musl Completed in 33ms
1963 timing reifyNode:node_modules/@unrs/resolver-binding-linux-riscv64-gnu Completed in 33ms
1964 timing reifyNode:node_modules/@unrs/resolver-binding-linux-ppc64-gnu Completed in 33ms
1965 timing reifyNode:node_modules/@unrs/resolver-binding-linux-arm64-musl Completed in 33ms
1966 timing reifyNode:node_modules/@unrs/resolver-binding-linux-arm64-gnu Completed in 33ms
1967 timing reifyNode:node_modules/@unrs/resolver-binding-linux-arm-musleabihf Completed in 33ms
1968 timing reifyNode:node_modules/@unrs/resolver-binding-linux-arm-gnueabihf Completed in 33ms
1969 timing reifyNode:node_modules/@unrs/resolver-binding-freebsd-x64 Completed in 33ms
1970 timing reifyNode:node_modules/@unrs/resolver-binding-darwin-x64 Completed in 33ms
1971 timing reifyNode:node_modules/@unrs/resolver-binding-android-arm64 Completed in 33ms
1972 timing reifyNode:node_modules/@unrs/resolver-binding-android-arm-eabi Completed in 33ms
1973 timing reifyNode:node_modules/@img/sharp-win32-x64 Completed in 32ms
1974 timing reifyNode:node_modules/@img/sharp-win32-ia32 Completed in 32ms
1975 timing reifyNode:node_modules/@img/sharp-win32-arm64 Completed in 32ms
1976 timing reifyNode:node_modules/@img/sharp-wasm32 Completed in 32ms
1977 timing reifyNode:node_modules/@img/sharp-linuxmusl-x64 Completed in 32ms
1978 timing reifyNode:node_modules/@img/sharp-linuxmusl-arm64 Completed in 31ms
1979 timing reifyNode:node_modules/@img/sharp-linux-x64 Completed in 31ms
1980 timing reifyNode:node_modules/@img/sharp-linux-s390x Completed in 31ms
1981 timing reifyNode:node_modules/@img/sharp-linux-riscv64 Completed in 32ms
1982 timing reifyNode:node_modules/@img/sharp-linux-ppc64 Completed in 32ms
1983 timing reifyNode:node_modules/@img/sharp-linux-arm64 Completed in 32ms
1984 timing reifyNode:node_modules/@img/sharp-linux-arm Completed in 32ms
1985 timing reifyNode:node_modules/@img/sharp-libvips-linuxmusl-x64 Completed in 32ms
1986 timing reifyNode:node_modules/@img/sharp-libvips-linuxmusl-arm64 Completed in 32ms
1987 timing reifyNode:node_modules/@img/sharp-libvips-linux-x64 Completed in 32ms
1988 timing reifyNode:node_modules/@img/sharp-libvips-linux-s390x Completed in 32ms
1989 timing reifyNode:node_modules/@img/sharp-libvips-linux-riscv64 Completed in 32ms
1990 timing reifyNode:node_modules/@img/sharp-libvips-linux-ppc64 Completed in 32ms
1991 timing reifyNode:node_modules/@img/sharp-libvips-linux-arm64 Completed in 32ms
1992 timing reifyNode:node_modules/@img/sharp-libvips-linux-arm Completed in 32ms
1993 timing reifyNode:node_modules/@img/sharp-libvips-darwin-x64 Completed in 32ms
1994 timing reifyNode:node_modules/@img/sharp-darwin-x64 Completed in 32ms
1995 timing reifyNode:node_modules/@next/swc-win32-x64-msvc Completed in 31ms
1996 timing reifyNode:node_modules/@next/swc-win32-arm64-msvc Completed in 31ms
1997 timing reifyNode:node_modules/@next/swc-linux-x64-musl Completed in 31ms
1998 timing reifyNode:node_modules/@next/swc-linux-x64-gnu Completed in 31ms
1999 timing reifyNode:node_modules/@next/swc-linux-arm64-musl Completed in 31ms
2000 timing reifyNode:node_modules/@next/swc-linux-arm64-gnu Completed in 31ms
2001 timing reifyNode:node_modules/@next/swc-darwin-x64 Completed in 33ms
2002 timing reifyNode:node_modules/lightningcss-win32-x64-msvc Completed in 32ms
2003 timing reifyNode:node_modules/lightningcss-win32-arm64-msvc Completed in 32ms
2004 timing reifyNode:node_modules/lightningcss-linux-x64-musl Completed in 32ms
2005 timing reifyNode:node_modules/lightningcss-linux-x64-gnu Completed in 32ms
2006 timing reifyNode:node_modules/lightningcss-linux-arm64-musl Completed in 32ms
2007 timing reifyNode:node_modules/lightningcss-linux-arm64-gnu Completed in 32ms
2008 timing reifyNode:node_modules/lightningcss-linux-arm-gnueabihf Completed in 32ms
2009 timing reifyNode:node_modules/lightningcss-freebsd-x64 Completed in 32ms
2010 timing reifyNode:node_modules/lightningcss-darwin-x64 Completed in 32ms
2011 timing reifyNode:node_modules/lightningcss-android-arm64 Completed in 32ms
2012 timing reifyNode:node_modules/@tailwindcss/oxide-win32-x64-msvc Completed in 23ms
2013 timing reifyNode:node_modules/@tailwindcss/oxide-win32-arm64-msvc Completed in 23ms
2014 timing reifyNode:node_modules/@tailwindcss/oxide-linux-x64-musl Completed in 23ms
2015 timing reifyNode:node_modules/@tailwindcss/oxide-linux-x64-gnu Completed in 23ms
2016 timing reifyNode:node_modules/@tailwindcss/oxide-linux-arm64-musl Completed in 23ms
2017 timing reifyNode:node_modules/@tailwindcss/oxide-linux-arm64-gnu Completed in 23ms
2018 timing reifyNode:node_modules/@tailwindcss/oxide-linux-arm-gnueabihf Completed in 23ms
2019 timing reifyNode:node_modules/@tailwindcss/oxide-freebsd-x64 Completed in 23ms
2020 timing reifyNode:node_modules/@tailwindcss/oxide-darwin-x64 Completed in 23ms
2021 timing reifyNode:node_modules/@tailwindcss/oxide-android-arm64 Completed in 24ms
2022 silly tarball no local data for is-weakmap@https://registry.npmjs.org/is-weakmap/-/is-weakmap-2.0.2.tgz. Extracting by manifest.
2023 silly tarball no local data for is-map@https://registry.npmjs.org/is-map/-/is-map-2.0.3.tgz. Extracting by manifest.
2024 silly tarball no local data for is-weakset@https://registry.npmjs.org/is-weakset/-/is-weakset-2.0.4.tgz. Extracting by manifest.
2025 silly tarball no local data for generator-function@https://registry.npmjs.org/generator-function/-/generator-function-2.0.1.tgz. Extracting by manifest.
2026 silly tarball no local data for which-collection@https://registry.npmjs.org/which-collection/-/which-collection-1.0.2.tgz. Extracting by manifest.
2027 silly tarball no local data for is-generator-function@https://registry.npmjs.org/is-generator-function/-/is-generator-function-1.1.2.tgz. Extracting by manifest.
2028 silly tarball no local data for async-function@https://registry.npmjs.org/async-function/-/async-function-1.0.0.tgz. Extracting by manifest.
2029 silly tarball no local data for is-async-function@https://registry.npmjs.org/is-async-function/-/is-async-function-2.1.1.tgz. Extracting by manifest.
2030 silly tarball no local data for is-boolean-object@https://registry.npmjs.org/is-boolean-object/-/is-boolean-object-1.2.2.tgz. Extracting by manifest.
2031 silly tarball no local data for is-number-object@https://registry.npmjs.org/is-number-object/-/is-number-object-1.1.1.tgz. Extracting by manifest.
2032 silly tarball no local data for is-bigint@https://registry.npmjs.org/is-bigint/-/is-bigint-1.1.0.tgz. Extracting by manifest.
2033 silly tarball no local data for isexe@https://registry.npmjs.org/isexe/-/isexe-2.0.0.tgz. Extracting by manifest.
2034 silly tarball no local data for punycode@https://registry.npmjs.org/punycode/-/punycode-2.3.1.tgz. Extracting by manifest.
2035 silly tarball no local data for escalade@https://registry.npmjs.org/escalade/-/escalade-3.2.0.tgz. Extracting by manifest.
2036 silly tarball no local data for @emnapi/wasi-threads@https://registry.npmjs.org/@emnapi/wasi-threads/-/wasi-threads-1.1.0.tgz. Extracting by manifest.
2037 silly tarball no local data for @emnapi/core@https://registry.npmjs.org/@emnapi/core/-/core-1.8.1.tgz. Extracting by manifest.
2038 silly tarball no local data for @unrs/resolver-binding-darwin-arm64@https://registry.npmjs.org/@unrs/resolver-binding-darwin-arm64/-/resolver-binding-darwin-arm64-1.11.1.tgz. Extracting by manifest.
2039 silly tarball no local data for @napi-rs/wasm-runtime@https://registry.npmjs.org/@napi-rs/wasm-runtime/-/wasm-runtime-0.2.12.tgz. Extracting by manifest.
2040 silly tarball no local data for which-boxed-primitive@https://registry.npmjs.org/which-boxed-primitive/-/which-boxed-primitive-1.1.1.tgz. Extracting by manifest.
2041 silly tarball no local data for @tybys/wasm-util@https://registry.npmjs.org/@tybys/wasm-util/-/wasm-util-0.10.1.tgz. Extracting by manifest.
2042 silly tarball no local data for has-bigints@https://registry.npmjs.org/has-bigints/-/has-bigints-1.1.0.tgz. Extracting by manifest.
2043 silly tarball no local data for @typescript-eslint/tsconfig-utils@https://registry.npmjs.org/@typescript-eslint/tsconfig-utils/-/tsconfig-utils-8.53.1.tgz. Extracting by manifest.
2044 silly tarball no local data for ts-api-utils@https://registry.npmjs.org/ts-api-utils/-/ts-api-utils-2.4.0.tgz. Extracting by manifest.
2045 silly tarball no local data for @typescript-eslint/visitor-keys@https://registry.npmjs.org/@typescript-eslint/visitor-keys/-/visitor-keys-8.53.1.tgz. Extracting by manifest.
2046 silly tarball no local data for @typescript-eslint/type-utils@https://registry.npmjs.org/@typescript-eslint/type-utils/-/type-utils-8.53.1.tgz. Extracting by manifest.
2047 silly tarball no local data for @typescript-eslint/scope-manager@https://registry.npmjs.org/@typescript-eslint/scope-manager/-/scope-manager-8.53.1.tgz. Extracting by manifest.
2048 silly tarball no local data for @typescript-eslint/utils@https://registry.npmjs.org/@typescript-eslint/utils/-/utils-8.53.1.tgz. Extracting by manifest.
2049 silly tarball no local data for @typescript-eslint/typescript-estree@https://registry.npmjs.org/@typescript-eslint/typescript-estree/-/typescript-estree-8.53.1.tgz. Extracting by manifest.
2050 silly tarball no local data for napi-postinstall@https://registry.npmjs.org/napi-postinstall/-/napi-postinstall-0.3.4.tgz. Extracting by manifest.
2051 silly tarball no local data for @typescript-eslint/types@https://registry.npmjs.org/@typescript-eslint/types/-/types-8.53.1.tgz. Extracting by manifest.
2052 silly tarball no local data for @typescript-eslint/project-service@https://registry.npmjs.org/@typescript-eslint/project-service/-/project-service-8.53.1.tgz. Extracting by manifest.
2053 silly tarball no local data for @typescript-eslint/parser@https://registry.npmjs.org/@typescript-eslint/parser/-/parser-8.53.1.tgz. Extracting by manifest.
2054 silly tarball no local data for is-finalizationregistry@https://registry.npmjs.org/is-finalizationregistry/-/is-finalizationregistry-1.1.1.tgz. Extracting by manifest.
2055 silly tarball no local data for @typescript-eslint/eslint-plugin@https://registry.npmjs.org/@typescript-eslint/eslint-plugin/-/eslint-plugin-8.53.1.tgz. Extracting by manifest.
2056 silly tarball no local data for for-each@https://registry.npmjs.org/for-each/-/for-each-0.3.5.tgz. Extracting by manifest.
2057 silly tarball no local data for is-number@https://registry.npmjs.org/is-number/-/is-number-7.0.0.tgz. Extracting by manifest.
2058 silly tarball no local data for minimist@https://registry.npmjs.org/minimist/-/minimist-1.2.8.tgz. Extracting by manifest.
2059 silly tarball no local data for which-builtin-type@https://registry.npmjs.org/which-builtin-type/-/which-builtin-type-1.2.1.tgz. Extracting by manifest.
2060 silly tarball no local data for reflect.getprototypeof@https://registry.npmjs.org/reflect.getprototypeof/-/reflect.getprototypeof-1.0.10.tgz. Extracting by manifest.
2061 silly tarball no local data for @types/json5@https://registry.npmjs.org/@types/json5/-/json5-0.0.29.tgz. Extracting by manifest.
2062 silly tarball no local data for side-channel-map@https://registry.npmjs.org/side-channel-map/-/side-channel-map-1.0.1.tgz. Extracting by manifest.
2063 silly tarball no local data for side-channel-list@https://registry.npmjs.org/side-channel-list/-/side-channel-list-1.0.0.tgz. Extracting by manifest.
2064 silly tarball no local data for has-flag@https://registry.npmjs.org/has-flag/-/has-flag-4.0.0.tgz. Extracting by manifest.
2065 silly tarball no local data for @emnapi/runtime@https://registry.npmjs.org/@emnapi/runtime/-/runtime-1.8.1.tgz. Extracting by manifest.
2066 silly tarball no local data for shebang-regex@https://registry.npmjs.org/shebang-regex/-/shebang-regex-3.0.0.tgz. Extracting by manifest.
2067 silly tarball no local data for side-channel-weakmap@https://registry.npmjs.org/side-channel-weakmap/-/side-channel-weakmap-1.0.2.tgz. Extracting by manifest.
2068 silly tarball no local data for strip-bom@https://registry.npmjs.org/strip-bom/-/strip-bom-3.0.0.tgz. Extracting by manifest.
2069 silly tarball no local data for @img/sharp-libvips-darwin-arm64@https://registry.npmjs.org/@img/sharp-libvips-darwin-arm64/-/sharp-libvips-darwin-arm64-1.2.4.tgz. Extracting by manifest.
2070 silly tarball no local data for @img/sharp-darwin-arm64@https://registry.npmjs.org/@img/sharp-darwin-arm64/-/sharp-darwin-arm64-0.34.5.tgz. Extracting by manifest.
2071 silly tarball no local data for isarray@https://registry.npmjs.org/isarray/-/isarray-2.0.5.tgz. Extracting by manifest.
2072 silly tarball no local data for path-parse@https://registry.npmjs.org/path-parse/-/path-parse-1.0.7.tgz. Extracting by manifest.
2073 silly tarball no local data for scheduler@https://registry.npmjs.org/scheduler/-/scheduler-0.27.0.tgz. Extracting by manifest.
2074 silly tarball no local data for react-is@https://registry.npmjs.org/react-is/-/react-is-16.13.1.tgz. Extracting by manifest.
2075 silly tarball no local data for queue-microtask@https://registry.npmjs.org/queue-microtask/-/queue-microtask-1.2.3.tgz. Extracting by manifest.
2076 silly tarball no local data for supports-preserve-symlinks-flag@https://registry.npmjs.org/supports-preserve-symlinks-flag/-/supports-preserve-symlinks-flag-1.0.0.tgz. Extracting by manifest.
2077 silly tarball no local data for loose-envify@https://registry.npmjs.org/loose-envify/-/loose-envify-1.4.0.tgz. Extracting by manifest.
2078 silly tarball no local data for object-assign@https://registry.npmjs.org/object-assign/-/object-assign-4.1.1.tgz. Extracting by manifest.
2079 silly tarball no local data for @img/colour@https://registry.npmjs.org/@img/colour/-/colour-1.0.0.tgz. Extracting by manifest.
2080 silly tarball no local data for yocto-queue@https://registry.npmjs.org/yocto-queue/-/yocto-queue-0.1.0.tgz. Extracting by manifest.
2081 silly tarball no local data for p-limit@https://registry.npmjs.org/p-limit/-/p-limit-3.1.0.tgz. Extracting by manifest.
2082 silly tarball no local data for nanoid@https://registry.npmjs.org/nanoid/-/nanoid-3.3.11.tgz. Extracting by manifest.
2083 silly tarball no local data for deep-is@https://registry.npmjs.org/deep-is/-/deep-is-0.1.4.tgz. Extracting by manifest.
2084 silly tarball no local data for fast-levenshtein@https://registry.npmjs.org/fast-levenshtein/-/fast-levenshtein-2.0.6.tgz. Extracting by manifest.
2085 silly tarball no local data for styled-jsx@https://registry.npmjs.org/styled-jsx/-/styled-jsx-5.1.6.tgz. Extracting by manifest.
2086 silly tarball no local data for word-wrap@https://registry.npmjs.org/word-wrap/-/word-wrap-1.2.5.tgz. Extracting by manifest.
2087 silly tarball no local data for sharp@https://registry.npmjs.org/sharp/-/sharp-0.34.5.tgz. Extracting by manifest.
2088 silly tarball no local data for @swc/helpers@https://registry.npmjs.org/@swc/helpers/-/helpers-0.5.15.tgz. Extracting by manifest.
2089 silly tarball no local data for concat-map@https://registry.npmjs.org/concat-map/-/concat-map-0.0.1.tgz. Extracting by manifest.
2090 silly tarball no local data for @next/swc-darwin-arm64@https://registry.npmjs.org/@next/swc-darwin-arm64/-/swc-darwin-arm64-16.1.3.tgz. Extracting by manifest.
2091 silly tarball no local data for callsites@https://registry.npmjs.org/callsites/-/callsites-3.1.0.tgz. Extracting by manifest.
2092 silly tarball no local data for balanced-match@https://registry.npmjs.org/balanced-match/-/balanced-match-1.0.2.tgz. Extracting by manifest.
2093 silly tarball no local data for client-only@https://registry.npmjs.org/client-only/-/client-only-0.0.1.tgz. Extracting by manifest.
2094 silly tarball no local data for @next/env@https://registry.npmjs.org/@next/env/-/env-16.1.3.tgz. Extracting by manifest.
2095 silly tarball no local data for tslib@https://registry.npmjs.org/tslib/-/tslib-2.8.1.tgz. Extracting by manifest.
2096 silly tarball no local data for picomatch@https://registry.npmjs.org/picomatch/-/picomatch-2.3.1.tgz. Extracting by manifest.
2097 silly tarball no local data for brace-expansion@https://registry.npmjs.org/brace-expansion/-/brace-expansion-1.1.12.tgz. Extracting by manifest.
2098 silly tarball no local data for to-regex-range@https://registry.npmjs.org/to-regex-range/-/to-regex-range-5.0.1.tgz. Extracting by manifest.
2099 silly tarball no local data for braces@https://registry.npmjs.org/braces/-/braces-3.0.3.tgz. Extracting by manifest.
2100 silly tarball no local data for lightningcss-darwin-arm64@https://registry.npmjs.org/lightningcss-darwin-arm64/-/lightningcss-darwin-arm64-1.30.2.tgz. Extracting by manifest.
2101 silly tarball no local data for p-locate@https://registry.npmjs.org/p-locate/-/p-locate-5.0.0.tgz. Extracting by manifest.
2102 silly tarball no local data for detect-libc@https://registry.npmjs.org/detect-libc/-/detect-libc-2.1.2.tgz. Extracting by manifest.
2103 silly tarball no local data for yallist@https://registry.npmjs.org/yallist/-/yallist-3.1.1.tgz. Extracting by manifest.
2104 silly tarball no local data for language-subtag-registry@https://registry.npmjs.org/language-subtag-registry/-/language-subtag-registry-0.3.23.tgz. Extracting by manifest.
2105 silly tarball no local data for type-check@https://registry.npmjs.org/type-check/-/type-check-0.4.0.tgz. Extracting by manifest.
2106 silly tarball no local data for json-buffer@https://registry.npmjs.org/json-buffer/-/json-buffer-3.0.1.tgz. Extracting by manifest.
2107 silly tarball no local data for is-extglob@https://registry.npmjs.org/is-extglob/-/is-extglob-2.1.1.tgz. Extracting by manifest.
2108 silly tarball no local data for side-channel@https://registry.npmjs.org/side-channel/-/side-channel-1.1.0.tgz. Extracting by manifest.
2109 silly tarball no local data for argparse@https://registry.npmjs.org/argparse/-/argparse-2.0.1.tgz. Extracting by manifest.
2110 silly tarball no local data for prelude-ls@https://registry.npmjs.org/prelude-ls/-/prelude-ls-1.2.1.tgz. Extracting by manifest.
2111 silly tarball no local data for parent-module@https://registry.npmjs.org/parent-module/-/parent-module-1.0.1.tgz. Extracting by manifest.
2112 silly tarball no local data for resolve-from@https://registry.npmjs.org/resolve-from/-/resolve-from-4.0.0.tgz. Extracting by manifest.
2113 silly tarball no local data for resolve-pkg-maps@https://registry.npmjs.org/resolve-pkg-maps/-/resolve-pkg-maps-1.0.0.tgz. Extracting by manifest.
2114 silly tarball no local data for dunder-proto@https://registry.npmjs.org/dunder-proto/-/dunder-proto-1.0.1.tgz. Extracting by manifest.
2115 silly tarball no local data for functions-have-names@https://registry.npmjs.org/functions-have-names/-/functions-have-names-1.2.3.tgz. Extracting by manifest.
2116 silly tarball no local data for flatted@https://registry.npmjs.org/flatted/-/flatted-3.3.3.tgz. Extracting by manifest.
2117 silly tarball no local data for path-exists@https://registry.npmjs.org/path-exists/-/path-exists-4.0.0.tgz. Extracting by manifest.
2118 silly tarball no local data for set-function-name@https://registry.npmjs.org/set-function-name/-/set-function-name-2.0.2.tgz. Extracting by manifest.
2119 silly tarball no local data for flat-cache@https://registry.npmjs.org/flat-cache/-/flat-cache-4.0.1.tgz. Extracting by manifest.
2120 silly tarball no local data for reusify@https://registry.npmjs.org/reusify/-/reusify-1.1.0.tgz. Extracting by manifest.
2121 silly tarball no local data for run-parallel@https://registry.npmjs.org/run-parallel/-/run-parallel-1.2.0.tgz. Extracting by manifest.
2122 silly tarball no local data for keyv@https://registry.npmjs.org/keyv/-/keyv-4.5.4.tgz. Extracting by manifest.
2123 silly tarball no local data for fastq@https://registry.npmjs.org/fastq/-/fastq-1.20.1.tgz. Extracting by manifest.
2124 silly tarball no local data for locate-path@https://registry.npmjs.org/locate-path/-/locate-path-6.0.0.tgz. Extracting by manifest.
2125 silly tarball no local data for hermes-estree@https://registry.npmjs.org/hermes-estree/-/hermes-estree-0.25.1.tgz. Extracting by manifest.
2126 silly tarball no local data for merge2@https://registry.npmjs.org/merge2/-/merge2-1.4.1.tgz. Extracting by manifest.
2127 silly tarball no local data for @nodelib/fs.walk@https://registry.npmjs.org/@nodelib/fs.walk/-/fs.walk-1.2.8.tgz. Extracting by manifest.
2128 silly tarball no local data for @nodelib/fs.scandir@https://registry.npmjs.org/@nodelib/fs.scandir/-/fs.scandir-2.1.5.tgz. Extracting by manifest.
2129 silly tarball no local data for acorn@https://registry.npmjs.org/acorn/-/acorn-8.15.0.tgz. Extracting by manifest.
2130 silly tarball no local data for micromatch@https://registry.npmjs.org/micromatch/-/micromatch-4.0.8.tgz. Extracting by manifest.
2131 silly tarball no local data for esrecurse@https://registry.npmjs.org/esrecurse/-/esrecurse-4.3.0.tgz. Extracting by manifest.
2132 silly tarball no local data for electron-to-chromium@https://registry.npmjs.org/electron-to-chromium/-/electron-to-chromium-1.5.267.tgz. Extracting by manifest.
2133 silly tarball no local data for @nodelib/fs.stat@https://registry.npmjs.org/@nodelib/fs.stat/-/fs.stat-2.0.5.tgz. Extracting by manifest.
2134 silly tarball no local data for caniuse-lite@https://registry.npmjs.org/caniuse-lite/-/caniuse-lite-1.0.30001765.tgz. Extracting by manifest.
2135 silly tarball no local data for acorn-jsx@https://registry.npmjs.org/acorn-jsx/-/acorn-jsx-5.3.2.tgz. Extracting by manifest.
2136 silly tarball no local data for node-releases@https://registry.npmjs.org/node-releases/-/node-releases-2.0.27.tgz. Extracting by manifest.
2137 silly tarball no local data for @babel/helper-globals@https://registry.npmjs.org/@babel/helper-globals/-/helper-globals-7.28.0.tgz. Extracting by manifest.
2138 silly tarball no local data for update-browserslist-db@https://registry.npmjs.org/update-browserslist-db/-/update-browserslist-db-1.2.3.tgz. Extracting by manifest.
2139 silly tarball no local data for baseline-browser-mapping@https://registry.npmjs.org/baseline-browser-mapping/-/baseline-browser-mapping-2.9.15.tgz. Extracting by manifest.
2140 silly tarball no local data for lru-cache@https://registry.npmjs.org/lru-cache/-/lru-cache-5.1.1.tgz. Extracting by manifest.
2141 silly tarball no local data for @babel/helper-validator-option@https://registry.npmjs.org/@babel/helper-validator-option/-/helper-validator-option-7.27.1.tgz. Extracting by manifest.
2142 silly tarball no local data for browserslist@https://registry.npmjs.org/browserslist/-/browserslist-4.28.1.tgz. Extracting by manifest.
2143 silly tarball no local data for @babel/compat-data@https://registry.npmjs.org/@babel/compat-data/-/compat-data-7.28.6.tgz. Extracting by manifest.
2144 silly tarball no local data for @babel/helper-string-parser@https://registry.npmjs.org/@babel/helper-string-parser/-/helper-string-parser-7.27.1.tgz. Extracting by manifest.
2145 silly tarball no local data for fill-range@https://registry.npmjs.org/fill-range/-/fill-range-7.1.1.tgz. Extracting by manifest.
2146 silly tarball no local data for @babel/helper-module-imports@https://registry.npmjs.org/@babel/helper-module-imports/-/helper-module-imports-7.28.6.tgz. Extracting by manifest.
2147 silly tarball no local data for jsesc@https://registry.npmjs.org/jsesc/-/jsesc-3.1.0.tgz. Extracting by manifest.
2148 silly tarball no local data for js-tokens@https://registry.npmjs.org/js-tokens/-/js-tokens-4.0.0.tgz. Extracting by manifest.
2149 silly tarball no local data for gensync@https://registry.npmjs.org/gensync/-/gensync-1.0.0-beta.2.tgz. Extracting by manifest.
2150 silly tarball no local data for json5@https://registry.npmjs.org/json5/-/json5-2.2.3.tgz. Extracting by manifest.
2151 silly tarball no local data for convert-source-map@https://registry.npmjs.org/convert-source-map/-/convert-source-map-2.0.0.tgz. Extracting by manifest.
2152 silly tarball no local data for @babel/helper-validator-identifier@https://registry.npmjs.org/@babel/helper-validator-identifier/-/helper-validator-identifier-7.28.5.tgz. Extracting by manifest.
2153 silly tarball no local data for @babel/types@https://registry.npmjs.org/@babel/types/-/types-7.28.6.tgz. Extracting by manifest.
2154 silly tarball no local data for picocolors@https://registry.npmjs.org/picocolors/-/picocolors-1.1.1.tgz. Extracting by manifest.
2155 silly tarball no local data for @babel/template@https://registry.npmjs.org/@babel/template/-/template-7.28.6.tgz. Extracting by manifest.
2156 silly tarball no local data for @babel/traverse@https://registry.npmjs.org/@babel/traverse/-/traverse-7.28.6.tgz. Extracting by manifest.
2157 silly tarball no local data for @babel/generator@https://registry.npmjs.org/@babel/generator/-/generator-7.28.6.tgz. Extracting by manifest.
2158 silly tarball no local data for @babel/helpers@https://registry.npmjs.org/@babel/helpers/-/helpers-7.28.6.tgz. Extracting by manifest.
2159 silly tarball no local data for @babel/code-frame@https://registry.npmjs.org/@babel/code-frame/-/code-frame-7.28.6.tgz. Extracting by manifest.
2160 silly tarball no local data for zod-validation-error@https://registry.npmjs.org/zod-validation-error/-/zod-validation-error-4.0.2.tgz. Extracting by manifest.
2161 silly tarball no local data for hermes-parser@https://registry.npmjs.org/hermes-parser/-/hermes-parser-0.25.1.tgz. Extracting by manifest.
2162 silly tarball no local data for @babel/core@https://registry.npmjs.org/@babel/core/-/core-7.28.6.tgz. Extracting by manifest.
2163 silly tarball no local data for @babel/helper-module-transforms@https://registry.npmjs.org/@babel/helper-module-transforms/-/helper-module-transforms-7.28.6.tgz. Extracting by manifest.
2164 silly tarball no local data for zod@https://registry.npmjs.org/zod/-/zod-4.3.5.tgz. Extracting by manifest.
2165 silly tarball no local data for @babel/helper-compilation-targets@https://registry.npmjs.org/@babel/helper-compilation-targets/-/helper-compilation-targets-7.28.6.tgz. Extracting by manifest.
2166 silly tarball no local data for @babel/parser@https://registry.npmjs.org/@babel/parser/-/parser-7.28.6.tgz. Extracting by manifest.
2167 silly tarball no local data for string.prototype.matchall@https://registry.npmjs.org/string.prototype.matchall/-/string.prototype.matchall-4.0.12.tgz. Extracting by manifest.
2168 silly tarball no local data for object.entries@https://registry.npmjs.org/object.entries/-/object.entries-1.1.9.tgz. Extracting by manifest.
2169 silly tarball no local data for prop-types@https://registry.npmjs.org/prop-types/-/prop-types-15.8.1.tgz. Extracting by manifest.
2170 silly tarball no local data for es-iterator-helpers@https://registry.npmjs.org/es-iterator-helpers/-/es-iterator-helpers-1.2.2.tgz. Extracting by manifest.
2171 silly tarball no local data for array.prototype.tosorted@https://registry.npmjs.org/array.prototype.tosorted/-/array.prototype.tosorted-1.1.4.tgz. Extracting by manifest.
2172 silly tarball no local data for string.prototype.includes@https://registry.npmjs.org/string.prototype.includes/-/string.prototype.includes-2.0.1.tgz. Extracting by manifest.
2173 silly tarball no local data for estraverse@https://registry.npmjs.org/estraverse/-/estraverse-5.3.0.tgz. Extracting by manifest.
2174 silly tarball no local data for jsx-ast-utils@https://registry.npmjs.org/jsx-ast-utils/-/jsx-ast-utils-3.3.5.tgz. Extracting by manifest.
2175 silly tarball no local data for language-tags@https://registry.npmjs.org/language-tags/-/language-tags-1.0.9.tgz. Extracting by manifest.
2176 silly tarball no local data for damerau-levenshtein@https://registry.npmjs.org/damerau-levenshtein/-/damerau-levenshtein-1.0.8.tgz. Extracting by manifest.
2177 silly tarball no local data for array.prototype.findlast@https://registry.npmjs.org/array.prototype.findlast/-/array.prototype.findlast-1.2.5.tgz. Extracting by manifest.
2178 silly tarball no local data for axobject-query@https://registry.npmjs.org/axobject-query/-/axobject-query-4.1.0.tgz. Extracting by manifest.
2179 silly tarball no local data for axe-core@https://registry.npmjs.org/axe-core/-/axe-core-4.11.1.tgz. Extracting by manifest.
2180 silly tarball no local data for emoji-regex@https://registry.npmjs.org/emoji-regex/-/emoji-regex-9.2.2.tgz. Extracting by manifest.
2181 silly tarball no local data for aria-query@https://registry.npmjs.org/aria-query/-/aria-query-5.3.2.tgz. Extracting by manifest.
2182 silly tarball no local data for ast-types-flow@https://registry.npmjs.org/ast-types-flow/-/ast-types-flow-0.0.8.tgz. Extracting by manifest.
2183 silly tarball no local data for is-symbol@https://registry.npmjs.org/is-symbol/-/is-symbol-1.1.1.tgz. Extracting by manifest.
2184 silly tarball no local data for has-tostringtag@https://registry.npmjs.org/has-tostringtag/-/has-tostringtag-1.0.2.tgz. Extracting by manifest.
2185 silly tarball no local data for which-typed-array@https://registry.npmjs.org/which-typed-array/-/which-typed-array-1.1.20.tgz. Extracting by manifest.
2186 silly tarball no local data for unbox-primitive@https://registry.npmjs.org/unbox-primitive/-/unbox-primitive-1.1.0.tgz. Extracting by manifest.
2187 silly tarball no local data for typed-array-length@https://registry.npmjs.org/typed-array-length/-/typed-array-length-1.0.7.tgz. Extracting by manifest.
2188 silly tarball no local data for possible-typed-array-names@https://registry.npmjs.org/possible-typed-array-names/-/possible-typed-array-names-1.1.0.tgz. Extracting by manifest.
2189 silly tarball no local data for typed-array-byte-offset@https://registry.npmjs.org/typed-array-byte-offset/-/typed-array-byte-offset-1.0.4.tgz. Extracting by manifest.
2190 silly tarball no local data for typed-array-byte-length@https://registry.npmjs.org/typed-array-byte-length/-/typed-array-byte-length-1.0.3.tgz. Extracting by manifest.
2191 silly tarball no local data for typed-array-buffer@https://registry.npmjs.org/typed-array-buffer/-/typed-array-buffer-1.0.3.tgz. Extracting by manifest.
2192 silly tarball no local data for string.prototype.repeat@https://registry.npmjs.org/string.prototype.repeat/-/string.prototype.repeat-1.0.0.tgz. Extracting by manifest.
2193 silly tarball no local data for stop-iteration-iterator@https://registry.npmjs.org/stop-iteration-iterator/-/stop-iteration-iterator-1.1.0.tgz. Extracting by manifest.
2194 silly tarball no local data for string.prototype.trimstart@https://registry.npmjs.org/string.prototype.trimstart/-/string.prototype.trimstart-1.0.8.tgz. Extracting by manifest.
2195 silly tarball no local data for set-proto@https://registry.npmjs.org/set-proto/-/set-proto-1.0.0.tgz. Extracting by manifest.
2196 silly tarball no local data for safe-push-apply@https://registry.npmjs.org/safe-push-apply/-/safe-push-apply-1.0.0.tgz. Extracting by manifest.
2197 silly tarball no local data for safe-regex-test@https://registry.npmjs.org/safe-regex-test/-/safe-regex-test-1.1.0.tgz. Extracting by manifest.
2198 silly tarball no local data for regexp.prototype.flags@https://registry.npmjs.org/regexp.prototype.flags/-/regexp.prototype.flags-1.5.4.tgz. Extracting by manifest.
2199 silly tarball no local data for own-keys@https://registry.npmjs.org/own-keys/-/own-keys-1.0.1.tgz. Extracting by manifest.
2200 silly tarball no local data for safe-array-concat@https://registry.npmjs.org/safe-array-concat/-/safe-array-concat-1.1.3.tgz. Extracting by manifest.
2201 silly tarball no local data for string.prototype.trim@https://registry.npmjs.org/string.prototype.trim/-/string.prototype.trim-1.2.10.tgz. Extracting by manifest.
2202 silly tarball no local data for object-inspect@https://registry.npmjs.org/object-inspect/-/object-inspect-1.13.4.tgz. Extracting by manifest.
2203 silly tarball no local data for iterator.prototype@https://registry.npmjs.org/iterator.prototype/-/iterator.prototype-1.1.5.tgz. Extracting by manifest.
2204 silly tarball no local data for object.assign@https://registry.npmjs.org/object.assign/-/object.assign-4.1.7.tgz. Extracting by manifest.
2205 silly tarball no local data for is-weakref@https://registry.npmjs.org/is-weakref/-/is-weakref-1.1.1.tgz. Extracting by manifest.
2206 silly tarball no local data for is-shared-array-buffer@https://registry.npmjs.org/is-shared-array-buffer/-/is-shared-array-buffer-1.0.4.tgz. Extracting by manifest.
2207 silly tarball no local data for is-set@https://registry.npmjs.org/is-set/-/is-set-2.0.3.tgz. Extracting by manifest.
2208 silly tarball no local data for is-callable@https://registry.npmjs.org/is-callable/-/is-callable-1.2.7.tgz. Extracting by manifest.
2209 silly tarball no local data for is-regex@https://registry.npmjs.org/is-regex/-/is-regex-1.2.1.tgz. Extracting by manifest.
2210 silly tarball no local data for is-data-view@https://registry.npmjs.org/is-data-view/-/is-data-view-1.0.2.tgz. Extracting by manifest.
2211 silly tarball no local data for is-negative-zero@https://registry.npmjs.org/is-negative-zero/-/is-negative-zero-2.0.3.tgz. Extracting by manifest.
2212 silly tarball no local data for is-array-buffer@https://registry.npmjs.org/is-array-buffer/-/is-array-buffer-3.0.5.tgz. Extracting by manifest.
2213 silly tarball no local data for internal-slot@https://registry.npmjs.org/internal-slot/-/internal-slot-1.1.0.tgz. Extracting by manifest.
2214 silly tarball no local data for has-symbols@https://registry.npmjs.org/has-symbols/-/has-symbols-1.1.0.tgz. Extracting by manifest.
2215 silly tarball no local data for has-proto@https://registry.npmjs.org/has-proto/-/has-proto-1.2.0.tgz. Extracting by manifest.
2216 silly tarball no local data for globalthis@https://registry.npmjs.org/globalthis/-/globalthis-1.0.4.tgz. Extracting by manifest.
2217 silly tarball no local data for get-symbol-description@https://registry.npmjs.org/get-symbol-description/-/get-symbol-description-1.1.0.tgz. Extracting by manifest.
2218 silly tarball no local data for get-proto@https://registry.npmjs.org/get-proto/-/get-proto-1.0.1.tgz. Extracting by manifest.
2219 silly tarball no local data for es-to-primitive@https://registry.npmjs.org/es-to-primitive/-/es-to-primitive-1.3.0.tgz. Extracting by manifest.
2220 silly tarball no local data for function.prototype.name@https://registry.npmjs.org/function.prototype.name/-/function.prototype.name-1.1.8.tgz. Extracting by manifest.
2221 silly tarball no local data for es-set-tostringtag@https://registry.npmjs.org/es-set-tostringtag/-/es-set-tostringtag-2.1.0.tgz. Extracting by manifest.
2222 silly tarball no local data for is-typed-array@https://registry.npmjs.org/is-typed-array/-/is-typed-array-1.1.15.tgz. Extracting by manifest.
2223 silly tarball no local data for data-view-byte-length@https://registry.npmjs.org/data-view-byte-length/-/data-view-byte-length-1.0.2.tgz. Extracting by manifest.
2224 silly tarball no local data for data-view-buffer@https://registry.npmjs.org/data-view-buffer/-/data-view-buffer-1.0.2.tgz. Extracting by manifest.
2225 silly tarball no local data for arraybuffer.prototype.slice@https://registry.npmjs.org/arraybuffer.prototype.slice/-/arraybuffer.prototype.slice-1.0.4.tgz. Extracting by manifest.
2226 silly tarball no local data for data-view-byte-offset@https://registry.npmjs.org/data-view-byte-offset/-/data-view-byte-offset-1.0.1.tgz. Extracting by manifest.
2227 silly tarball no local data for array-buffer-byte-length@https://registry.npmjs.org/array-buffer-byte-length/-/array-buffer-byte-length-1.0.2.tgz. Extracting by manifest.
2228 silly tarball no local data for gopd@https://registry.npmjs.org/gopd/-/gopd-1.2.0.tgz. Extracting by manifest.
2229 silly tarball no local data for object-keys@https://registry.npmjs.org/object-keys/-/object-keys-1.1.1.tgz. Extracting by manifest.
2230 silly tarball no local data for has-property-descriptors@https://registry.npmjs.org/has-property-descriptors/-/has-property-descriptors-1.0.2.tgz. Extracting by manifest.
2231 silly tarball no local data for define-data-property@https://registry.npmjs.org/define-data-property/-/define-data-property-1.1.4.tgz. Extracting by manifest.
2232 silly tarball no local data for function-bind@https://registry.npmjs.org/function-bind/-/function-bind-1.1.2.tgz. Extracting by manifest.
2233 silly tarball no local data for es-shim-unscopables@https://registry.npmjs.org/es-shim-unscopables/-/es-shim-unscopables-1.1.0.tgz. Extracting by manifest.
2234 silly tarball no local data for set-function-length@https://registry.npmjs.org/set-function-length/-/set-function-length-1.2.2.tgz. Extracting by manifest.
2235 silly tarball no local data for es-define-property@https://registry.npmjs.org/es-define-property/-/es-define-property-1.0.1.tgz. Extracting by manifest.
2236 silly tarball no local data for available-typed-arrays@https://registry.npmjs.org/available-typed-arrays/-/available-typed-arrays-1.0.7.tgz. Extracting by manifest.
2237 silly tarball no local data for es-errors@https://registry.npmjs.org/es-errors/-/es-errors-1.3.0.tgz. Extracting by manifest.
2238 silly tarball no local data for is-string@https://registry.npmjs.org/is-string/-/is-string-1.1.1.tgz. Extracting by manifest.
2239 silly tarball no local data for math-intrinsics@https://registry.npmjs.org/math-intrinsics/-/math-intrinsics-1.1.0.tgz. Extracting by manifest.
2240 silly tarball no local data for call-bind-apply-helpers@https://registry.npmjs.org/call-bind-apply-helpers/-/call-bind-apply-helpers-1.0.2.tgz. Extracting by manifest.
2241 silly tarball no local data for get-intrinsic@https://registry.npmjs.org/get-intrinsic/-/get-intrinsic-1.3.0.tgz. Extracting by manifest.
2242 silly tarball no local data for es-object-atoms@https://registry.npmjs.org/es-object-atoms/-/es-object-atoms-1.1.1.tgz. Extracting by manifest.
2243 silly tarball no local data for es-abstract@https://registry.npmjs.org/es-abstract/-/es-abstract-1.24.1.tgz. Extracting by manifest.
2244 silly tarball no local data for call-bound@https://registry.npmjs.org/call-bound/-/call-bound-1.0.4.tgz. Extracting by manifest.
2245 silly tarball no local data for is-date-object@https://registry.npmjs.org/is-date-object/-/is-date-object-1.1.0.tgz. Extracting by manifest.
2246 silly tarball no local data for call-bind@https://registry.npmjs.org/call-bind/-/call-bind-1.0.8.tgz. Extracting by manifest.
2247 silly tarball no local data for string.prototype.trimend@https://registry.npmjs.org/string.prototype.trimend/-/string.prototype.trimend-1.0.9.tgz. Extracting by manifest.
2248 silly tarball no local data for tsconfig-paths@https://registry.npmjs.org/tsconfig-paths/-/tsconfig-paths-3.15.0.tgz. Extracting by manifest.
2249 silly tarball no local data for semver@https://registry.npmjs.org/semver/-/semver-6.3.1.tgz. Extracting by manifest.
2250 silly tarball no local data for object.values@https://registry.npmjs.org/object.values/-/object.values-1.2.1.tgz. Extracting by manifest.
2251 silly tarball no local data for object.groupby@https://registry.npmjs.org/object.groupby/-/object.groupby-1.0.3.tgz. Extracting by manifest.
2252 silly tarball no local data for object.fromentries@https://registry.npmjs.org/object.fromentries/-/object.fromentries-2.0.8.tgz. Extracting by manifest.
2253 silly tarball no local data for hasown@https://registry.npmjs.org/hasown/-/hasown-2.0.2.tgz. Extracting by manifest.
2254 silly tarball no local data for eslint-module-utils@https://registry.npmjs.org/eslint-module-utils/-/eslint-module-utils-2.12.1.tgz. Extracting by manifest.
2255 silly tarball no local data for doctrine@https://registry.npmjs.org/doctrine/-/doctrine-2.1.0.tgz. Extracting by manifest.
2256 silly tarball no local data for array.prototype.flatmap@https://registry.npmjs.org/array.prototype.flatmap/-/array.prototype.flatmap-1.3.3.tgz. Extracting by manifest.
2257 silly tarball no local data for array.prototype.findlastindex@https://registry.npmjs.org/array.prototype.findlastindex/-/array.prototype.findlastindex-1.2.6.tgz. Extracting by manifest.
2258 silly tarball no local data for array.prototype.flat@https://registry.npmjs.org/array.prototype.flat/-/array.prototype.flat-1.3.3.tgz. Extracting by manifest.
2259 silly tarball no local data for array-includes@https://registry.npmjs.org/array-includes/-/array-includes-3.1.9.tgz. Extracting by manifest.
2260 silly tarball no local data for define-properties@https://registry.npmjs.org/define-properties/-/define-properties-1.2.1.tgz. Extracting by manifest.
2261 silly tarball no local data for unrs-resolver@https://registry.npmjs.org/unrs-resolver/-/unrs-resolver-1.11.1.tgz. Extracting by manifest.
2262 silly tarball no local data for @rtsao/scc@https://registry.npmjs.org/@rtsao/scc/-/scc-1.1.0.tgz. Extracting by manifest.
2263 silly tarball no local data for tinyglobby@https://registry.npmjs.org/tinyglobby/-/tinyglobby-0.2.15.tgz. Extracting by manifest.
2264 silly tarball no local data for get-tsconfig@https://registry.npmjs.org/get-tsconfig/-/get-tsconfig-4.13.0.tgz. Extracting by manifest.
2265 silly tarball no local data for is-bun-module@https://registry.npmjs.org/is-bun-module/-/is-bun-module-2.0.0.tgz. Extracting by manifest.
2266 silly tarball no local data for @nolyfill/is-core-module@https://registry.npmjs.org/@nolyfill/is-core-module/-/is-core-module-1.0.39.tgz. Extracting by manifest.
2267 silly tarball no local data for is-core-module@https://registry.npmjs.org/is-core-module/-/is-core-module-2.16.1.tgz. Extracting by manifest.
2268 silly tarball no local data for resolve@https://registry.npmjs.org/resolve/-/resolve-1.22.11.tgz. Extracting by manifest.
2269 silly tarball no local data for fast-glob@https://registry.npmjs.org/fast-glob/-/fast-glob-3.3.1.tgz. Extracting by manifest.
2270 silly tarball no local data for eslint-plugin-react-hooks@https://registry.npmjs.org/eslint-plugin-react-hooks/-/eslint-plugin-react-hooks-7.0.1.tgz. Extracting by manifest.
2271 silly tarball no local data for typescript-eslint@https://registry.npmjs.org/typescript-eslint/-/typescript-eslint-8.53.1.tgz. Extracting by manifest.
2272 silly tarball no local data for eslint-plugin-react@https://registry.npmjs.org/eslint-plugin-react/-/eslint-plugin-react-7.37.5.tgz. Extracting by manifest.
2273 silly tarball no local data for eslint-plugin-jsx-a11y@https://registry.npmjs.org/eslint-plugin-jsx-a11y/-/eslint-plugin-jsx-a11y-6.10.2.tgz. Extracting by manifest.
2274 silly tarball no local data for eslint-import-resolver-typescript@https://registry.npmjs.org/eslint-import-resolver-typescript/-/eslint-import-resolver-typescript-3.10.1.tgz. Extracting by manifest.
2275 silly tarball no local data for eslint-plugin-import@https://registry.npmjs.org/eslint-plugin-import/-/eslint-plugin-import-2.32.0.tgz. Extracting by manifest.
2276 silly tarball no local data for @next/eslint-plugin-next@https://registry.npmjs.org/@next/eslint-plugin-next/-/eslint-plugin-next-16.1.3.tgz. Extracting by manifest.
2277 silly tarball no local data for eslint-import-resolver-node@https://registry.npmjs.org/eslint-import-resolver-node/-/eslint-import-resolver-node-0.3.9.tgz. Extracting by manifest.
2278 silly tarball no local data for ms@https://registry.npmjs.org/ms/-/ms-2.1.3.tgz. Extracting by manifest.
2279 silly tarball no local data for stable-hash@https://registry.npmjs.org/stable-hash/-/stable-hash-0.0.5.tgz. Extracting by manifest.
2280 silly tarball no local data for which@https://registry.npmjs.org/which/-/which-2.0.2.tgz. Extracting by manifest.
2281 silly tarball no local data for color-name@https://registry.npmjs.org/color-name/-/color-name-1.1.4.tgz. Extracting by manifest.
2282 silly tarball no local data for path-key@https://registry.npmjs.org/path-key/-/path-key-3.1.1.tgz. Extracting by manifest.
2283 silly tarball no local data for color-convert@https://registry.npmjs.org/color-convert/-/color-convert-2.0.1.tgz. Extracting by manifest.
2284 silly tarball no local data for supports-color@https://registry.npmjs.org/supports-color/-/supports-color-7.2.0.tgz. Extracting by manifest.
2285 silly tarball no local data for ansi-styles@https://registry.npmjs.org/ansi-styles/-/ansi-styles-4.3.0.tgz. Extracting by manifest.
2286 silly tarball no local data for uri-js@https://registry.npmjs.org/uri-js/-/uri-js-4.4.1.tgz. Extracting by manifest.
2287 silly tarball no local data for json-schema-traverse@https://registry.npmjs.org/json-schema-traverse/-/json-schema-traverse-0.4.1.tgz. Extracting by manifest.
2288 silly tarball no local data for shebang-command@https://registry.npmjs.org/shebang-command/-/shebang-command-2.0.0.tgz. Extracting by manifest.
2289 silly tarball no local data for fast-json-stable-stringify@https://registry.npmjs.org/fast-json-stable-stringify/-/fast-json-stable-stringify-2.1.0.tgz. Extracting by manifest.
2290 silly tarball no local data for strip-json-comments@https://registry.npmjs.org/strip-json-comments/-/strip-json-comments-3.1.1.tgz. Extracting by manifest.
2291 silly tarball no local data for import-fresh@https://registry.npmjs.org/import-fresh/-/import-fresh-3.3.1.tgz. Extracting by manifest.
2292 silly tarball no local data for @humanfs/core@https://registry.npmjs.org/@humanfs/core/-/core-0.19.1.tgz. Extracting by manifest.
2293 silly tarball no local data for @types/json-schema@https://registry.npmjs.org/@types/json-schema/-/json-schema-7.0.15.tgz. Extracting by manifest.
2294 silly tarball no local data for @eslint/object-schema@https://registry.npmjs.org/@eslint/object-schema/-/object-schema-2.1.7.tgz. Extracting by manifest.
2295 silly tarball no local data for natural-compare@https://registry.npmjs.org/natural-compare/-/natural-compare-1.4.0.tgz. Extracting by manifest.
2296 silly tarball no local data for optionator@https://registry.npmjs.org/optionator/-/optionator-0.9.4.tgz. Extracting by manifest.
2297 silly tarball no local data for minimatch@https://registry.npmjs.org/minimatch/-/minimatch-3.1.2.tgz. Extracting by manifest.
2298 silly tarball no local data for js-yaml@https://registry.npmjs.org/js-yaml/-/js-yaml-4.1.1.tgz. Extracting by manifest.
2299 silly tarball no local data for levn@https://registry.npmjs.org/levn/-/levn-0.4.1.tgz. Extracting by manifest.
2300 silly tarball no local data for lodash.merge@https://registry.npmjs.org/lodash.merge/-/lodash.merge-4.6.2.tgz. Extracting by manifest.
2301 silly tarball no local data for ignore@https://registry.npmjs.org/ignore/-/ignore-5.3.2.tgz. Extracting by manifest.
2302 silly tarball no local data for json-stable-stringify-without-jsonify@https://registry.npmjs.org/json-stable-stringify-without-jsonify/-/json-stable-stringify-without-jsonify-1.0.1.tgz. Extracting by manifest.
2303 silly tarball no local data for imurmurhash@https://registry.npmjs.org/imurmurhash/-/imurmurhash-0.1.4.tgz. Extracting by manifest.
2304 silly tarball no local data for glob-parent@https://registry.npmjs.org/glob-parent/-/glob-parent-6.0.2.tgz. Extracting by manifest.
2305 silly tarball no local data for find-up@https://registry.npmjs.org/find-up/-/find-up-5.0.0.tgz. Extracting by manifest.
2306 silly tarball no local data for fast-deep-equal@https://registry.npmjs.org/fast-deep-equal/-/fast-deep-equal-3.1.3.tgz. Extracting by manifest.
2307 silly tarball no local data for is-glob@https://registry.npmjs.org/is-glob/-/is-glob-4.0.3.tgz. Extracting by manifest.
2308 silly tarball no local data for file-entry-cache@https://registry.npmjs.org/file-entry-cache/-/file-entry-cache-8.0.0.tgz. Extracting by manifest.
2309 silly tarball no local data for esquery@https://registry.npmjs.org/esquery/-/esquery-1.7.0.tgz. Extracting by manifest.
2310 silly tarball no local data for espree@https://registry.npmjs.org/espree/-/espree-10.4.0.tgz. Extracting by manifest.
2311 silly tarball no local data for eslint-scope@https://registry.npmjs.org/eslint-scope/-/eslint-scope-8.4.0.tgz. Extracting by manifest.
2312 silly tarball no local data for eslint-visitor-keys@https://registry.npmjs.org/eslint-visitor-keys/-/eslint-visitor-keys-4.2.1.tgz. Extracting by manifest.
2313 silly tarball no local data for escape-string-regexp@https://registry.npmjs.org/escape-string-regexp/-/escape-string-regexp-4.0.0.tgz. Extracting by manifest.
2314 silly tarball no local data for debug@https://registry.npmjs.org/debug/-/debug-4.4.3.tgz. Extracting by manifest.
2315 silly tarball no local data for esutils@https://registry.npmjs.org/esutils/-/esutils-2.0.3.tgz. Extracting by manifest.
2316 silly tarball no local data for chalk@https://registry.npmjs.org/chalk/-/chalk-4.1.2.tgz. Extracting by manifest.
2317 silly tarball no local data for ajv@https://registry.npmjs.org/ajv/-/ajv-6.12.6.tgz. Extracting by manifest.
2318 silly tarball no local data for cross-spawn@https://registry.npmjs.org/cross-spawn/-/cross-spawn-7.0.6.tgz. Extracting by manifest.
2319 silly tarball no local data for @humanwhocodes/retry@https://registry.npmjs.org/@humanwhocodes/retry/-/retry-0.4.3.tgz. Extracting by manifest.
2320 silly tarball no local data for @types/estree@https://registry.npmjs.org/@types/estree/-/estree-1.0.8.tgz. Extracting by manifest.
2321 silly tarball no local data for globals@https://registry.npmjs.org/globals/-/globals-14.0.0.tgz. Extracting by manifest.
2322 silly tarball no local data for @humanfs/node@https://registry.npmjs.org/@humanfs/node/-/node-0.16.7.tgz. Extracting by manifest.
2323 silly tarball no local data for @eslint/plugin-kit@https://registry.npmjs.org/@eslint/plugin-kit/-/plugin-kit-0.4.1.tgz. Extracting by manifest.
2324 silly tarball no local data for @eslint/core@https://registry.npmjs.org/@eslint/core/-/core-0.17.0.tgz. Extracting by manifest.
2325 silly tarball no local data for @eslint/eslintrc@https://registry.npmjs.org/@eslint/eslintrc/-/eslintrc-3.3.3.tgz. Extracting by manifest.
2326 silly tarball no local data for @eslint/js@https://registry.npmjs.org/@eslint/js/-/js-9.39.2.tgz. Extracting by manifest.
2327 silly tarball no local data for @eslint/config-array@https://registry.npmjs.org/@eslint/config-array/-/config-array-0.21.1.tgz. Extracting by manifest.
2328 silly tarball no local data for @eslint-community/regexpp@https://registry.npmjs.org/@eslint-community/regexpp/-/regexpp-4.12.2.tgz. Extracting by manifest.
2329 silly tarball no local data for @humanwhocodes/module-importer@https://registry.npmjs.org/@humanwhocodes/module-importer/-/module-importer-1.0.1.tgz. Extracting by manifest.
2330 silly tarball no local data for tapable@https://registry.npmjs.org/tapable/-/tapable-2.3.0.tgz. Extracting by manifest.
2331 silly tarball no local data for @eslint-community/eslint-utils@https://registry.npmjs.org/@eslint-community/eslint-utils/-/eslint-utils-4.9.1.tgz. Extracting by manifest.
2332 silly tarball no local data for graceful-fs@https://registry.npmjs.org/graceful-fs/-/graceful-fs-4.2.11.tgz. Extracting by manifest.
2333 silly tarball no local data for undici-types@https://registry.npmjs.org/undici-types/-/undici-types-6.21.0.tgz. Extracting by manifest.
2334 silly tarball no local data for @tailwindcss/oxide-darwin-arm64@https://registry.npmjs.org/@tailwindcss/oxide-darwin-arm64/-/oxide-darwin-arm64-4.1.18.tgz. Extracting by manifest.
2335 silly tarball no local data for @jridgewell/resolve-uri@https://registry.npmjs.org/@jridgewell/resolve-uri/-/resolve-uri-3.1.2.tgz. Extracting by manifest.
2336 silly tarball no local data for @jridgewell/sourcemap-codec@https://registry.npmjs.org/@jridgewell/sourcemap-codec/-/sourcemap-codec-1.5.5.tgz. Extracting by manifest.
2337 silly tarball no local data for csstype@https://registry.npmjs.org/csstype/-/csstype-3.2.3.tgz. Extracting by manifest.
2338 silly tarball no local data for @jridgewell/gen-mapping@https://registry.npmjs.org/@jridgewell/gen-mapping/-/gen-mapping-0.3.13.tgz. Extracting by manifest.
2339 silly tarball no local data for lightningcss@https://registry.npmjs.org/lightningcss/-/lightningcss-1.30.2.tgz. Extracting by manifest.
2340 silly tarball no local data for @eslint/config-helpers@https://registry.npmjs.org/@eslint/config-helpers/-/config-helpers-0.4.2.tgz. Extracting by manifest.
2341 silly tarball no local data for enhanced-resolve@https://registry.npmjs.org/enhanced-resolve/-/enhanced-resolve-5.18.4.tgz. Extracting by manifest.
2342 silly tarball no local data for magic-string@https://registry.npmjs.org/magic-string/-/magic-string-0.30.21.tgz. Extracting by manifest.
2343 silly tarball no local data for jiti@https://registry.npmjs.org/jiti/-/jiti-2.6.1.tgz. Extracting by manifest.
2344 silly tarball no local data for @tailwindcss/oxide@https://registry.npmjs.org/@tailwindcss/oxide/-/oxide-4.1.18.tgz. Extracting by manifest.
2345 silly tarball no local data for @alloc/quick-lru@https://registry.npmjs.org/@alloc/quick-lru/-/quick-lru-5.2.0.tgz. Extracting by manifest.
2346 silly tarball no local data for source-map-js@https://registry.npmjs.org/source-map-js/-/source-map-js-1.2.1.tgz. Extracting by manifest.
2347 silly tarball no local data for @jridgewell/remapping@https://registry.npmjs.org/@jridgewell/remapping/-/remapping-2.3.5.tgz. Extracting by manifest.
2348 silly tarball no local data for @tailwindcss/node@https://registry.npmjs.org/@tailwindcss/node/-/node-4.1.18.tgz. Extracting by manifest.
2349 silly tarball no local data for postcss@https://registry.npmjs.org/postcss/-/postcss-8.5.6.tgz. Extracting by manifest.
2350 silly tarball no local data for react@https://registry.npmjs.org/react/-/react-19.2.3.tgz. Extracting by manifest.
2351 silly tarball no local data for @jridgewell/trace-mapping@https://registry.npmjs.org/@jridgewell/trace-mapping/-/trace-mapping-0.3.31.tgz. Extracting by manifest.
2352 silly tarball no local data for next@https://registry.npmjs.org/next/-/next-16.1.3.tgz. Extracting by manifest.
2353 silly tarball no local data for react-dom@https://registry.npmjs.org/react-dom/-/react-dom-19.2.3.tgz. Extracting by manifest.
2354 silly tarball no local data for @types/react-dom@https://registry.npmjs.org/@types/react-dom/-/react-dom-19.2.3.tgz. Extracting by manifest.
2355 silly tarball no local data for typescript@https://registry.npmjs.org/typescript/-/typescript-5.9.3.tgz. Extracting by manifest.
2356 silly tarball no local data for @types/node@https://registry.npmjs.org/@types/node/-/node-20.19.30.tgz. Extracting by manifest.
2357 silly tarball no local data for tailwindcss@https://registry.npmjs.org/tailwindcss/-/tailwindcss-4.1.18.tgz. Extracting by manifest.
2358 silly tarball no local data for eslint@https://registry.npmjs.org/eslint/-/eslint-9.39.2.tgz. Extracting by manifest.
2359 silly tarball no local data for eslint-config-next@https://registry.npmjs.org/eslint-config-next/-/eslint-config-next-16.1.3.tgz. Extracting by manifest.
2360 silly tarball no local data for brace-expansion@https://registry.npmjs.org/brace-expansion/-/brace-expansion-2.0.2.tgz. Extracting by manifest.
2361 silly tarball no local data for semver@https://registry.npmjs.org/semver/-/semver-7.7.3.tgz. Extracting by manifest.
2362 silly tarball no local data for minimatch@https://registry.npmjs.org/minimatch/-/minimatch-9.0.5.tgz. Extracting by manifest.
2363 silly tarball no local data for semver@https://registry.npmjs.org/semver/-/semver-7.7.3.tgz. Extracting by manifest.
2364 silly tarball no local data for ignore@https://registry.npmjs.org/ignore/-/ignore-7.0.5.tgz. Extracting by manifest.
2365 silly tarball no local data for semver@https://registry.npmjs.org/semver/-/semver-7.7.3.tgz. Extracting by manifest.
2366 silly tarball no local data for fdir@https://registry.npmjs.org/fdir/-/fdir-6.5.0.tgz. Extracting by manifest.
2367 silly tarball no local data for debug@https://registry.npmjs.org/debug/-/debug-3.2.7.tgz. Extracting by manifest.
2368 silly tarball no local data for json5@https://registry.npmjs.org/json5/-/json5-1.0.2.tgz. Extracting by manifest.
2369 silly tarball no local data for debug@https://registry.npmjs.org/debug/-/debug-3.2.7.tgz. Extracting by manifest.
2370 silly tarball no local data for eslint-visitor-keys@https://registry.npmjs.org/eslint-visitor-keys/-/eslint-visitor-keys-3.4.3.tgz. Extracting by manifest.
2371 silly tarball no local data for postcss@https://registry.npmjs.org/postcss/-/postcss-8.4.31.tgz. Extracting by manifest.
2372 silly tarball no local data for resolve@https://registry.npmjs.org/resolve/-/resolve-2.0.0-next.5.tgz. Extracting by manifest.
2373 silly tarball no local data for debug@https://registry.npmjs.org/debug/-/debug-3.2.7.tgz. Extracting by manifest.
2374 silly tarball no local data for globals@https://registry.npmjs.org/globals/-/globals-16.4.0.tgz. Extracting by manifest.
2375 silly tarball no local data for @tailwindcss/postcss@https://registry.npmjs.org/@tailwindcss/postcss/-/postcss-4.1.18.tgz. Extracting by manifest.
2376 silly tarball no local data for @types/react@https://registry.npmjs.org/@types/react/-/react-19.2.8.tgz. Extracting by manifest.
2377 silly tarball no local data for picomatch@https://registry.npmjs.org/picomatch/-/picomatch-4.0.3.tgz. Extracting by manifest.
2378 silly tarball no local data for glob-parent@https://registry.npmjs.org/glob-parent/-/glob-parent-5.1.2.tgz. Extracting by manifest.
2379 http fetch POST 200 https://registry.npmjs.org/-/npm/v1/security/advisories/bulk 250ms
2380 timing auditReport:getReport Completed in 253ms
2381 silly audit report {}
2382 timing auditReport:init Completed in 0ms
2383 timing reify:audit Completed in 254ms
2384 http fetch GET 200 https://registry.npmjs.org/is-bigint/-/is-bigint-1.1.0.tgz 214ms (cache miss)
2385 http fetch GET 200 https://registry.npmjs.org/is-weakmap/-/is-weakmap-2.0.2.tgz 219ms (cache miss)
2386 http fetch GET 200 https://registry.npmjs.org/async-function/-/async-function-1.0.0.tgz 218ms (cache miss)
2387 http fetch GET 200 https://registry.npmjs.org/is-map/-/is-map-2.0.3.tgz 220ms (cache miss)
2388 http fetch GET 200 https://registry.npmjs.org/isexe/-/isexe-2.0.0.tgz 215ms (cache miss)
2389 timing reifyNode:node_modules/isexe Completed in 275ms
2390 http fetch GET 200 https://registry.npmjs.org/which-collection/-/which-collection-1.0.2.tgz 219ms (cache miss)
2391 http fetch GET 200 https://registry.npmjs.org/punycode/-/punycode-2.3.1.tgz 216ms (cache miss)
2392 timing reifyNode:node_modules/punycode Completed in 277ms
2393 http fetch GET 200 https://registry.npmjs.org/is-boolean-object/-/is-boolean-object-1.2.2.tgz 219ms (cache miss)
2394 http fetch GET 200 https://registry.npmjs.org/is-async-function/-/is-async-function-2.1.1.tgz 221ms (cache miss)
2395 timing reifyNode:node_modules/is-async-function Completed in 280ms
2396 http fetch GET 200 https://registry.npmjs.org/is-generator-function/-/is-generator-function-1.1.2.tgz 224ms (cache miss)
2397 http fetch GET 200 https://registry.npmjs.org/escalade/-/escalade-3.2.0.tgz 220ms (cache miss)
2398 timing reifyNode:node_modules/escalade Completed in 281ms
2399 http fetch GET 200 https://registry.npmjs.org/is-weakset/-/is-weakset-2.0.4.tgz 225ms (cache miss)
2400 timing reifyNode:node_modules/which-collection Completed in 281ms
2401 timing reifyNode:node_modules/is-bigint Completed in 281ms
2402 http fetch GET 200 https://registry.npmjs.org/is-number-object/-/is-number-object-1.1.1.tgz 221ms (cache miss)
2403 http fetch GET 200 https://registry.npmjs.org/generator-function/-/generator-function-2.0.1.tgz 225ms (cache miss)
2404 timing reifyNode:node_modules/is-weakmap Completed in 281ms
2405 timing reifyNode:node_modules/is-generator-function Completed in 281ms
2406 timing reifyNode:node_modules/is-map Completed in 282ms
2407 timing reifyNode:node_modules/async-function Completed in 283ms
2408 timing reifyNode:node_modules/is-weakset Completed in 283ms
2409 timing reifyNode:node_modules/is-boolean-object Completed in 283ms
2410 timing reifyNode:node_modules/generator-function Completed in 283ms
2411 timing reifyNode:node_modules/is-number-object Completed in 283ms
2412 http fetch GET 200 https://registry.npmjs.org/has-bigints/-/has-bigints-1.1.0.tgz 221ms (cache miss)
2413 http fetch GET 200 https://registry.npmjs.org/which-boxed-primitive/-/which-boxed-primitive-1.1.1.tgz 223ms (cache miss)
2414 timing reifyNode:node_modules/has-bigints Completed in 284ms
2415 timing reifyNode:node_modules/which-boxed-primitive Completed in 284ms
2416 http fetch GET 200 https://registry.npmjs.org/napi-postinstall/-/napi-postinstall-0.3.4.tgz 228ms (cache miss)
2417 http fetch GET 200 https://registry.npmjs.org/ts-api-utils/-/ts-api-utils-2.4.0.tgz 229ms (cache miss)
2418 timing reifyNode:node_modules/ts-api-utils Completed in 291ms
2419 timing reifyNode:node_modules/napi-postinstall Completed in 296ms
2420 http fetch GET 200 https://registry.npmjs.org/@typescript-eslint/visitor-keys/-/visitor-keys-8.53.1.tgz 263ms (cache miss)
2421 timing reifyNode:node_modules/@typescript-eslint/visitor-keys Completed in 324ms
2422 http fetch GET 200 https://registry.npmjs.org/@typescript-eslint/utils/-/utils-8.53.1.tgz 271ms (cache miss)
2423 http fetch GET 200 https://registry.npmjs.org/@typescript-eslint/project-service/-/project-service-8.53.1.tgz 270ms (cache miss)
2424 timing reifyNode:node_modules/@typescript-eslint/project-service Completed in 335ms
2425 timing reifyNode:node_modules/@typescript-eslint/utils Completed in 334ms
2426 http fetch GET 200 https://registry.npmjs.org/@typescript-eslint/types/-/types-8.53.1.tgz 273ms (cache miss)
2427 timing reifyNode:node_modules/@typescript-eslint/types Completed in 337ms
2428 http fetch GET 200 https://registry.npmjs.org/@typescript-eslint/tsconfig-utils/-/tsconfig-utils-8.53.1.tgz 277ms (cache miss)
2429 timing reifyNode:node_modules/@typescript-eslint/tsconfig-utils Completed in 339ms
2430 http fetch GET 200 https://registry.npmjs.org/is-finalizationregistry/-/is-finalizationregistry-1.1.1.tgz 276ms (cache miss)
2431 http fetch GET 200 https://registry.npmjs.org/@typescript-eslint/type-utils/-/type-utils-8.53.1.tgz 279ms (cache miss)
2432 timing reifyNode:node_modules/is-finalizationregistry Completed in 345ms
2433 timing reifyNode:node_modules/@typescript-eslint/type-utils Completed in 343ms
2434 http fetch GET 200 https://registry.npmjs.org/@emnapi/wasi-threads/-/wasi-threads-1.1.0.tgz 289ms (cache miss)
2435 timing reifyNode:node_modules/@emnapi/wasi-threads Completed in 349ms
2436 http fetch GET 200 https://registry.npmjs.org/is-number/-/is-number-7.0.0.tgz 288ms (cache miss)
2437 timing reifyNode:node_modules/is-number Completed in 353ms
2438 http fetch GET 200 https://registry.npmjs.org/@tybys/wasm-util/-/wasm-util-0.10.1.tgz 292ms (cache miss)
2439 timing reifyNode:node_modules/@tybys/wasm-util Completed in 355ms
2440 http fetch GET 200 https://registry.npmjs.org/@typescript-eslint/parser/-/parser-8.53.1.tgz 292ms (cache miss)
2441 timing reifyNode:node_modules/@typescript-eslint/parser Completed in 355ms
2442 http fetch GET 200 https://registry.npmjs.org/minimist/-/minimist-1.2.8.tgz 305ms (cache miss)
2443 http fetch GET 200 https://registry.npmjs.org/reflect.getprototypeof/-/reflect.getprototypeof-1.0.10.tgz 304ms (cache miss)
2444 http fetch GET 200 https://registry.npmjs.org/which-builtin-type/-/which-builtin-type-1.2.1.tgz 304ms (cache miss)
2445 timing reifyNode:node_modules/which-builtin-type Completed in 386ms
2446 timing reifyNode:node_modules/reflect.getprototypeof Completed in 395ms
2447 http fetch GET 200 https://registry.npmjs.org/for-each/-/for-each-0.3.5.tgz 351ms (cache miss)
2448 timing reifyNode:node_modules/for-each Completed in 416ms
2449 http fetch GET 200 https://registry.npmjs.org/side-channel-list/-/side-channel-list-1.0.0.tgz 350ms (cache miss)
2450 http fetch GET 200 https://registry.npmjs.org/side-channel-map/-/side-channel-map-1.0.1.tgz 352ms (cache miss)
2451 http fetch GET 200 https://registry.npmjs.org/has-flag/-/has-flag-4.0.0.tgz 351ms (cache miss)
2452 timing reifyNode:node_modules/has-flag Completed in 417ms
2453 http fetch GET 200 https://registry.npmjs.org/shebang-regex/-/shebang-regex-3.0.0.tgz 350ms (cache miss)
2454 timing reifyNode:node_modules/shebang-regex Completed in 418ms
2455 timing reifyNode:node_modules/side-channel-map Completed in 418ms
2456 timing reifyNode:node_modules/side-channel-list Completed in 419ms
2457 http fetch GET 200 https://registry.npmjs.org/@types/json5/-/json5-0.0.29.tgz 354ms (cache miss)
2458 timing reifyNode:node_modules/@types/json5 Completed in 419ms
2459 timing reifyNode:node_modules/minimist Completed in 420ms
2460 http fetch GET 200 https://registry.npmjs.org/side-channel-weakmap/-/side-channel-weakmap-1.0.2.tgz 351ms (cache miss)
2461 timing reifyNode:node_modules/side-channel-weakmap Completed in 422ms
2462 http fetch GET 200 https://registry.npmjs.org/strip-bom/-/strip-bom-3.0.0.tgz 353ms (cache miss)
2463 timing reifyNode:node_modules/strip-bom Completed in 422ms
2464 http fetch GET 200 https://registry.npmjs.org/isarray/-/isarray-2.0.5.tgz 355ms (cache miss)
2465 timing reifyNode:node_modules/isarray Completed in 425ms
2466 http fetch GET 200 https://registry.npmjs.org/@typescript-eslint/typescript-estree/-/typescript-estree-8.53.1.tgz 366ms (cache miss)
2467 timing reifyNode:node_modules/@typescript-eslint/typescript-estree Completed in 431ms
2468 http fetch GET 200 https://registry.npmjs.org/@emnapi/core/-/core-1.8.1.tgz 371ms (cache miss)
2469 timing reifyNode:node_modules/@emnapi/core Completed in 433ms
2470 http fetch GET 200 https://registry.npmjs.org/queue-microtask/-/queue-microtask-1.2.3.tgz 366ms (cache miss)
2471 timing reifyNode:node_modules/queue-microtask Completed in 437ms
2472 http fetch GET 200 https://registry.npmjs.org/path-parse/-/path-parse-1.0.7.tgz 372ms (cache miss)
2473 timing reifyNode:node_modules/path-parse Completed in 441ms
2474 http fetch GET 200 https://registry.npmjs.org/react-is/-/react-is-16.13.1.tgz 372ms (cache miss)
2475 timing reifyNode:node_modules/react-is Completed in 442ms
2476 http fetch GET 200 https://registry.npmjs.org/scheduler/-/scheduler-0.27.0.tgz 385ms (cache miss)
2477 http fetch GET 200 https://registry.npmjs.org/object-assign/-/object-assign-4.1.1.tgz 386ms (cache miss)
2478 timing reifyNode:node_modules/object-assign Completed in 458ms
2479 http fetch GET 200 https://registry.npmjs.org/@img/sharp-darwin-arm64/-/sharp-darwin-arm64-0.34.5.tgz 389ms (cache miss)
2480 timing reifyNode:node_modules/@img/sharp-darwin-arm64 Completed in 459ms
2481 http fetch GET 200 https://registry.npmjs.org/@emnapi/runtime/-/runtime-1.8.1.tgz 394ms (cache miss)
2482 http fetch GET 200 https://registry.npmjs.org/supports-preserve-symlinks-flag/-/supports-preserve-symlinks-flag-1.0.0.tgz 390ms (cache miss)
2483 timing reifyNode:node_modules/supports-preserve-symlinks-flag Completed in 460ms
2484 http fetch GET 200 https://registry.npmjs.org/loose-envify/-/loose-envify-1.4.0.tgz 390ms (cache miss)
2485 timing reifyNode:node_modules/loose-envify Completed in 461ms
2486 timing reifyNode:node_modules/@emnapi/runtime Completed in 462ms
2487 timing reifyNode:node_modules/scheduler Completed in 462ms
2488 http fetch GET 200 https://registry.npmjs.org/@img/colour/-/colour-1.0.0.tgz 473ms (cache miss)
2489 timing reifyNode:node_modules/@img/colour Completed in 544ms
2490 http fetch GET 200 https://registry.npmjs.org/p-limit/-/p-limit-3.1.0.tgz 475ms (cache miss)
2491 timing reifyNode:node_modules/p-limit Completed in 546ms
2492 http fetch GET 200 https://registry.npmjs.org/nanoid/-/nanoid-3.3.11.tgz 476ms (cache miss)
2493 http fetch GET 200 https://registry.npmjs.org/yocto-queue/-/yocto-queue-0.1.0.tgz 477ms (cache miss)
2494 timing reifyNode:node_modules/yocto-queue Completed in 547ms
2495 http fetch GET 200 https://registry.npmjs.org/deep-is/-/deep-is-0.1.4.tgz 476ms (cache miss)
2496 timing reifyNode:node_modules/deep-is Completed in 547ms
2497 http fetch GET 200 https://registry.npmjs.org/word-wrap/-/word-wrap-1.2.5.tgz 481ms (cache miss)
2498 timing reifyNode:node_modules/word-wrap Completed in 552ms
2499 http fetch GET 200 https://registry.npmjs.org/concat-map/-/concat-map-0.0.1.tgz 481ms (cache miss)
2500 timing reifyNode:node_modules/concat-map Completed in 553ms
2501 timing reifyNode:node_modules/nanoid Completed in 561ms
2502 http fetch GET 200 https://registry.npmjs.org/@typescript-eslint/scope-manager/-/scope-manager-8.53.1.tgz 502ms (cache miss)
2503 timing reifyNode:node_modules/@typescript-eslint/scope-manager Completed in 565ms
2504 http fetch GET 200 https://registry.npmjs.org/fast-levenshtein/-/fast-levenshtein-2.0.6.tgz 510ms (cache miss)
2505 timing reifyNode:node_modules/fast-levenshtein Completed in 582ms
2506 http fetch GET 200 https://registry.npmjs.org/callsites/-/callsites-3.1.0.tgz 583ms (cache miss)
2507 timing reifyNode:node_modules/callsites Completed in 656ms
2508 http fetch GET 200 https://registry.npmjs.org/client-only/-/client-only-0.0.1.tgz 586ms (cache miss)
2509 timing reifyNode:node_modules/client-only Completed in 661ms
2510 http fetch GET 200 https://registry.npmjs.org/balanced-match/-/balanced-match-1.0.2.tgz 600ms (cache miss)
2511 timing reifyNode:node_modules/balanced-match Completed in 676ms
2512 http fetch GET 200 https://registry.npmjs.org/tslib/-/tslib-2.8.1.tgz 604ms (cache miss)
2513 timing reifyNode:node_modules/tslib Completed in 682ms
2514 http fetch GET 200 https://registry.npmjs.org/@next/env/-/env-16.1.3.tgz 633ms (cache miss)
2515 timing reifyNode:node_modules/@next/env Completed in 709ms
2516 http fetch GET 200 https://registry.npmjs.org/brace-expansion/-/brace-expansion-1.1.12.tgz 633ms (cache miss)
2517 timing reifyNode:node_modules/brace-expansion Completed in 710ms
2518 http fetch GET 200 https://registry.npmjs.org/picomatch/-/picomatch-2.3.1.tgz 634ms (cache miss)
2519 timing reifyNode:node_modules/picomatch Completed in 711ms
2520 http fetch GET 200 https://registry.npmjs.org/@typescript-eslint/eslint-plugin/-/eslint-plugin-8.53.1.tgz 659ms (cache miss)
2521 timing reifyNode:node_modules/@typescript-eslint/eslint-plugin Completed in 723ms
2522 http fetch GET 200 https://registry.npmjs.org/sharp/-/sharp-0.34.5.tgz 669ms (cache miss)
2523 timing reifyNode:node_modules/sharp Completed in 741ms
2524 http fetch GET 200 https://registry.npmjs.org/braces/-/braces-3.0.3.tgz 697ms (cache miss)
2525 http fetch GET 200 https://registry.npmjs.org/to-regex-range/-/to-regex-range-5.0.1.tgz 700ms (cache miss)
2526 timing reifyNode:node_modules/to-regex-range Completed in 777ms
2527 timing reifyNode:node_modules/braces Completed in 778ms
2528 http fetch GET 200 https://registry.npmjs.org/@swc/helpers/-/helpers-0.5.15.tgz 712ms (cache miss)
2529 timing reifyNode:node_modules/@swc/helpers Completed in 785ms
2530 http fetch GET 200 https://registry.npmjs.org/p-locate/-/p-locate-5.0.0.tgz 723ms (cache miss)
2531 timing reifyNode:node_modules/p-locate Completed in 800ms
2532 http fetch GET 200 https://registry.npmjs.org/detect-libc/-/detect-libc-2.1.2.tgz 738ms (cache miss)
2533 timing reifyNode:node_modules/detect-libc Completed in 816ms
2534 http fetch GET 200 https://registry.npmjs.org/yallist/-/yallist-3.1.1.tgz 739ms (cache miss)
2535 timing reifyNode:node_modules/yallist Completed in 817ms
2536 http fetch GET 200 https://registry.npmjs.org/json-buffer/-/json-buffer-3.0.1.tgz 811ms (cache miss)
2537 timing reifyNode:node_modules/json-buffer Completed in 889ms
2538 http fetch GET 200 https://registry.npmjs.org/type-check/-/type-check-0.4.0.tgz 811ms (cache miss)
2539 timing reifyNode:node_modules/type-check Completed in 889ms
2540 http fetch GET 200 https://registry.npmjs.org/is-extglob/-/is-extglob-2.1.1.tgz 820ms (cache miss)
2541 timing reifyNode:node_modules/is-extglob Completed in 898ms
2542 http fetch GET 200 https://registry.npmjs.org/language-subtag-registry/-/language-subtag-registry-0.3.23.tgz 823ms (cache miss)
2543 timing reifyNode:node_modules/language-subtag-registry Completed in 901ms
2544 http fetch GET 200 https://registry.npmjs.org/side-channel/-/side-channel-1.1.0.tgz 834ms (cache miss)
2545 timing reifyNode:node_modules/side-channel Completed in 914ms
2546 http fetch GET 200 https://registry.npmjs.org/argparse/-/argparse-2.0.1.tgz 835ms (cache miss)
2547 timing reifyNode:node_modules/argparse Completed in 914ms
2548 http fetch GET 200 https://registry.npmjs.org/prelude-ls/-/prelude-ls-1.2.1.tgz 880ms (cache miss)
2549 timing reifyNode:node_modules/prelude-ls Completed in 959ms
2550 http fetch GET 200 https://registry.npmjs.org/parent-module/-/parent-module-1.0.1.tgz 881ms (cache miss)
2551 timing reifyNode:node_modules/parent-module Completed in 960ms
2552 http fetch GET 200 https://registry.npmjs.org/resolve-from/-/resolve-from-4.0.0.tgz 881ms (cache miss)
2553 timing reifyNode:node_modules/resolve-from Completed in 960ms
2554 http fetch GET 200 https://registry.npmjs.org/@napi-rs/wasm-runtime/-/wasm-runtime-0.2.12.tgz 935ms (cache miss)
2555 timing reifyNode:node_modules/@napi-rs/wasm-runtime Completed in 996ms
2556 http fetch GET 200 https://registry.npmjs.org/styled-jsx/-/styled-jsx-5.1.6.tgz 923ms (cache miss)
2557 timing reifyNode:node_modules/styled-jsx Completed in 994ms
2558 http fetch GET 200 https://registry.npmjs.org/functions-have-names/-/functions-have-names-1.2.3.tgz 933ms (cache miss)
2559 timing reifyNode:node_modules/functions-have-names Completed in 1014ms
2560 http fetch GET 200 https://registry.npmjs.org/@unrs/resolver-binding-darwin-arm64/-/resolver-binding-darwin-arm64-1.11.1.tgz 957ms (cache miss)
2561 timing reifyNode:node_modules/@unrs/resolver-binding-darwin-arm64 Completed in 1018ms
2562 http fetch GET 200 https://registry.npmjs.org/path-exists/-/path-exists-4.0.0.tgz 936ms (cache miss)
2563 timing reifyNode:node_modules/path-exists Completed in 1016ms
2564 http fetch GET 200 https://registry.npmjs.org/flatted/-/flatted-3.3.3.tgz 936ms (cache miss)
2565 http fetch GET 200 https://registry.npmjs.org/resolve-pkg-maps/-/resolve-pkg-maps-1.0.0.tgz 937ms (cache miss)
2566 timing reifyNode:node_modules/resolve-pkg-maps Completed in 1017ms
2567 http fetch GET 200 https://registry.npmjs.org/set-function-name/-/set-function-name-2.0.2.tgz 936ms (cache miss)
2568 timing reifyNode:node_modules/set-function-name Completed in 1017ms
2569 timing reifyNode:node_modules/flatted Completed in 1017ms
2570 http fetch GET 200 https://registry.npmjs.org/dunder-proto/-/dunder-proto-1.0.1.tgz 1077ms (cache miss)
2571 http fetch GET 200 https://registry.npmjs.org/run-parallel/-/run-parallel-1.2.0.tgz 1080ms (cache miss)
2572 timing reifyNode:node_modules/run-parallel Completed in 1160ms
2573 http fetch GET 200 https://registry.npmjs.org/fastq/-/fastq-1.20.1.tgz 1082ms (cache miss)
2574 http fetch GET 200 https://registry.npmjs.org/keyv/-/keyv-4.5.4.tgz 1083ms (cache miss)
2575 timing reifyNode:node_modules/keyv Completed in 1165ms
2576 http fetch GET 200 https://registry.npmjs.org/merge2/-/merge2-1.4.1.tgz 1083ms (cache miss)
2577 timing reifyNode:node_modules/merge2 Completed in 1164ms
2578 timing reifyNode:node_modules/dunder-proto Completed in 1168ms
2579 http fetch GET 200 https://registry.npmjs.org/reusify/-/reusify-1.1.0.tgz 1088ms (cache miss)
2580 http fetch GET 200 https://registry.npmjs.org/flat-cache/-/flat-cache-4.0.1.tgz 1091ms (cache miss)
2581 timing reifyNode:node_modules/flat-cache Completed in 1171ms
2582 http fetch GET 200 https://registry.npmjs.org/locate-path/-/locate-path-6.0.0.tgz 1091ms (cache miss)
2583 timing reifyNode:node_modules/locate-path Completed in 1173ms
2584 http fetch GET 200 https://registry.npmjs.org/@nodelib/fs.scandir/-/fs.scandir-2.1.5.tgz 1090ms (cache miss)
2585 timing reifyNode:node_modules/reusify Completed in 1175ms
2586 timing reifyNode:node_modules/fastq Completed in 1176ms
2587 http fetch GET 200 https://registry.npmjs.org/@nodelib/fs.walk/-/fs.walk-1.2.8.tgz 1094ms (cache miss)
2588 http fetch GET 200 https://registry.npmjs.org/micromatch/-/micromatch-4.0.8.tgz 1106ms (cache miss)
2589 timing reifyNode:node_modules/micromatch Completed in 1191ms
2590 http fetch GET 200 https://registry.npmjs.org/hermes-estree/-/hermes-estree-0.25.1.tgz 1115ms (cache miss)
2591 timing reifyNode:node_modules/@nodelib/fs.scandir Completed in 1198ms
2592 timing reifyNode:node_modules/hermes-estree Completed in 1203ms
2593 http fetch GET 200 https://registry.npmjs.org/node-releases/-/node-releases-2.0.27.tgz 1119ms (cache miss)
2594 timing reifyNode:node_modules/node-releases Completed in 1206ms
2595 timing reifyNode:node_modules/@nodelib/fs.walk Completed in 1208ms
2596 http fetch GET 200 https://registry.npmjs.org/acorn-jsx/-/acorn-jsx-5.3.2.tgz 1122ms (cache miss)
2597 timing reifyNode:node_modules/acorn-jsx Completed in 1208ms
2598 http fetch GET 200 https://registry.npmjs.org/@nodelib/fs.stat/-/fs.stat-2.0.5.tgz 1124ms (cache miss)
2599 http fetch GET 200 https://registry.npmjs.org/electron-to-chromium/-/electron-to-chromium-1.5.267.tgz 1133ms (cache miss)
2600 timing reifyNode:node_modules/electron-to-chromium Completed in 1219ms
2601 timing reifyNode:node_modules/@nodelib/fs.stat Completed in 1223ms
2602 http fetch GET 200 https://registry.npmjs.org/@babel/helper-globals/-/helper-globals-7.28.0.tgz 1136ms (cache miss)
2603 timing reifyNode:node_modules/@babel/helper-globals Completed in 1223ms
2604 http fetch GET 200 https://registry.npmjs.org/esrecurse/-/esrecurse-4.3.0.tgz 1155ms (cache miss)
2605 timing reifyNode:node_modules/esrecurse Completed in 1241ms
2606 http fetch GET 200 https://registry.npmjs.org/lru-cache/-/lru-cache-5.1.1.tgz 1154ms (cache miss)
2607 timing reifyNode:node_modules/lru-cache Completed in 1241ms
2608 http fetch GET 200 https://registry.npmjs.org/acorn/-/acorn-8.15.0.tgz 1160ms (cache miss)
2609 timing reifyNode:node_modules/acorn Completed in 1245ms
2610 http fetch GET 200 https://registry.npmjs.org/@babel/helper-validator-option/-/helper-validator-option-7.27.1.tgz 1164ms (cache miss)
2611 timing reifyNode:node_modules/@babel/helper-validator-option Completed in 1252ms
2612 http fetch GET 200 https://registry.npmjs.org/update-browserslist-db/-/update-browserslist-db-1.2.3.tgz 1171ms (cache miss)
2613 timing reifyNode:node_modules/update-browserslist-db Completed in 1259ms
2614 http fetch GET 200 https://registry.npmjs.org/browserslist/-/browserslist-4.28.1.tgz 1177ms (cache miss)
2615 timing reifyNode:node_modules/browserslist Completed in 1268ms
2616 http fetch GET 200 https://registry.npmjs.org/baseline-browser-mapping/-/baseline-browser-mapping-2.9.15.tgz 1187ms (cache miss)
2617 timing reifyNode:node_modules/baseline-browser-mapping Completed in 1274ms
2618 http fetch GET 200 https://registry.npmjs.org/@babel/compat-data/-/compat-data-7.28.6.tgz 1192ms (cache miss)
2619 timing reifyNode:node_modules/@babel/compat-data Completed in 1283ms
2620 http fetch GET 200 https://registry.npmjs.org/@babel/helper-string-parser/-/helper-string-parser-7.27.1.tgz 1199ms (cache miss)
2621 timing reifyNode:node_modules/@babel/helper-string-parser Completed in 1287ms
2622 http fetch GET 200 https://registry.npmjs.org/jsesc/-/jsesc-3.1.0.tgz 1207ms (cache miss)
2623 timing reifyNode:node_modules/jsesc Completed in 1296ms
2624 http fetch GET 200 https://registry.npmjs.org/gensync/-/gensync-1.0.0-beta.2.tgz 1209ms (cache miss)
2625 timing reifyNode:node_modules/gensync Completed in 1296ms
2626 http fetch GET 200 https://registry.npmjs.org/fill-range/-/fill-range-7.1.1.tgz 1210ms (cache miss)
2627 timing reifyNode:node_modules/fill-range Completed in 1300ms
2628 http fetch GET 200 https://registry.npmjs.org/@babel/helper-module-imports/-/helper-module-imports-7.28.6.tgz 1242ms (cache miss)
2629 timing reifyNode:node_modules/@babel/helper-module-imports Completed in 1331ms
2630 http fetch GET 200 https://registry.npmjs.org/json5/-/json5-2.2.3.tgz 1269ms (cache miss)
2631 timing reifyNode:node_modules/json5 Completed in 1359ms
2632 http fetch GET 200 https://registry.npmjs.org/@babel/helper-validator-identifier/-/helper-validator-identifier-7.28.5.tgz 1284ms (cache miss)
2633 http fetch GET 200 https://registry.npmjs.org/picocolors/-/picocolors-1.1.1.tgz 1283ms (cache miss)
2634 timing reifyNode:node_modules/picocolors Completed in 1374ms
2635 timing reifyNode:node_modules/@babel/helper-validator-identifier Completed in 1373ms
2636 http fetch GET 200 https://registry.npmjs.org/convert-source-map/-/convert-source-map-2.0.0.tgz 1298ms (cache miss)
2637 timing reifyNode:node_modules/convert-source-map Completed in 1386ms
2638 http fetch GET 200 https://registry.npmjs.org/@babel/template/-/template-7.28.6.tgz 1353ms (cache miss)
2639 timing reifyNode:node_modules/@babel/template Completed in 1442ms
2640 http fetch GET 200 https://registry.npmjs.org/zod-validation-error/-/zod-validation-error-4.0.2.tgz 1366ms (cache miss)
2641 timing reifyNode:node_modules/zod-validation-error Completed in 1462ms
2642 http fetch GET 200 https://registry.npmjs.org/@babel/code-frame/-/code-frame-7.28.6.tgz 1397ms (cache miss)
2643 timing reifyNode:node_modules/@babel/code-frame Completed in 1493ms
2644 http fetch GET 200 https://registry.npmjs.org/js-tokens/-/js-tokens-4.0.0.tgz 1439ms (cache miss)
2645 timing reifyNode:node_modules/js-tokens Completed in 1527ms
2646 http fetch GET 200 https://registry.npmjs.org/@babel/generator/-/generator-7.28.6.tgz 1456ms (cache miss)
2647 timing reifyNode:node_modules/@babel/generator Completed in 1545ms
2648 http fetch GET 200 https://registry.npmjs.org/@babel/helper-compilation-targets/-/helper-compilation-targets-7.28.6.tgz 1472ms (cache miss)
2649 http fetch GET 200 https://registry.npmjs.org/@babel/traverse/-/traverse-7.28.6.tgz 1482ms (cache miss)
2650 timing reifyNode:node_modules/@babel/traverse Completed in 1571ms
2651 timing reifyNode:node_modules/@babel/helper-compilation-targets Completed in 1575ms
2652 http fetch GET 200 https://registry.npmjs.org/@babel/types/-/types-7.28.6.tgz 1507ms (cache miss)
2653 timing reifyNode:node_modules/@babel/types Completed in 1596ms
2654 http fetch GET 200 https://registry.npmjs.org/object.entries/-/object.entries-1.1.9.tgz 1661ms (cache miss)
2655 http fetch GET 200 https://registry.npmjs.org/prop-types/-/prop-types-15.8.1.tgz 1667ms (cache miss)
2656 http fetch GET 200 https://registry.npmjs.org/array.prototype.tosorted/-/array.prototype.tosorted-1.1.4.tgz 1667ms (cache miss)
2657 timing reifyNode:node_modules/array.prototype.tosorted Completed in 1770ms
2658 timing reifyNode:node_modules/prop-types Completed in 1772ms
2659 timing reifyNode:node_modules/object.entries Completed in 1774ms
2660 http fetch GET 200 https://registry.npmjs.org/@babel/core/-/core-7.28.6.tgz 1693ms (cache miss)
2661 http fetch GET 200 https://registry.npmjs.org/estraverse/-/estraverse-5.3.0.tgz 1692ms (cache miss)
2662 timing reifyNode:node_modules/estraverse Completed in 1789ms
2663 timing reifyNode:node_modules/@babel/core Completed in 1792ms
2664 http fetch GET 200 https://registry.npmjs.org/string.prototype.includes/-/string.prototype.includes-2.0.1.tgz 1700ms (cache miss)
2665 http fetch GET 200 https://registry.npmjs.org/damerau-levenshtein/-/damerau-levenshtein-1.0.8.tgz 1704ms (cache miss)
2666 timing reifyNode:node_modules/damerau-levenshtein Completed in 1801ms
2667 timing reifyNode:node_modules/string.prototype.includes Completed in 1802ms
2668 http fetch GET 200 https://registry.npmjs.org/language-tags/-/language-tags-1.0.9.tgz 1710ms (cache miss)
2669 timing reifyNode:node_modules/language-tags Completed in 1808ms
2670 http fetch GET 200 https://registry.npmjs.org/array.prototype.findlast/-/array.prototype.findlast-1.2.5.tgz 1711ms (cache miss)
2671 http fetch GET 200 https://registry.npmjs.org/string.prototype.matchall/-/string.prototype.matchall-4.0.12.tgz 1737ms (cache miss)
2672 timing reifyNode:node_modules/array.prototype.findlast Completed in 1832ms
2673 timing reifyNode:node_modules/string.prototype.matchall Completed in 1848ms
2674 http fetch GET 200 https://registry.npmjs.org/emoji-regex/-/emoji-regex-9.2.2.tgz 1752ms (cache miss)
2675 http fetch GET 200 https://registry.npmjs.org/ast-types-flow/-/ast-types-flow-0.0.8.tgz 1772ms (cache miss)
2676 timing reifyNode:node_modules/ast-types-flow Completed in 1873ms
2677 timing reifyNode:node_modules/emoji-regex Completed in 1899ms
2678 http fetch GET 200 https://registry.npmjs.org/has-tostringtag/-/has-tostringtag-1.0.2.tgz 1810ms (cache miss)
2679 timing reifyNode:node_modules/has-tostringtag Completed in 1921ms
2680 http fetch GET 200 https://registry.npmjs.org/typed-array-length/-/typed-array-length-1.0.7.tgz 1824ms (cache miss)
2681 http fetch GET 200 https://registry.npmjs.org/typed-array-byte-length/-/typed-array-byte-length-1.0.3.tgz 1822ms (cache miss)
2682 http fetch GET 200 https://registry.npmjs.org/unbox-primitive/-/unbox-primitive-1.1.0.tgz 1828ms (cache miss)
2683 timing reifyNode:node_modules/typed-array-length Completed in 1929ms
2684 http fetch GET 200 https://registry.npmjs.org/possible-typed-array-names/-/possible-typed-array-names-1.1.0.tgz 1830ms (cache miss)
2685 timing reifyNode:node_modules/possible-typed-array-names Completed in 1930ms
2686 timing reifyNode:node_modules/typed-array-byte-length Completed in 1931ms
2687 http fetch GET 200 https://registry.npmjs.org/typed-array-byte-offset/-/typed-array-byte-offset-1.0.4.tgz 1835ms (cache miss)
2688 http fetch GET 200 https://registry.npmjs.org/typed-array-buffer/-/typed-array-buffer-1.0.3.tgz 1832ms (cache miss)
2689 timing reifyNode:node_modules/unbox-primitive Completed in 1942ms
2690 timing reifyNode:node_modules/typed-array-byte-offset Completed in 1942ms
2691 http fetch GET 200 https://registry.npmjs.org/@babel/helper-module-transforms/-/helper-module-transforms-7.28.6.tgz 1847ms (cache miss)
2692 timing reifyNode:node_modules/@babel/helper-module-transforms Completed in 1944ms
2693 timing reifyNode:node_modules/typed-array-buffer Completed in 1944ms
2694 http fetch GET 200 https://registry.npmjs.org/which-typed-array/-/which-typed-array-1.1.20.tgz 1851ms (cache miss)
2695 timing reifyNode:node_modules/which-typed-array Completed in 1951ms
2696 http fetch GET 200 https://registry.npmjs.org/stop-iteration-iterator/-/stop-iteration-iterator-1.1.0.tgz 1848ms (cache miss)
2697 timing reifyNode:node_modules/stop-iteration-iterator Completed in 1958ms
2698 http fetch GET 200 https://registry.npmjs.org/string.prototype.repeat/-/string.prototype.repeat-1.0.0.tgz 1856ms (cache miss)
2699 http fetch GET 200 https://registry.npmjs.org/safe-push-apply/-/safe-push-apply-1.0.0.tgz 1858ms (cache miss)
2700 http fetch GET 200 https://registry.npmjs.org/hermes-parser/-/hermes-parser-0.25.1.tgz 1873ms (cache miss)
2701 timing reifyNode:node_modules/string.prototype.repeat Completed in 1970ms
2702 timing reifyNode:node_modules/safe-push-apply Completed in 1970ms
2703 http fetch GET 200 https://registry.npmjs.org/string.prototype.trimstart/-/string.prototype.trimstart-1.0.8.tgz 1869ms (cache miss)
2704 timing reifyNode:node_modules/hermes-parser Completed in 1977ms
2705 http fetch GET 200 https://registry.npmjs.org/set-proto/-/set-proto-1.0.0.tgz 1874ms (cache miss)
2706 http fetch GET 200 https://registry.npmjs.org/own-keys/-/own-keys-1.0.1.tgz 1876ms (cache miss)
2707 timing reifyNode:node_modules/string.prototype.trimstart Completed in 1985ms
2708 http fetch GET 200 https://registry.npmjs.org/safe-regex-test/-/safe-regex-test-1.1.0.tgz 1882ms (cache miss)
2709 timing reifyNode:node_modules/safe-regex-test Completed in 1988ms
2710 timing reifyNode:node_modules/own-keys Completed in 1988ms
2711 http fetch GET 200 https://registry.npmjs.org/safe-array-concat/-/safe-array-concat-1.1.3.tgz 1882ms (cache miss)
2712 http fetch GET 200 https://registry.npmjs.org/string.prototype.trim/-/string.prototype.trim-1.2.10.tgz 1885ms (cache miss)
2713 timing reifyNode:node_modules/set-proto Completed in 1992ms
2714 timing reifyNode:node_modules/safe-array-concat Completed in 1996ms
2715 http fetch GET 200 https://registry.npmjs.org/iterator.prototype/-/iterator.prototype-1.1.5.tgz 1892ms (cache miss)
2716 timing reifyNode:node_modules/iterator.prototype Completed in 2001ms
2717 http fetch GET 200 https://registry.npmjs.org/is-weakref/-/is-weakref-1.1.1.tgz 1894ms (cache miss)
2718 timing reifyNode:node_modules/string.prototype.trim Completed in 2003ms
2719 timing reifyNode:node_modules/is-weakref Completed in 2003ms
2720 http fetch GET 200 https://registry.npmjs.org/is-symbol/-/is-symbol-1.1.1.tgz 1909ms (cache miss)
2721 timing reifyNode:node_modules/is-symbol Completed in 2008ms
2722 http fetch GET 200 https://registry.npmjs.org/is-set/-/is-set-2.0.3.tgz 1929ms (cache miss)
2723 http fetch GET 200 https://registry.npmjs.org/is-callable/-/is-callable-1.2.7.tgz 1945ms (cache miss)
2724 http fetch GET 200 https://registry.npmjs.org/is-regex/-/is-regex-1.2.1.tgz 1947ms (cache miss)
2725 timing reifyNode:node_modules/is-set Completed in 2054ms
2726 timing reifyNode:node_modules/is-callable Completed in 2057ms
2727 timing reifyNode:node_modules/is-regex Completed in 2073ms
2728 http fetch GET 200 https://registry.npmjs.org/is-negative-zero/-/is-negative-zero-2.0.3.tgz 1969ms (cache miss)
2729 http fetch GET 200 https://registry.npmjs.org/object-inspect/-/object-inspect-1.13.4.tgz 1983ms (cache miss)
2730 timing reifyNode:node_modules/is-negative-zero Completed in 2094ms
2731 http fetch GET 200 https://registry.npmjs.org/@babel/parser/-/parser-7.28.6.tgz 2001ms (cache miss)
2732 timing reifyNode:node_modules/@babel/parser Completed in 2097ms
2733 timing reifyNode:node_modules/object-inspect Completed in 2097ms
2734 http fetch GET 200 https://registry.npmjs.org/is-data-view/-/is-data-view-1.0.2.tgz 1991ms (cache miss)
2735 http fetch GET 200 https://registry.npmjs.org/is-shared-array-buffer/-/is-shared-array-buffer-1.0.4.tgz 1994ms (cache miss)
2736 timing reifyNode:node_modules/is-data-view Completed in 2106ms
2737 timing reifyNode:node_modules/is-shared-array-buffer Completed in 2109ms
2738 http fetch GET 200 https://registry.npmjs.org/regexp.prototype.flags/-/regexp.prototype.flags-1.5.4.tgz 2005ms (cache miss)
2739 http fetch GET 200 https://registry.npmjs.org/internal-slot/-/internal-slot-1.1.0.tgz 2003ms (cache miss)
2740 http fetch GET 200 https://registry.npmjs.org/has-proto/-/has-proto-1.2.0.tgz 2003ms (cache miss)
2741 http fetch GET 200 https://registry.npmjs.org/object.assign/-/object.assign-4.1.7.tgz 2009ms (cache miss)
2742 http fetch GET 200 https://registry.npmjs.org/globalthis/-/globalthis-1.0.4.tgz 2015ms (cache miss)
2743 http fetch GET 200 https://registry.npmjs.org/jsx-ast-utils/-/jsx-ast-utils-3.3.5.tgz 2028ms (cache miss)
2744 timing reifyNode:node_modules/object.assign Completed in 2126ms
2745 timing reifyNode:node_modules/internal-slot Completed in 2127ms
2746 http fetch GET 200 https://registry.npmjs.org/has-symbols/-/has-symbols-1.1.0.tgz 2020ms (cache miss)
2747 http fetch GET 200 https://registry.npmjs.org/get-symbol-description/-/get-symbol-description-1.1.0.tgz 2020ms (cache miss)
2748 timing reifyNode:node_modules/has-proto Completed in 2133ms
2749 timing reifyNode:node_modules/globalthis Completed in 2134ms
2750 http fetch GET 200 https://registry.npmjs.org/is-typed-array/-/is-typed-array-1.1.15.tgz 2022ms (cache miss)
2751 timing reifyNode:node_modules/jsx-ast-utils Completed in 2135ms
2752 http fetch GET 200 https://registry.npmjs.org/function.prototype.name/-/function.prototype.name-1.1.8.tgz 2026ms (cache miss)
2753 http fetch GET 200 https://registry.npmjs.org/es-set-tostringtag/-/es-set-tostringtag-2.1.0.tgz 2024ms (cache miss)
2754 timing reifyNode:node_modules/es-set-tostringtag Completed in 2137ms
2755 http fetch GET 200 https://registry.npmjs.org/get-proto/-/get-proto-1.0.1.tgz 2031ms (cache miss)
2756 http fetch GET 200 https://registry.npmjs.org/es-to-primitive/-/es-to-primitive-1.3.0.tgz 2031ms (cache miss)
2757 timing reifyNode:node_modules/is-typed-array Completed in 2141ms
2758 http fetch GET 200 https://registry.npmjs.org/data-view-buffer/-/data-view-buffer-1.0.2.tgz 2032ms (cache miss)
2759 timing reifyNode:node_modules/regexp.prototype.flags Completed in 2148ms
2760 http fetch GET 200 https://registry.npmjs.org/is-array-buffer/-/is-array-buffer-3.0.5.tgz 2041ms (cache miss)
2761 timing reifyNode:node_modules/get-symbol-description Completed in 2149ms
2762 http fetch GET 200 https://registry.npmjs.org/data-view-byte-length/-/data-view-byte-length-1.0.2.tgz 2038ms (cache miss)
2763 timing reifyNode:node_modules/data-view-buffer Completed in 2155ms
2764 timing reifyNode:node_modules/get-proto Completed in 2156ms
2765 timing reifyNode:node_modules/is-array-buffer Completed in 2167ms
2766 timing reifyNode:node_modules/data-view-byte-length Completed in 2171ms
2767 timing reifyNode:node_modules/has-symbols Completed in 2173ms
2768 http fetch GET 200 https://registry.npmjs.org/gopd/-/gopd-1.2.0.tgz 2061ms (cache miss)
2769 http fetch GET 200 https://registry.npmjs.org/object-keys/-/object-keys-1.1.1.tgz 2064ms (cache miss)
2770 http fetch GET 200 https://registry.npmjs.org/es-iterator-helpers/-/es-iterator-helpers-1.2.2.tgz 2084ms (cache miss)
2771 http fetch GET 200 https://registry.npmjs.org/array-buffer-byte-length/-/array-buffer-byte-length-1.0.2.tgz 2075ms (cache miss)
2772 timing reifyNode:node_modules/object-keys Completed in 2189ms
2773 http fetch GET 200 https://registry.npmjs.org/data-view-byte-offset/-/data-view-byte-offset-1.0.1.tgz 2077ms (cache miss)
2774 timing reifyNode:node_modules/function.prototype.name Completed in 2192ms
2775 timing reifyNode:node_modules/es-iterator-helpers Completed in 2193ms
2776 http fetch GET 200 https://registry.npmjs.org/has-property-descriptors/-/has-property-descriptors-1.0.2.tgz 2082ms (cache miss)
2777 timing reifyNode:node_modules/array-buffer-byte-length Completed in 2196ms
2778 http fetch GET 200 https://registry.npmjs.org/define-data-property/-/define-data-property-1.1.4.tgz 2082ms (cache miss)
2779 timing reifyNode:node_modules/gopd Completed in 2196ms
2780 http fetch GET 200 https://registry.npmjs.org/es-shim-unscopables/-/es-shim-unscopables-1.1.0.tgz 2087ms (cache miss)
2781 http fetch GET 200 https://registry.npmjs.org/axobject-query/-/axobject-query-4.1.0.tgz 2105ms (cache miss)
2782 timing reifyNode:node_modules/data-view-byte-offset Completed in 2203ms
2783 timing reifyNode:node_modules/has-property-descriptors Completed in 2202ms
2784 http fetch GET 200 https://registry.npmjs.org/arraybuffer.prototype.slice/-/arraybuffer.prototype.slice-1.0.4.tgz 2090ms (cache miss)
2785 timing reifyNode:node_modules/axobject-query Completed in 2206ms
2786 http fetch GET 200 https://registry.npmjs.org/function-bind/-/function-bind-1.1.2.tgz 2092ms (cache miss)
2787 timing reifyNode:node_modules/es-to-primitive Completed in 2209ms
2788 timing reifyNode:node_modules/define-data-property Completed in 2210ms
2789 timing reifyNode:node_modules/es-shim-unscopables Completed in 2210ms
2790 http fetch GET 200 https://registry.npmjs.org/available-typed-arrays/-/available-typed-arrays-1.0.7.tgz 2096ms (cache miss)
2791 http fetch GET 200 https://registry.npmjs.org/es-define-property/-/es-define-property-1.0.1.tgz 2100ms (cache miss)
2792 http fetch GET 200 https://registry.npmjs.org/es-errors/-/es-errors-1.3.0.tgz 2099ms (cache miss)
2793 http fetch GET 200 https://registry.npmjs.org/is-string/-/is-string-1.1.1.tgz 2100ms (cache miss)
2794 timing reifyNode:node_modules/available-typed-arrays Completed in 2217ms
2795 timing reifyNode:node_modules/arraybuffer.prototype.slice Completed in 2217ms
2796 http fetch GET 200 https://registry.npmjs.org/es-object-atoms/-/es-object-atoms-1.1.1.tgz 2101ms (cache miss)
2797 timing reifyNode:node_modules/function-bind Completed in 2218ms
2798 timing reifyNode:node_modules/es-define-property Completed in 2218ms
2799 timing reifyNode:node_modules/is-string Completed in 2218ms
2800 http fetch GET 200 https://registry.npmjs.org/call-bind-apply-helpers/-/call-bind-apply-helpers-1.0.2.tgz 2103ms (cache miss)
2801 http fetch GET 200 https://registry.npmjs.org/math-intrinsics/-/math-intrinsics-1.1.0.tgz 2105ms (cache miss)
2802 http fetch GET 200 https://registry.npmjs.org/get-intrinsic/-/get-intrinsic-1.3.0.tgz 2107ms (cache miss)
2803 http fetch GET 200 https://registry.npmjs.org/set-function-length/-/set-function-length-1.2.2.tgz 2110ms (cache miss)
2804 http fetch GET 200 https://registry.npmjs.org/call-bound/-/call-bound-1.0.4.tgz 2109ms (cache miss)
2805 timing reifyNode:node_modules/es-object-atoms Completed in 2228ms
2806 http fetch GET 200 https://registry.npmjs.org/is-date-object/-/is-date-object-1.1.0.tgz 2111ms (cache miss)
2807 timing reifyNode:node_modules/call-bound Completed in 2229ms
2808 timing reifyNode:node_modules/get-intrinsic Completed in 2229ms
2809 timing reifyNode:node_modules/set-function-length Completed in 2231ms
2810 timing reifyNode:node_modules/is-date-object Completed in 2237ms
2811 http fetch GET 200 https://registry.npmjs.org/string.prototype.trimend/-/string.prototype.trimend-1.0.9.tgz 2123ms (cache miss)
2812 timing reifyNode:node_modules/es-errors Completed in 2244ms
2813 timing reifyNode:node_modules/call-bind-apply-helpers Completed in 2246ms
2814 timing reifyNode:node_modules/string.prototype.trimend Completed in 2247ms
2815 http fetch GET 200 https://registry.npmjs.org/object.fromentries/-/object.fromentries-2.0.8.tgz 2138ms (cache miss)
2816 http fetch GET 200 https://registry.npmjs.org/object.groupby/-/object.groupby-1.0.3.tgz 2142ms (cache miss)
2817 timing reifyNode:node_modules/object.fromentries Completed in 2264ms
2818 http fetch GET 200 https://registry.npmjs.org/object.values/-/object.values-1.2.1.tgz 2148ms (cache miss)
2819 http fetch GET 200 https://registry.npmjs.org/call-bind/-/call-bind-1.0.8.tgz 2152ms (cache miss)
2820 http fetch GET 200 https://registry.npmjs.org/hasown/-/hasown-2.0.2.tgz 2154ms (cache miss)
2821 timing reifyNode:node_modules/hasown Completed in 2276ms
2822 http fetch GET 200 https://registry.npmjs.org/array.prototype.flatmap/-/array.prototype.flatmap-1.3.3.tgz 2156ms (cache miss)
2823 http fetch GET 200 https://registry.npmjs.org/semver/-/semver-6.3.1.tgz 2162ms (cache miss)
2824 timing reifyNode:node_modules/semver Completed in 2280ms
2825 timing reifyNode:node_modules/call-bind Completed in 2283ms
2826 timing reifyNode:node_modules/object.groupby Completed in 2284ms
2827 timing reifyNode:node_modules/math-intrinsics Completed in 2286ms
2828 timing reifyNode:node_modules/object.values Completed in 2289ms
2829 http fetch GET 200 https://registry.npmjs.org/array.prototype.findlastindex/-/array.prototype.findlastindex-1.2.6.tgz 2172ms (cache miss)
2830 timing reifyNode:node_modules/array.prototype.findlastindex Completed in 2299ms
2831 http fetch GET 200 https://registry.npmjs.org/caniuse-lite/-/caniuse-lite-1.0.30001765.tgz 2222ms (cache miss)
2832 timing reifyNode:node_modules/caniuse-lite Completed in 2308ms
2833 http fetch GET 200 https://registry.npmjs.org/array.prototype.flat/-/array.prototype.flat-1.3.3.tgz 2180ms (cache miss)
2834 http fetch GET 200 https://registry.npmjs.org/array-includes/-/array-includes-3.1.9.tgz 2181ms (cache miss)
2835 timing reifyNode:node_modules/array.prototype.flatmap Completed in 2304ms
2836 http fetch GET 200 https://registry.npmjs.org/tinyglobby/-/tinyglobby-0.2.15.tgz 2184ms (cache miss)
2837 timing reifyNode:node_modules/tinyglobby Completed in 2307ms
2838 http fetch GET 200 https://registry.npmjs.org/define-properties/-/define-properties-1.2.1.tgz 2186ms (cache miss)
2839 timing reifyNode:node_modules/array.prototype.flat Completed in 2309ms
2840 timing reifyNode:node_modules/define-properties Completed in 2309ms
2841 timing reifyNode:node_modules/array-includes Completed in 2310ms
2842 http fetch GET 200 https://registry.npmjs.org/doctrine/-/doctrine-2.1.0.tgz 2188ms (cache miss)
2843 timing reifyNode:node_modules/doctrine Completed in 2310ms
2844 http fetch GET 200 https://registry.npmjs.org/is-bun-module/-/is-bun-module-2.0.0.tgz 2186ms (cache miss)
2845 timing reifyNode:node_modules/is-bun-module Completed in 2310ms
2846 http fetch GET 200 https://registry.npmjs.org/@rtsao/scc/-/scc-1.1.0.tgz 2189ms (cache miss)
2847 timing reifyNode:node_modules/@rtsao/scc Completed in 2313ms
2848 http fetch GET 200 https://registry.npmjs.org/is-core-module/-/is-core-module-2.16.1.tgz 2190ms (cache miss)
2849 http fetch GET 200 https://registry.npmjs.org/@nolyfill/is-core-module/-/is-core-module-1.0.39.tgz 2197ms (cache miss)
2850 timing reifyNode:node_modules/@nolyfill/is-core-module Completed in 2322ms
2851 timing reifyNode:node_modules/is-core-module Completed in 2323ms
2852 http fetch GET 200 https://registry.npmjs.org/aria-query/-/aria-query-5.3.2.tgz 2233ms (cache miss)
2853 http fetch GET 200 https://registry.npmjs.org/unrs-resolver/-/unrs-resolver-1.11.1.tgz 2207ms (cache miss)
2854 timing reifyNode:node_modules/unrs-resolver Completed in 2330ms
2855 timing reifyNode:node_modules/aria-query Completed in 2336ms
2856 http fetch GET 200 https://registry.npmjs.org/typescript-eslint/-/typescript-eslint-8.53.1.tgz 2212ms (cache miss)
2857 http fetch GET 200 https://registry.npmjs.org/@babel/helpers/-/helpers-7.28.6.tgz 2248ms (cache miss)
2858 timing reifyNode:node_modules/@babel/helpers Completed in 2342ms
2859 timing reifyNode:node_modules/typescript-eslint Completed in 2340ms
2860 http fetch GET 200 https://registry.npmjs.org/eslint-import-resolver-typescript/-/eslint-import-resolver-typescript-3.10.1.tgz 2246ms (cache miss)
2861 timing reifyNode:node_modules/eslint-import-resolver-typescript Completed in 2396ms
2862 http fetch GET 200 https://registry.npmjs.org/eslint-module-utils/-/eslint-module-utils-2.12.1.tgz 2286ms (cache miss)
2863 timing reifyNode:node_modules/eslint-module-utils Completed in 2409ms
2864 http fetch GET 200 https://registry.npmjs.org/ms/-/ms-2.1.3.tgz 2281ms (cache miss)
2865 timing reifyNode:node_modules/ms Completed in 2409ms
2866 http fetch GET 200 https://registry.npmjs.org/eslint-import-resolver-node/-/eslint-import-resolver-node-0.3.9.tgz 2295ms (cache miss)
2867 timing reifyNode:node_modules/eslint-import-resolver-node Completed in 2422ms
2868 http fetch GET 200 https://registry.npmjs.org/tsconfig-paths/-/tsconfig-paths-3.15.0.tgz 2306ms (cache miss)
2869 timing reifyNode:node_modules/tsconfig-paths Completed in 2427ms
2870 http fetch GET 200 https://registry.npmjs.org/get-tsconfig/-/get-tsconfig-4.13.0.tgz 2323ms (cache miss)
2871 timing reifyNode:node_modules/get-tsconfig Completed in 2446ms
2872 http fetch GET 200 https://registry.npmjs.org/axe-core/-/axe-core-4.11.1.tgz 2427ms (cache miss)
2873 timing reifyNode:node_modules/axe-core Completed in 2526ms
2874 http fetch GET 200 https://registry.npmjs.org/which/-/which-2.0.2.tgz 2476ms (cache miss)
2875 timing reifyNode:node_modules/which Completed in 2603ms
2876 http fetch GET 200 https://registry.npmjs.org/stable-hash/-/stable-hash-0.0.5.tgz 2524ms (cache miss)
2877 timing reifyNode:node_modules/stable-hash Completed in 2651ms
2878 http fetch GET 200 https://registry.npmjs.org/color-name/-/color-name-1.1.4.tgz 2565ms (cache miss)
2879 timing reifyNode:node_modules/color-name Completed in 2693ms
2880 http fetch GET 200 https://registry.npmjs.org/path-key/-/path-key-3.1.1.tgz 2604ms (cache miss)
2881 timing reifyNode:node_modules/path-key Completed in 2732ms
2882 http fetch GET 200 https://registry.npmjs.org/color-convert/-/color-convert-2.0.1.tgz 2613ms (cache miss)
2883 timing reifyNode:node_modules/color-convert Completed in 2741ms
2884 http fetch GET 200 https://registry.npmjs.org/supports-color/-/supports-color-7.2.0.tgz 2615ms (cache miss)
2885 timing reifyNode:node_modules/supports-color Completed in 2746ms
2886 http fetch GET 200 https://registry.npmjs.org/ansi-styles/-/ansi-styles-4.3.0.tgz 2630ms (cache miss)
2887 timing reifyNode:node_modules/ansi-styles Completed in 2763ms
2888 http fetch GET 200 https://registry.npmjs.org/fast-json-stable-stringify/-/fast-json-stable-stringify-2.1.0.tgz 2647ms (cache miss)
2889 http fetch GET 200 https://registry.npmjs.org/shebang-command/-/shebang-command-2.0.0.tgz 2647ms (cache miss)
2890 timing reifyNode:node_modules/shebang-command Completed in 2780ms
2891 http fetch GET 200 https://registry.npmjs.org/json-schema-traverse/-/json-schema-traverse-0.4.1.tgz 2650ms (cache miss)
2892 http fetch GET 200 https://registry.npmjs.org/strip-json-comments/-/strip-json-comments-3.1.1.tgz 2650ms (cache miss)
2893 timing reifyNode:node_modules/strip-json-comments Completed in 2784ms
2894 http fetch GET 200 https://registry.npmjs.org/@humanfs/core/-/core-0.19.1.tgz 2664ms (cache miss)
2895 http fetch GET 200 https://registry.npmjs.org/import-fresh/-/import-fresh-3.3.1.tgz 2665ms (cache miss)
2896 timing reifyNode:node_modules/import-fresh Completed in 2797ms
2897 timing reifyNode:node_modules/json-schema-traverse Completed in 2804ms
2898 http fetch GET 200 https://registry.npmjs.org/minimatch/-/minimatch-3.1.2.tgz 2674ms (cache miss)
2899 timing reifyNode:node_modules/minimatch Completed in 2808ms
2900 http fetch GET 200 https://registry.npmjs.org/levn/-/levn-0.4.1.tgz 2678ms (cache miss)
2901 timing reifyNode:node_modules/levn Completed in 2813ms
2902 http fetch GET 200 https://registry.npmjs.org/fast-glob/-/fast-glob-3.3.1.tgz 2690ms (cache miss)
2903 timing reifyNode:node_modules/fast-glob Completed in 2815ms
2904 http fetch GET 200 https://registry.npmjs.org/@types/json-schema/-/json-schema-7.0.15.tgz 2682ms (cache miss)
2905 timing reifyNode:node_modules/@types/json-schema Completed in 2815ms
2906 http fetch GET 200 https://registry.npmjs.org/lodash.merge/-/lodash.merge-4.6.2.tgz 2689ms (cache miss)
2907 timing reifyNode:node_modules/lodash.merge Completed in 2823ms
2908 http fetch GET 200 https://registry.npmjs.org/@eslint/object-schema/-/object-schema-2.1.7.tgz 2690ms (cache miss)
2909 http fetch GET 200 https://registry.npmjs.org/ignore/-/ignore-5.3.2.tgz 2689ms (cache miss)
2910 http fetch GET 200 https://registry.npmjs.org/optionator/-/optionator-0.9.4.tgz 2696ms (cache miss)
2911 timing reifyNode:node_modules/optionator Completed in 2830ms
2912 http fetch GET 200 https://registry.npmjs.org/natural-compare/-/natural-compare-1.4.0.tgz 2703ms (cache miss)
2913 timing reifyNode:node_modules/natural-compare Completed in 2836ms
2914 timing reifyNode:node_modules/ignore Completed in 2838ms
2915 http fetch GET 200 https://registry.npmjs.org/fast-deep-equal/-/fast-deep-equal-3.1.3.tgz 2701ms (cache miss)
2916 http fetch GET 200 https://registry.npmjs.org/json-stable-stringify-without-jsonify/-/json-stable-stringify-without-jsonify-1.0.1.tgz 2703ms (cache miss)
2917 http fetch GET 200 https://registry.npmjs.org/glob-parent/-/glob-parent-6.0.2.tgz 2703ms (cache miss)
2918 timing reifyNode:node_modules/glob-parent Completed in 2838ms
2919 http fetch GET 200 https://registry.npmjs.org/imurmurhash/-/imurmurhash-0.1.4.tgz 2708ms (cache miss)
2920 timing reifyNode:node_modules/imurmurhash Completed in 2844ms
2921 http fetch GET 200 https://registry.npmjs.org/find-up/-/find-up-5.0.0.tgz 2708ms (cache miss)
2922 timing reifyNode:node_modules/find-up Completed in 2844ms
2923 http fetch GET 200 https://registry.npmjs.org/is-glob/-/is-glob-4.0.3.tgz 2716ms (cache miss)
2924 timing reifyNode:node_modules/is-glob Completed in 2853ms
2925 timing reifyNode:node_modules/fast-deep-equal Completed in 2855ms
2926 http fetch GET 200 https://registry.npmjs.org/file-entry-cache/-/file-entry-cache-8.0.0.tgz 2719ms (cache miss)
2927 timing reifyNode:node_modules/file-entry-cache Completed in 2856ms
2928 http fetch GET 200 https://registry.npmjs.org/escape-string-regexp/-/escape-string-regexp-4.0.0.tgz 2738ms (cache miss)
2929 timing reifyNode:node_modules/escape-string-regexp Completed in 2883ms
2930 timing reifyNode:node_modules/@humanfs/core Completed in 2884ms
2931 timing reifyNode:node_modules/fast-json-stable-stringify Completed in 2889ms
2932 timing reifyNode:node_modules/@eslint/object-schema Completed in 2906ms
2933 http fetch GET 200 https://registry.npmjs.org/debug/-/debug-4.4.3.tgz 2769ms (cache miss)
2934 timing reifyNode:node_modules/debug Completed in 2910ms
2935 http fetch GET 200 https://registry.npmjs.org/@humanwhocodes/retry/-/retry-0.4.3.tgz 2767ms (cache miss)
2936 http fetch GET 200 https://registry.npmjs.org/esutils/-/esutils-2.0.3.tgz 2773ms (cache miss)
2937 http fetch GET 200 https://registry.npmjs.org/eslint-visitor-keys/-/eslint-visitor-keys-4.2.1.tgz 2778ms (cache miss)
2938 timing reifyNode:node_modules/json-stable-stringify-without-jsonify Completed in 2916ms
2939 http fetch GET 200 https://registry.npmjs.org/chalk/-/chalk-4.1.2.tgz 2780ms (cache miss)
2940 timing reifyNode:node_modules/chalk Completed in 2923ms
2941 http fetch GET 200 https://registry.npmjs.org/cross-spawn/-/cross-spawn-7.0.6.tgz 2780ms (cache miss)
2942 timing reifyNode:node_modules/cross-spawn Completed in 2924ms
2943 http fetch GET 200 https://registry.npmjs.org/@types/estree/-/estree-1.0.8.tgz 2790ms (cache miss)
2944 timing reifyNode:node_modules/@types/estree Completed in 2933ms
2945 http fetch GET 200 https://registry.npmjs.org/globals/-/globals-14.0.0.tgz 2792ms (cache miss)
2946 http fetch GET 200 https://registry.npmjs.org/espree/-/espree-10.4.0.tgz 2799ms (cache miss)
2947 timing reifyNode:node_modules/esutils Completed in 2970ms
2948 timing reifyNode:node_modules/eslint-visitor-keys Completed in 2971ms
2949 timing reifyNode:node_modules/espree Completed in 2985ms
2950 timing reifyNode:node_modules/globals Completed in 3000ms
2951 http fetch GET 200 https://registry.npmjs.org/tapable/-/tapable-2.3.0.tgz 2859ms (cache miss)
2952 timing reifyNode:node_modules/@humanwhocodes/retry Completed in 3008ms
2953 http fetch GET 200 https://registry.npmjs.org/graceful-fs/-/graceful-fs-4.2.11.tgz 2861ms (cache miss)
2954 timing reifyNode:node_modules/graceful-fs Completed in 3009ms
2955 http fetch GET 200 https://registry.npmjs.org/@humanfs/node/-/node-0.16.7.tgz 2873ms (cache miss)
2956 timing reifyNode:node_modules/@humanfs/node Completed in 3016ms
2957 http fetch GET 200 https://registry.npmjs.org/@eslint/js/-/js-9.39.2.tgz 2876ms (cache miss)
2958 http fetch GET 200 https://registry.npmjs.org/@humanwhocodes/module-importer/-/module-importer-1.0.1.tgz 2882ms (cache miss)
2959 timing reifyNode:node_modules/@eslint/js Completed in 3030ms
2960 http fetch GET 200 https://registry.npmjs.org/@eslint/core/-/core-0.17.0.tgz 2903ms (cache miss)
2961 timing reifyNode:node_modules/@humanwhocodes/module-importer Completed in 3059ms
2962 timing reifyNode:node_modules/@eslint/core Completed in 3083ms
2963 http fetch GET 200 https://registry.npmjs.org/@jridgewell/resolve-uri/-/resolve-uri-3.1.2.tgz 2945ms (cache miss)
2964 http fetch GET 200 https://registry.npmjs.org/@eslint/plugin-kit/-/plugin-kit-0.4.1.tgz 2950ms (cache miss)
2965 http fetch GET 200 https://registry.npmjs.org/eslint-scope/-/eslint-scope-8.4.0.tgz 2960ms (cache miss)
2966 timing reifyNode:node_modules/@jridgewell/resolve-uri Completed in 3098ms
2967 http fetch GET 200 https://registry.npmjs.org/@eslint/config-helpers/-/config-helpers-0.4.2.tgz 2952ms (cache miss)
2968 timing reifyNode:node_modules/eslint-scope Completed in 3103ms
2969 timing reifyNode:node_modules/@eslint/plugin-kit Completed in 3104ms
2970 http fetch GET 200 https://registry.npmjs.org/@tailwindcss/oxide/-/oxide-4.1.18.tgz 2956ms (cache miss)
2971 timing reifyNode:node_modules/@tailwindcss/oxide Completed in 3107ms
2972 http fetch GET 200 https://registry.npmjs.org/@alloc/quick-lru/-/quick-lru-5.2.0.tgz 2959ms (cache miss)
2973 timing reifyNode:node_modules/@alloc/quick-lru Completed in 3109ms
2974 timing reifyNode:node_modules/tapable Completed in 3111ms
2975 timing reifyNode:node_modules/@eslint/config-helpers Completed in 3128ms
2976 http fetch GET 200 https://registry.npmjs.org/@tailwindcss/node/-/node-4.1.18.tgz 2992ms (cache miss)
2977 http fetch GET 200 https://registry.npmjs.org/@types/react-dom/-/react-dom-19.2.3.tgz 2993ms (cache miss)
2978 http fetch GET 200 https://registry.npmjs.org/eslint-config-next/-/eslint-config-next-16.1.3.tgz 3002ms (cache miss)
2979 timing reifyNode:node_modules/@tailwindcss/node Completed in 3159ms
2980 timing reifyNode:node_modules/eslint-config-next Completed in 3159ms
2981 http fetch GET 200 https://registry.npmjs.org/source-map-js/-/source-map-js-1.2.1.tgz 3025ms (cache miss)
2982 http fetch GET 200 https://registry.npmjs.org/@next/eslint-plugin-next/-/eslint-plugin-next-16.1.3.tgz 3052ms (cache miss)
2983 timing reifyNode:node_modules/source-map-js Completed in 3199ms
2984 timing reifyNode:node_modules/@next/eslint-plugin-next Completed in 3202ms
2985 timing reifyNode:node_modules/@types/react-dom Completed in 3199ms
2986 http fetch GET 200 https://registry.npmjs.org/@eslint-community/regexpp/-/regexpp-4.12.2.tgz 3058ms (cache miss)
2987 timing reifyNode:node_modules/@eslint-community/regexpp Completed in 3202ms
2988 http fetch GET 200 https://registry.npmjs.org/@jridgewell/sourcemap-codec/-/sourcemap-codec-1.5.5.tgz 3058ms (cache miss)
2989 http fetch GET 200 https://registry.npmjs.org/@eslint-community/eslint-utils/-/eslint-utils-4.9.1.tgz 3064ms (cache miss)
2990 timing reifyNode:node_modules/@jridgewell/sourcemap-codec Completed in 3215ms
2991 timing reifyNode:node_modules/@eslint-community/eslint-utils Completed in 3219ms
2992 http fetch GET 200 https://registry.npmjs.org/brace-expansion/-/brace-expansion-2.0.2.tgz 3066ms (cache miss)
2993 timing reifyNode:node_modules/@typescript-eslint/typescript-estree/node_modules/brace-expansion Completed in 3234ms
2994 http fetch GET 200 https://registry.npmjs.org/@jridgewell/gen-mapping/-/gen-mapping-0.3.13.tgz 3077ms (cache miss)
2995 http fetch GET 200 https://registry.npmjs.org/magic-string/-/magic-string-0.30.21.tgz 3076ms (cache miss)
2996 http fetch GET 200 https://registry.npmjs.org/@eslint/config-array/-/config-array-0.21.1.tgz 3083ms (cache miss)
2997 http fetch GET 200 https://registry.npmjs.org/undici-types/-/undici-types-6.21.0.tgz 3081ms (cache miss)
2998 http fetch GET 200 https://registry.npmjs.org/@jridgewell/remapping/-/remapping-2.3.5.tgz 3079ms (cache miss)
2999 timing reifyNode:node_modules/@jridgewell/gen-mapping Completed in 3260ms
3000 timing reifyNode:node_modules/magic-string Completed in 3264ms
3001 timing reifyNode:node_modules/@eslint/config-array Completed in 3271ms
3002 timing reifyNode:node_modules/undici-types Completed in 3278ms
3003 http fetch GET 200 https://registry.npmjs.org/ignore/-/ignore-7.0.5.tgz 3123ms (cache miss)
3004 http fetch GET 200 https://registry.npmjs.org/js-yaml/-/js-yaml-4.1.1.tgz 3149ms (cache miss)
3005 timing reifyNode:node_modules/js-yaml Completed in 3283ms
3006 timing reifyNode:node_modules/@jridgewell/remapping Completed in 3282ms
3007 http fetch GET 200 https://registry.npmjs.org/lightningcss/-/lightningcss-1.30.2.tgz 3133ms (cache miss)
3008 timing reifyNode:node_modules/@typescript-eslint/eslint-plugin/node_modules/ignore Completed in 3296ms
3009 http fetch GET 200 https://registry.npmjs.org/react/-/react-19.2.3.tgz 3131ms (cache miss)
3010 timing reifyNode:node_modules/lightningcss Completed in 3291ms
3011 timing reifyNode:node_modules/react Completed in 3290ms
3012 http fetch GET 200 https://registry.npmjs.org/fdir/-/fdir-6.5.0.tgz 3153ms (cache miss)
3013 timing reifyNode:node_modules/tinyglobby/node_modules/fdir Completed in 3319ms
3014 http fetch GET 200 https://registry.npmjs.org/lightningcss-darwin-arm64/-/lightningcss-darwin-arm64-1.30.2.tgz 3252ms (cache miss)
3015 timing reifyNode:node_modules/lightningcss-darwin-arm64 Completed in 3330ms
3016 http fetch GET 200 https://registry.npmjs.org/enhanced-resolve/-/enhanced-resolve-5.18.4.tgz 3175ms (cache miss)
3017 timing reifyNode:node_modules/enhanced-resolve Completed in 3325ms
3018 http fetch GET 200 https://registry.npmjs.org/esquery/-/esquery-1.7.0.tgz 3190ms (cache miss)
3019 timing reifyNode:node_modules/esquery Completed in 3331ms
3020 http fetch GET 200 https://registry.npmjs.org/@jridgewell/trace-mapping/-/trace-mapping-0.3.31.tgz 3176ms (cache miss)
3021 http fetch GET 200 https://registry.npmjs.org/postcss/-/postcss-8.5.6.tgz 3179ms (cache miss)
3022 timing reifyNode:node_modules/@jridgewell/trace-mapping Completed in 3334ms
3023 timing reifyNode:node_modules/postcss Completed in 3336ms
3024 http fetch GET 200 https://registry.npmjs.org/uri-js/-/uri-js-4.4.1.tgz 3207ms (cache miss)
3025 timing reifyNode:node_modules/uri-js Completed in 3339ms
3026 http fetch GET 200 https://registry.npmjs.org/csstype/-/csstype-3.2.3.tgz 3192ms (cache miss)
3027 timing reifyNode:node_modules/csstype Completed in 3341ms
3028 http fetch GET 200 https://registry.npmjs.org/debug/-/debug-3.2.7.tgz 3187ms (cache miss)
3029 timing reifyNode:node_modules/eslint-module-utils/node_modules/debug Completed in 3347ms
3030 http fetch GET 200 https://registry.npmjs.org/@eslint/eslintrc/-/eslintrc-3.3.3.tgz 3202ms (cache miss)
3031 timing reifyNode:node_modules/@eslint/eslintrc Completed in 3349ms
3032 http fetch GET 200 https://registry.npmjs.org/semver/-/semver-7.7.3.tgz 3201ms (cache miss)
3033 http fetch GET 200 https://registry.npmjs.org/semver/-/semver-7.7.3.tgz 3201ms (cache miss)
3034 timing reifyNode:node_modules/@typescript-eslint/typescript-estree/node_modules/semver Completed in 3372ms
3035 timing reifyNode:node_modules/sharp/node_modules/semver Completed in 3370ms
3036 http fetch GET 200 https://registry.npmjs.org/json5/-/json5-1.0.2.tgz 3208ms (cache miss)
3037 timing reifyNode:node_modules/tsconfig-paths/node_modules/json5 Completed in 3369ms
3038 http fetch GET 200 https://registry.npmjs.org/debug/-/debug-3.2.7.tgz 3213ms (cache miss)
3039 http fetch GET 200 https://registry.npmjs.org/tailwindcss/-/tailwindcss-4.1.18.tgz 3216ms (cache miss)
3040 timing reifyNode:node_modules/eslint-plugin-import/node_modules/debug Completed in 3374ms
3041 timing reifyNode:node_modules/tailwindcss Completed in 3372ms
3042 http fetch GET 200 https://registry.npmjs.org/semver/-/semver-7.7.3.tgz 3217ms (cache miss)
3043 timing reifyNode:node_modules/is-bun-module/node_modules/semver Completed in 3378ms
3044 http fetch GET 200 https://registry.npmjs.org/jiti/-/jiti-2.6.1.tgz 3240ms (cache miss)
3045 timing reifyNode:node_modules/jiti Completed in 3393ms
3046 http fetch GET 200 https://registry.npmjs.org/resolve/-/resolve-1.22.11.tgz 3296ms (cache miss)
3047 http fetch GET 200 https://registry.npmjs.org/eslint-visitor-keys/-/eslint-visitor-keys-3.4.3.tgz 3261ms (cache miss)
3048 http fetch GET 200 https://registry.npmjs.org/ajv/-/ajv-6.12.6.tgz 3278ms (cache miss)
3049 timing reifyNode:node_modules/ajv Completed in 3421ms
3050 http fetch GET 200 https://registry.npmjs.org/debug/-/debug-3.2.7.tgz 3262ms (cache miss)
3051 timing reifyNode:node_modules/resolve Completed in 3422ms
3052 timing reifyNode:node_modules/eslint-import-resolver-node/node_modules/debug Completed in 3423ms
3053 timing reifyNode:node_modules/@eslint-community/eslint-utils/node_modules/eslint-visitor-keys Completed in 3422ms
3054 http fetch GET 200 https://registry.npmjs.org/eslint-plugin-react-hooks/-/eslint-plugin-react-hooks-7.0.1.tgz 3335ms (cache miss)
3055 timing reifyNode:node_modules/eslint-plugin-react-hooks Completed in 3461ms
3056 http fetch GET 200 https://registry.npmjs.org/eslint-plugin-import/-/eslint-plugin-import-2.32.0.tgz 3338ms (cache miss)
3057 timing reifyNode:node_modules/eslint-plugin-import Completed in 3467ms
3058 http fetch GET 200 https://registry.npmjs.org/postcss/-/postcss-8.4.31.tgz 3315ms (cache miss)
3059 timing reifyNode:node_modules/next/node_modules/postcss Completed in 3472ms
3060 http fetch GET 200 https://registry.npmjs.org/eslint-plugin-jsx-a11y/-/eslint-plugin-jsx-a11y-6.10.2.tgz 3362ms (cache miss)
3061 timing reifyNode:node_modules/eslint-plugin-jsx-a11y Completed in 3488ms
3062 http fetch GET 200 https://registry.npmjs.org/@img/sharp-libvips-darwin-arm64/-/sharp-libvips-darwin-arm64-1.2.4.tgz 3451ms (cache miss)
3063 timing reifyNode:node_modules/@img/sharp-libvips-darwin-arm64 Completed in 3520ms
3064 http fetch GET 200 https://registry.npmjs.org/eslint-plugin-react/-/eslint-plugin-react-7.37.5.tgz 3429ms (cache miss)
3065 timing reifyNode:node_modules/eslint-plugin-react Completed in 3558ms
3066 http fetch GET 200 https://registry.npmjs.org/zod/-/zod-4.3.5.tgz 3559ms (cache miss)
3067 timing reifyNode:node_modules/zod Completed in 3655ms
3068 http fetch GET 200 https://registry.npmjs.org/@tailwindcss/postcss/-/postcss-4.1.18.tgz 3517ms (cache miss)
3069 timing reifyNode:node_modules/@tailwindcss/postcss Completed in 3675ms
3070 http fetch GET 200 https://registry.npmjs.org/globals/-/globals-16.4.0.tgz 3530ms (cache miss)
3071 timing reifyNode:node_modules/eslint-config-next/node_modules/globals Completed in 3688ms
3072 http fetch GET 200 https://registry.npmjs.org/@types/react/-/react-19.2.8.tgz 3564ms (cache miss)
3073 timing reifyNode:node_modules/@types/react Completed in 3722ms
3074 http fetch GET 200 https://registry.npmjs.org/resolve/-/resolve-2.0.0-next.5.tgz 3594ms (cache miss)
3075 timing reifyNode:node_modules/eslint-plugin-react/node_modules/resolve Completed in 3754ms
3076 http fetch GET 200 https://registry.npmjs.org/glob-parent/-/glob-parent-5.1.2.tgz 3655ms (cache miss)
3077 timing reifyNode:node_modules/fast-glob/node_modules/glob-parent Completed in 3825ms
3078 http fetch GET 200 https://registry.npmjs.org/react-dom/-/react-dom-19.2.3.tgz 3679ms (cache miss)
3079 timing reifyNode:node_modules/react-dom Completed in 3832ms
3080 http fetch GET 200 https://registry.npmjs.org/minimatch/-/minimatch-9.0.5.tgz 3677ms (cache miss)
3081 timing reifyNode:node_modules/@typescript-eslint/typescript-estree/node_modules/minimatch Completed in 3845ms
3082 http fetch GET 200 https://registry.npmjs.org/picomatch/-/picomatch-4.0.3.tgz 3666ms (cache miss)
3083 timing reifyNode:node_modules/tinyglobby/node_modules/picomatch Completed in 3835ms
3084 http fetch GET 200 https://registry.npmjs.org/@types/node/-/node-20.19.30.tgz 3682ms (cache miss)
3085 timing reifyNode:node_modules/@types/node Completed in 3837ms
3086 http fetch GET 200 https://registry.npmjs.org/es-abstract/-/es-abstract-1.24.1.tgz 3942ms (cache miss)
3087 timing reifyNode:node_modules/es-abstract Completed in 4059ms
3088 http fetch GET 200 https://registry.npmjs.org/eslint/-/eslint-9.39.2.tgz 5163ms (cache miss)
3089 timing reifyNode:node_modules/eslint Completed in 5318ms
3090 http fetch GET 200 https://registry.npmjs.org/@tailwindcss/oxide-darwin-arm64/-/oxide-darwin-arm64-4.1.18.tgz 5185ms (cache miss)
3091 timing reifyNode:node_modules/@tailwindcss/oxide-darwin-arm64 Completed in 5333ms
3092 http fetch GET 200 https://registry.npmjs.org/typescript/-/typescript-5.9.3.tgz 6805ms (cache miss)
3093 timing reifyNode:node_modules/typescript Completed in 6959ms
3094 http fetch GET 200 https://registry.npmjs.org/@next/swc-darwin-arm64/-/swc-darwin-arm64-16.1.3.tgz 12522ms (cache miss)
3095 timing reifyNode:node_modules/@next/swc-darwin-arm64 Completed in 12596ms
3096 http fetch GET 200 https://registry.npmjs.org/next/-/next-16.1.3.tgz 14777ms (cache miss)
3097 timing reifyNode:node_modules/next Completed in 14931ms
3098 timing reify:unpack Completed in 14946ms
3099 timing reify:unretire Completed in 0ms
3100 timing build:queue Completed in 4ms
3101 timing build:link:node_modules/jiti Completed in 4ms
3102 timing build:link:node_modules/jsesc Completed in 4ms
3103 timing build:link:node_modules/loose-envify Completed in 4ms
3104 timing build:link:node_modules/eslint-plugin-react/node_modules/resolve Completed in 3ms
3105 timing build:link:node_modules/acorn Completed in 4ms
3106 timing build:link:node_modules/js-yaml Completed in 4ms
3107 timing build:link:node_modules/eslint Completed in 4ms
3108 timing build:link:node_modules/@babel/parser Completed in 4ms
3109 timing build:link:node_modules/baseline-browser-mapping Completed in 4ms
3110 timing build:link:node_modules/nanoid Completed in 4ms
3111 timing build:link:node_modules/resolve Completed in 4ms
3112 timing build:link:node_modules/@typescript-eslint/typescript-estree/node_modules/semver Completed in 3ms
3113 timing build:link:node_modules/semver Completed in 4ms
3114 timing build:link:node_modules/next Completed in 4ms
3115 timing build:link:node_modules/napi-postinstall Completed in 4ms
3116 timing build:link:node_modules/json5 Completed in 4ms
3117 timing build:link:node_modules/which Completed in 3ms
3118 timing build:link:node_modules/update-browserslist-db Completed in 4ms
3119 timing build:link:node_modules/browserslist Completed in 4ms
3120 timing build:link:node_modules/typescript Completed in 4ms
3121 timing build:link:node_modules/tsconfig-paths/node_modules/json5 Completed in 3ms
3122 timing build:link:node_modules/sharp/node_modules/semver Completed in 3ms
3123 timing build:link:node_modules/is-bun-module/node_modules/semver Completed in 3ms
3124 timing build:link Completed in 4ms
3125 info run sharp@0.34.5 install node_modules/sharp node install/check.js || npm run build
3126 info run sharp@0.34.5 install { code: 0, signal: null }
3127 timing build:run:install:node_modules/sharp Completed in 1699ms
3128 timing build:run:install Completed in 1700ms
3129 info run unrs-resolver@1.11.1 postinstall node_modules/unrs-resolver napi-postinstall unrs-resolver 1.11.1 check
3130 info run unrs-resolver@1.11.1 postinstall { code: 0, signal: null }
3131 timing build:run:postinstall:node_modules/unrs-resolver Completed in 261ms
3132 timing build:run:postinstall Completed in 261ms
3133 timing build:deps Completed in 1970ms
3134 timing build Completed in 1971ms
3135 timing reify:build Completed in 1971ms
3136 timing reify:trash Completed in 4ms
3137 timing reify:save Completed in 101ms
3138 timing reify Completed in 28613ms
3139 silly ADD node_modules/is-weakset
3140 silly ADD node_modules/is-weakmap
3141 silly ADD node_modules/is-map
3142 silly ADD node_modules/generator-function
3143 silly ADD node_modules/async-function
3144 silly ADD node_modules/which-collection
3145 silly ADD node_modules/is-generator-function
3146 silly ADD node_modules/is-finalizationregistry
3147 silly ADD node_modules/is-async-function
3148 silly ADD node_modules/is-number-object
3149 silly ADD node_modules/is-boolean-object
3150 silly ADD node_modules/is-bigint
3151 silly ADD node_modules/isexe
3152 silly ADD node_modules/punycode
3153 silly ADD node_modules/escalade
3154 silly ADD node_modules/@emnapi/wasi-threads
3155 silly ADD node_modules/@tybys/wasm-util
3156 silly ADD node_modules/@emnapi/core
3157 silly ADD node_modules/@napi-rs/wasm-runtime
3158 silly ADD node_modules/napi-postinstall
3159 silly ADD
3160 silly ADD
3161 silly ADD
3162 silly ADD
3163 silly ADD
3164 silly ADD
3165 silly ADD
3166 silly ADD
3167 silly ADD
3168 silly ADD
3169 silly ADD
3170 silly ADD
3171 silly ADD
3172 silly ADD
3173 silly ADD
3174 silly ADD
3175 silly ADD node_modules/@unrs/resolver-binding-darwin-arm64
3176 silly ADD
3177 silly ADD
3178 silly ADD node_modules/which-boxed-primitive
3179 silly ADD node_modules/has-bigints
3180 silly ADD node_modules/@typescript-eslint/tsconfig-utils
3181 silly ADD node_modules/@typescript-eslint/project-service
3182 silly ADD node_modules/@typescript-eslint/types
3183 silly ADD node_modules/ts-api-utils
3184 silly ADD node_modules/@typescript-eslint/visitor-keys
3185 silly ADD node_modules/@typescript-eslint/type-utils
3186 silly ADD node_modules/@typescript-eslint/scope-manager
3187 silly ADD node_modules/@typescript-eslint/utils
3188 silly ADD node_modules/@typescript-eslint/typescript-estree
3189 silly ADD node_modules/@typescript-eslint/typescript-estree/node_modules/brace-expansion
3190 silly ADD node_modules/@typescript-eslint/typescript-estree/node_modules/semver
3191 silly ADD node_modules/@typescript-eslint/typescript-estree/node_modules/minimatch
3192 silly ADD node_modules/@typescript-eslint/parser
3193 silly ADD node_modules/@typescript-eslint/eslint-plugin
3194 silly ADD node_modules/@typescript-eslint/eslint-plugin/node_modules/ignore
3195 silly ADD node_modules/which-builtin-type
3196 silly ADD node_modules/reflect.getprototypeof
3197 silly ADD node_modules/for-each
3198 silly ADD node_modules/strip-bom
3199 silly ADD node_modules/minimist
3200 silly ADD node_modules/@types/json5
3201 silly ADD node_modules/is-number
3202 silly ADD node_modules/has-flag
3203 silly ADD node_modules/client-only
3204 silly ADD node_modules/side-channel-weakmap
3205 silly ADD node_modules/side-channel-map
3206 silly ADD node_modules/side-channel-list
3207 silly ADD node_modules/shebang-regex
3208 silly ADD node_modules/@emnapi/runtime
3209 silly ADD
3210 silly ADD
3211 silly ADD
3212 silly ADD
3213 silly ADD
3214 silly ADD
3215 silly ADD
3216 silly ADD
3217 silly ADD
3218 silly ADD
3219 silly ADD
3220 silly ADD
3221 silly ADD
3222 silly ADD
3223 silly ADD
3224 silly ADD
3225 silly ADD
3226 silly ADD
3227 silly ADD
3228 silly ADD
3229 silly ADD
3230 silly ADD node_modules/@img/sharp-libvips-darwin-arm64
3231 silly ADD
3232 silly ADD node_modules/@img/sharp-darwin-arm64
3233 silly ADD node_modules/@img/colour
3234 silly ADD node_modules/isarray
3235 silly ADD node_modules/queue-microtask
3236 silly ADD node_modules/supports-preserve-symlinks-flag
3237 silly ADD node_modules/path-parse
3238 silly ADD node_modules/scheduler
3239 silly ADD node_modules/react-is
3240 silly ADD node_modules/object-assign
3241 silly ADD node_modules/loose-envify
3242 silly ADD node_modules/nanoid
3243 silly ADD node_modules/callsites
3244 silly ADD node_modules/yocto-queue
3245 silly ADD node_modules/p-limit
3246 silly ADD node_modules/word-wrap
3247 silly ADD node_modules/fast-levenshtein
3248 silly ADD node_modules/deep-is
3249 silly ADD node_modules/tslib
3250 silly ADD node_modules/styled-jsx
3251 silly ADD node_modules/sharp
3252 silly ADD node_modules/sharp/node_modules/semver
3253 silly ADD node_modules/@swc/helpers
3254 silly ADD
3255 silly ADD
3256 silly ADD
3257 silly ADD
3258 silly ADD
3259 silly ADD
3260 silly ADD
3261 silly ADD node_modules/@next/swc-darwin-arm64
3262 silly ADD node_modules/@next/env
3263 silly ADD node_modules/concat-map
3264 silly ADD node_modules/balanced-match
3265 silly ADD node_modules/brace-expansion
3266 silly ADD node_modules/to-regex-range
3267 silly ADD node_modules/fill-range
3268 silly ADD node_modules/picomatch
3269 silly ADD node_modules/braces
3270 silly ADD node_modules/yallist
3271 silly ADD node_modules/p-locate
3272 silly ADD
3273 silly ADD
3274 silly ADD
3275 silly ADD
3276 silly ADD
3277 silly ADD
3278 silly ADD
3279 silly ADD
3280 silly ADD
3281 silly ADD node_modules/lightningcss-darwin-arm64
3282 silly ADD
3283 silly ADD node_modules/detect-libc
3284 silly ADD node_modules/type-check
3285 silly ADD node_modules/prelude-ls
3286 silly ADD node_modules/language-subtag-registry
3287 silly ADD node_modules/json-buffer
3288 silly ADD node_modules/argparse
3289 silly ADD node_modules/set-function-name
3290 silly ADD node_modules/is-extglob
3291 silly ADD node_modules/side-channel
3292 silly ADD node_modules/resolve-from
3293 silly ADD node_modules/parent-module
3294 silly ADD node_modules/hermes-estree
3295 silly ADD node_modules/resolve-pkg-maps
3296 silly ADD node_modules/dunder-proto
3297 silly ADD node_modules/functions-have-names
3298 silly ADD node_modules/keyv
3299 silly ADD node_modules/flatted
3300 silly ADD node_modules/path-exists
3301 silly ADD node_modules/locate-path
3302 silly ADD node_modules/flat-cache
3303 silly ADD node_modules/reusify
3304 silly ADD node_modules/run-parallel
3305 silly ADD node_modules/fastq
3306 silly ADD node_modules/@nodelib/fs.scandir
3307 silly ADD node_modules/micromatch
3308 silly ADD node_modules/merge2
3309 silly ADD node_modules/@nodelib/fs.walk
3310 silly ADD node_modules/@nodelib/fs.stat
3311 silly ADD node_modules/acorn-jsx
3312 silly ADD node_modules/acorn
3313 silly ADD node_modules/esrecurse
3314 silly ADD node_modules/update-browserslist-db
3315 silly ADD node_modules/node-releases
3316 silly ADD node_modules/electron-to-chromium
3317 silly ADD node_modules/caniuse-lite
3318 silly ADD node_modules/baseline-browser-mapping
3319 silly ADD node_modules/@babel/helper-string-parser
3320 silly ADD node_modules/@babel/helper-globals
3321 silly ADD node_modules/@babel/helper-module-imports
3322 silly ADD node_modules/lru-cache
3323 silly ADD node_modules/browserslist
3324 silly ADD node_modules/@babel/helper-validator-option
3325 silly ADD node_modules/@babel/compat-data
3326 silly ADD node_modules/jsesc
3327 silly ADD node_modules/picocolors
3328 silly ADD node_modules/js-tokens
3329 silly ADD node_modules/@babel/helper-validator-identifier
3330 silly ADD node_modules/json5
3331 silly ADD node_modules/gensync
3332 silly ADD node_modules/convert-source-map
3333 silly ADD node_modules/@babel/types
3334 silly ADD node_modules/@babel/traverse
3335 silly ADD node_modules/@babel/template
3336 silly ADD node_modules/@babel/helpers
3337 silly ADD node_modules/@babel/helper-module-transforms
3338 silly ADD node_modules/@babel/helper-compilation-targets
3339 silly ADD node_modules/@babel/generator
3340 silly ADD node_modules/@babel/code-frame
3341 silly ADD node_modules/zod-validation-error
3342 silly ADD node_modules/zod
3343 silly ADD node_modules/hermes-parser
3344 silly ADD node_modules/@babel/parser
3345 silly ADD node_modules/@babel/core
3346 silly ADD node_modules/iterator.prototype
3347 silly ADD node_modules/string.prototype.repeat
3348 silly ADD node_modules/string.prototype.matchall
3349 silly ADD node_modules/prop-types
3350 silly ADD node_modules/object.entries
3351 silly ADD node_modules/estraverse
3352 silly ADD node_modules/es-iterator-helpers
3353 silly ADD node_modules/array.prototype.tosorted
3354 silly ADD node_modules/array.prototype.findlast
3355 silly ADD node_modules/string.prototype.includes
3356 silly ADD node_modules/language-tags
3357 silly ADD node_modules/jsx-ast-utils
3358 silly ADD node_modules/emoji-regex
3359 silly ADD node_modules/damerau-levenshtein
3360 silly ADD node_modules/axobject-query
3361 silly ADD node_modules/axe-core
3362 silly ADD node_modules/ast-types-flow
3363 silly ADD node_modules/aria-query
3364 silly ADD node_modules/is-symbol
3365 silly ADD node_modules/is-date-object
3366 silly ADD node_modules/has-tostringtag
3367 silly ADD node_modules/possible-typed-array-names
3368 silly ADD node_modules/which-typed-array
3369 silly ADD node_modules/unbox-primitive
3370 silly ADD node_modules/typed-array-length
3371 silly ADD node_modules/typed-array-byte-offset
3372 silly ADD node_modules/typed-array-byte-length
3373 silly ADD node_modules/typed-array-buffer
3374 silly ADD node_modules/string.prototype.trimstart
3375 silly ADD node_modules/string.prototype.trim
3376 silly ADD node_modules/stop-iteration-iterator
3377 silly ADD node_modules/set-proto
3378 silly ADD node_modules/safe-regex-test
3379 silly ADD node_modules/safe-push-apply
3380 silly ADD node_modules/safe-array-concat
3381 silly ADD node_modules/regexp.prototype.flags
3382 silly ADD node_modules/own-keys
3383 silly ADD node_modules/object.assign
3384 silly ADD node_modules/object-inspect
3385 silly ADD node_modules/is-weakref
3386 silly ADD node_modules/is-typed-array
3387 silly ADD node_modules/is-shared-array-buffer
3388 silly ADD node_modules/is-set
3389 silly ADD node_modules/is-regex
3390 silly ADD node_modules/is-negative-zero
3391 silly ADD node_modules/is-data-view
3392 silly ADD node_modules/is-callable
3393 silly ADD node_modules/is-array-buffer
3394 silly ADD node_modules/internal-slot
3395 silly ADD node_modules/has-symbols
3396 silly ADD node_modules/has-proto
3397 silly ADD node_modules/globalthis
3398 silly ADD node_modules/get-symbol-description
3399 silly ADD node_modules/get-proto
3400 silly ADD node_modules/function.prototype.name
3401 silly ADD node_modules/es-to-primitive
3402 silly ADD node_modules/es-set-tostringtag
3403 silly ADD node_modules/data-view-byte-offset
3404 silly ADD node_modules/data-view-byte-length
3405 silly ADD node_modules/data-view-buffer
3406 silly ADD node_modules/available-typed-arrays
3407 silly ADD node_modules/arraybuffer.prototype.slice
3408 silly ADD node_modules/array-buffer-byte-length
3409 silly ADD node_modules/gopd
3410 silly ADD node_modules/object-keys
3411 silly ADD node_modules/has-property-descriptors
3412 silly ADD node_modules/define-data-property
3413 silly ADD node_modules/function-bind
3414 silly ADD node_modules/set-function-length
3415 silly ADD node_modules/es-define-property
3416 silly ADD node_modules/call-bind-apply-helpers
3417 silly ADD node_modules/es-shim-unscopables
3418 silly ADD node_modules/es-errors
3419 silly ADD node_modules/math-intrinsics
3420 silly ADD node_modules/is-string
3421 silly ADD node_modules/get-intrinsic
3422 silly ADD node_modules/es-object-atoms
3423 silly ADD node_modules/es-abstract
3424 silly ADD node_modules/define-properties
3425 silly ADD node_modules/call-bound
3426 silly ADD node_modules/call-bind
3427 silly ADD node_modules/tsconfig-paths
3428 silly ADD node_modules/tsconfig-paths/node_modules/json5
3429 silly ADD node_modules/string.prototype.trimend
3430 silly ADD node_modules/semver
3431 silly ADD node_modules/object.values
3432 silly ADD node_modules/object.groupby
3433 silly ADD node_modules/object.fromentries
3434 silly ADD node_modules/hasown
3435 silly ADD node_modules/eslint-module-utils
3436 silly ADD node_modules/eslint-module-utils/node_modules/debug
3437 silly ADD node_modules/doctrine
3438 silly ADD node_modules/array.prototype.flatmap
3439 silly ADD node_modules/array.prototype.flat
3440 silly ADD node_modules/array.prototype.findlastindex
3441 silly ADD node_modules/array-includes
3442 silly ADD node_modules/@rtsao/scc
3443 silly ADD node_modules/unrs-resolver
3444 silly ADD node_modules/tinyglobby
3445 silly ADD node_modules/tinyglobby/node_modules/picomatch
3446 silly ADD node_modules/tinyglobby/node_modules/fdir
3447 silly ADD node_modules/stable-hash
3448 silly ADD node_modules/is-bun-module
3449 silly ADD node_modules/is-bun-module/node_modules/semver
3450 silly ADD node_modules/get-tsconfig
3451 silly ADD node_modules/@nolyfill/is-core-module
3452 silly ADD node_modules/resolve
3453 silly ADD node_modules/is-core-module
3454 silly ADD node_modules/fast-glob
3455 silly ADD node_modules/fast-glob/node_modules/glob-parent
3456 silly ADD node_modules/typescript-eslint
3457 silly ADD node_modules/eslint-plugin-react-hooks
3458 silly ADD node_modules/eslint-plugin-react
3459 silly ADD node_modules/eslint-plugin-react/node_modules/resolve
3460 silly ADD node_modules/eslint-plugin-jsx-a11y
3461 silly ADD node_modules/eslint-plugin-import
3462 silly ADD node_modules/eslint-plugin-import/node_modules/debug
3463 silly ADD node_modules/eslint-import-resolver-typescript
3464 silly ADD node_modules/eslint-import-resolver-node
3465 silly ADD node_modules/eslint-import-resolver-node/node_modules/debug
3466 silly ADD node_modules/@next/eslint-plugin-next
3467 silly ADD node_modules/ms
3468 silly ADD node_modules/which
3469 silly ADD node_modules/shebang-command
3470 silly ADD node_modules/path-key
3471 silly ADD node_modules/color-name
3472 silly ADD node_modules/color-convert
3473 silly ADD node_modules/supports-color
3474 silly ADD node_modules/ansi-styles
3475 silly ADD node_modules/uri-js
3476 silly ADD node_modules/json-schema-traverse
3477 silly ADD node_modules/fast-json-stable-stringify
3478 silly ADD node_modules/@humanfs/core
3479 silly ADD node_modules/levn
3480 silly ADD node_modules/strip-json-comments
3481 silly ADD node_modules/js-yaml
3482 silly ADD node_modules/import-fresh
3483 silly ADD node_modules/globals
3484 silly ADD node_modules/@types/json-schema
3485 silly ADD node_modules/@eslint/object-schema
3486 silly ADD node_modules/optionator
3487 silly ADD node_modules/natural-compare
3488 silly ADD node_modules/minimatch
3489 silly ADD node_modules/lodash.merge
3490 silly ADD node_modules/json-stable-stringify-without-jsonify
3491 silly ADD node_modules/is-glob
3492 silly ADD node_modules/imurmurhash
3493 silly ADD node_modules/ignore
3494 silly ADD node_modules/glob-parent
3495 silly ADD node_modules/find-up
3496 silly ADD node_modules/file-entry-cache
3497 silly ADD node_modules/fast-deep-equal
3498 silly ADD node_modules/esutils
3499 silly ADD node_modules/esquery
3500 silly ADD node_modules/espree
3501 silly ADD node_modules/eslint-visitor-keys
3502 silly ADD node_modules/eslint-scope
3503 silly ADD node_modules/escape-string-regexp
3504 silly ADD node_modules/debug
3505 silly ADD node_modules/cross-spawn
3506 silly ADD node_modules/chalk
3507 silly ADD node_modules/ajv
3508 silly ADD node_modules/@types/estree
3509 silly ADD node_modules/@humanwhocodes/retry
3510 silly ADD node_modules/@humanwhocodes/module-importer
3511 silly ADD node_modules/@humanfs/node
3512 silly ADD node_modules/@eslint/plugin-kit
3513 silly ADD node_modules/@eslint/js
3514 silly ADD node_modules/@eslint/eslintrc
3515 silly ADD node_modules/@eslint/core
3516 silly ADD node_modules/@eslint/config-helpers
3517 silly ADD node_modules/@eslint/config-array
3518 silly ADD node_modules/@eslint-community/regexpp
3519 silly ADD node_modules/@eslint-community/eslint-utils
3520 silly ADD node_modules/@eslint-community/eslint-utils/node_modules/eslint-visitor-keys
3521 silly ADD node_modules/tapable
3522 silly ADD node_modules/graceful-fs
3523 silly ADD node_modules/csstype
3524 silly ADD node_modules/undici-types
3525 silly ADD
3526 silly ADD
3527 silly ADD
3528 silly ADD
3529 silly ADD
3530 silly ADD
3531 silly ADD
3532 silly ADD
3533 silly ADD
3534 silly ADD
3535 silly ADD node_modules/@tailwindcss/oxide-darwin-arm64
3536 silly ADD
3537 silly ADD node_modules/@jridgewell/resolve-uri
3538 silly ADD node_modules/@jridgewell/sourcemap-codec
3539 silly ADD node_modules/@jridgewell/trace-mapping
3540 silly ADD node_modules/@jridgewell/gen-mapping
3541 silly ADD node_modules/source-map-js
3542 silly ADD node_modules/magic-string
3543 silly ADD node_modules/lightningcss
3544 silly ADD node_modules/jiti
3545 silly ADD node_modules/enhanced-resolve
3546 silly ADD node_modules/@jridgewell/remapping
3547 silly ADD node_modules/postcss
3548 silly ADD node_modules/@tailwindcss/oxide
3549 silly ADD node_modules/@tailwindcss/node
3550 silly ADD node_modules/@alloc/quick-lru
3551 silly ADD node_modules/typescript
3552 silly ADD node_modules/tailwindcss
3553 silly ADD node_modules/react-dom
3554 silly ADD node_modules/react
3555 silly ADD node_modules/next
3556 silly ADD node_modules/next/node_modules/postcss
3557 silly ADD node_modules/eslint-config-next
3558 silly ADD node_modules/eslint-config-next/node_modules/globals
3559 silly ADD node_modules/eslint
3560 silly ADD node_modules/@types/react-dom
3561 silly ADD node_modules/@types/react
3562 silly ADD node_modules/@types/node
3563 silly ADD node_modules/@tailwindcss/postcss
3564 timing command:install Completed in 28626ms
3565 notice
3565 notice New [31mmajor[39m version of npm available! [31m9.8.1[39m -> [32m11.7.0[39m
3565 notice Changelog: [36mhttps://github.com/npm/cli/releases/tag/v11.7.0[39m
3565 notice Run [32mnpm install -g npm@11.7.0[39m to update!
3565 notice
3566 verbose exit 0
3567 timing npm Completed in 28720ms
3568 info ok
